{
    "confidence_score": 0.9448545575141907,
    "ptm": 0.9606704115867615,
    "iptm": 0.9426860809326172,
    "ligand_iptm": 0.9426860809326172,
    "protein_iptm": 0.0,
    "complex_plddt": 0.9453967213630676,
    "complex_iplddt": 0.8876628279685974,
    "complex_pde": 0.3405335545539856,
    "complex_ipde": 0.5732565522193909,
    "chains_ptm": {
        "0": 0.9651052355766296,
        "1": 0.9266506433486938
    },
    "pair_chains_iptm": {
        "0": {
            "0": 0.9651052355766296,
            "1": 0.7140526175498962
        },
        "1": {
            "0": 0.9426860809326172,
            "1": 0.9266506433486938
        }
    }
}