{
    "affinity_pred_value": 0.7835322618484497,
    "affinity_probability_binary": 0.4722885489463806,
    "affinity_pred_value1": 0.621504008769989,
    "affinity_probability_binary1": 0.4353927671909332,
    "affinity_pred_value2": 0.9455605745315552,
    "affinity_probability_binary2": 0.5091843605041504
}