{
    "affinity_pred_value": 1.4459431171417236,
    "affinity_probability_binary": 0.18914645910263062,
    "affinity_pred_value1": 1.9682992696762085,
    "affinity_probability_binary1": 0.12520340085029602,
    "affinity_pred_value2": 0.9235868453979492,
    "affinity_probability_binary2": 0.2530895173549652
}