{
    "affinity_pred_value": 1.0540213584899902,
    "affinity_probability_binary": 0.21822217106819153,
    "affinity_pred_value1": 0.9828823804855347,
    "affinity_probability_binary1": 0.2471466213464737,
    "affinity_pred_value2": 1.1251603364944458,
    "affinity_probability_binary2": 0.18929770588874817
}