{
    "confidence_score": 0.9603153467178345,
    "ptm": 0.9550111889839172,
    "iptm": 0.9384710192680359,
    "ligand_iptm": 0.9384710192680359,
    "protein_iptm": 0.0,
    "complex_plddt": 0.9657763838768005,
    "complex_iplddt": 0.9566482901573181,
    "complex_pde": 0.3591844439506531,
    "complex_ipde": 0.5814422965049744,
    "chains_ptm": {
        "0": 0.9614694118499756,
        "1": 0.9189042448997498
    },
    "pair_chains_iptm": {
        "0": {
            "0": 0.9614694118499756,
            "1": 0.6398035287857056
        },
        "1": {
            "0": 0.9384710192680359,
            "1": 0.9189042448997498
        }
    }
}