{
    "affinity_pred_value": 1.5040674209594727,
    "affinity_probability_binary": 0.31251826882362366,
    "affinity_pred_value1": 1.7825793027877808,
    "affinity_probability_binary1": 0.2285573035478592,
    "affinity_pred_value2": 1.225555658340454,
    "affinity_probability_binary2": 0.3964792490005493
}