{
    "confidence_score": 0.9460974931716919,
    "ptm": 0.9471526145935059,
    "iptm": 0.9563134908676147,
    "ligand_iptm": 0.9563134908676147,
    "protein_iptm": 0.0,
    "complex_plddt": 0.9435434937477112,
    "complex_iplddt": 0.940637469291687,
    "complex_pde": 0.3856050670146942,
    "complex_ipde": 0.526567280292511,
    "chains_ptm": {
        "0": 0.9472151398658752,
        "1": 0.9290384650230408
    },
    "pair_chains_iptm": {
        "0": {
            "0": 0.9472151398658752,
            "1": 0.6961140036582947
        },
        "1": {
            "0": 0.9563134908676147,
            "1": 0.9290384650230408
        }
    }
}