{
    "affinity_pred_value": 0.26152098178863525,
    "affinity_probability_binary": 0.025684837251901627,
    "affinity_pred_value1": -0.007527027279138565,
    "affinity_probability_binary1": 0.018632400780916214,
    "affinity_pred_value2": 0.5305690169334412,
    "affinity_probability_binary2": 0.03273727372288704
}