{
    "confidence_score": 0.9456068277359009,
    "ptm": 0.9766144156455994,
    "iptm": 0.9394616484642029,
    "ligand_iptm": 0.9394616484642029,
    "protein_iptm": 0.0,
    "complex_plddt": 0.9471430778503418,
    "complex_iplddt": 0.874671995639801,
    "complex_pde": 0.3829021155834198,
    "complex_ipde": 1.001110315322876,
    "chains_ptm": {
        "0": 0.9803469181060791,
        "1": 0.9216138124465942
    },
    "pair_chains_iptm": {
        "0": {
            "0": 0.9803469181060791,
            "1": 0.5879790782928467
        },
        "1": {
            "0": 0.9394616484642029,
            "1": 0.9216138124465942
        }
    }
}