{
    "confidence_score": 0.8920386433601379,
    "ptm": 0.9238414168357849,
    "iptm": 0.8051329255104065,
    "ligand_iptm": 0.8051329255104065,
    "protein_iptm": 0.0,
    "complex_plddt": 0.913765013217926,
    "complex_iplddt": 0.780532717704773,
    "complex_pde": 0.5588920712471008,
    "complex_ipde": 1.2928805351257324,
    "chains_ptm": {
        "0": 0.9428253173828125,
        "1": 0.8975111842155457
    },
    "pair_chains_iptm": {
        "0": {
            "0": 0.9428253173828125,
            "1": 0.38965311646461487
        },
        "1": {
            "0": 0.8051329255104065,
            "1": 0.8975111842155457
        }
    }
}