{
    "affinity_pred_value": 1.8918828964233398,
    "affinity_probability_binary": 0.1414581686258316,
    "affinity_pred_value1": 1.9992202520370483,
    "affinity_probability_binary1": 0.06433015316724777,
    "affinity_pred_value2": 1.784545660018921,
    "affinity_probability_binary2": 0.21858617663383484
}