{
    "confidence_score": 0.9503151774406433,
    "ptm": 0.932973325252533,
    "iptm": 0.920935869216919,
    "ligand_iptm": 0.920935869216919,
    "protein_iptm": 0.0,
    "complex_plddt": 0.9576600193977356,
    "complex_iplddt": 0.9315589070320129,
    "complex_pde": 0.39132943749427795,
    "complex_ipde": 0.6530696749687195,
    "chains_ptm": {
        "0": 0.9421150088310242,
        "1": 0.9308205842971802
    },
    "pair_chains_iptm": {
        "0": {
            "0": 0.9421150088310242,
            "1": 0.6292607188224792
        },
        "1": {
            "0": 0.920935869216919,
            "1": 0.9308205842971802
        }
    }
}