{
    "affinity_pred_value": 1.0298678874969482,
    "affinity_probability_binary": 0.29086005687713623,
    "affinity_pred_value1": 1.1544313430786133,
    "affinity_probability_binary1": 0.2646067142486572,
    "affinity_pred_value2": 0.905304491519928,
    "affinity_probability_binary2": 0.31711336970329285
}