{
    "confidence_score": 0.8748918771743774,
    "ptm": 0.94587242603302,
    "iptm": 0.8824290633201599,
    "ligand_iptm": 0.8824290633201599,
    "protein_iptm": 0.0,
    "complex_plddt": 0.8730075359344482,
    "complex_iplddt": 0.7144894599914551,
    "complex_pde": 0.3906157612800598,
    "complex_ipde": 0.805664598941803,
    "chains_ptm": {
        "0": 0.9613810181617737,
        "1": 0.8273535370826721
    },
    "pair_chains_iptm": {
        "0": {
            "0": 0.9613810181617737,
            "1": 0.45163655281066895
        },
        "1": {
            "0": 0.8824290633201599,
            "1": 0.8273535370826721
        }
    }
}