{
    "affinity_pred_value": 1.6699485778808594,
    "affinity_probability_binary": 0.13909998536109924,
    "affinity_pred_value1": 1.8317463397979736,
    "affinity_probability_binary1": 0.12340298295021057,
    "affinity_pred_value2": 1.5081506967544556,
    "affinity_probability_binary2": 0.1547970026731491
}