{
    "affinity_pred_value": 1.139070987701416,
    "affinity_probability_binary": 0.09829732775688171,
    "affinity_pred_value1": 0.7497128248214722,
    "affinity_probability_binary1": 0.04597059637308121,
    "affinity_pred_value2": 1.5284291505813599,
    "affinity_probability_binary2": 0.15062406659126282
}