{
    "confidence_score": 0.8051374554634094,
    "ptm": 0.8462715148925781,
    "iptm": 0.6409909129142761,
    "ligand_iptm": 0.6409909129142761,
    "protein_iptm": 0.0,
    "complex_plddt": 0.8461740612983704,
    "complex_iplddt": 0.6430607438087463,
    "complex_pde": 0.7603088021278381,
    "complex_ipde": 1.81829833984375,
    "chains_ptm": {
        "0": 0.9301942586898804,
        "1": 0.7338433265686035
    },
    "pair_chains_iptm": {
        "0": {
            "0": 0.9301942586898804,
            "1": 0.33915722370147705
        },
        "1": {
            "0": 0.6409909129142761,
            "1": 0.7338433265686035
        }
    }
}