{
    "affinity_pred_value": 0.9140790104866028,
    "affinity_probability_binary": 0.12741972506046295,
    "affinity_pred_value1": 0.08556517958641052,
    "affinity_probability_binary1": 0.09948931634426117,
    "affinity_pred_value2": 1.7425928115844727,
    "affinity_probability_binary2": 0.15535013377666473
}