{
    "confidence_score": 0.9274012446403503,
    "ptm": 0.9465193748474121,
    "iptm": 0.922193706035614,
    "ligand_iptm": 0.922193706035614,
    "protein_iptm": 0.0,
    "complex_plddt": 0.9287031292915344,
    "complex_iplddt": 0.8828980922698975,
    "complex_pde": 0.4061449468135834,
    "complex_ipde": 0.6438990235328674,
    "chains_ptm": {
        "0": 0.9528017640113831,
        "1": 0.8583593368530273
    },
    "pair_chains_iptm": {
        "0": {
            "0": 0.9528017640113831,
            "1": 0.5465275645256042
        },
        "1": {
            "0": 0.922193706035614,
            "1": 0.8583593368530273
        }
    }
}