{
    "confidence_score": 0.7834839820861816,
    "ptm": 0.879757821559906,
    "iptm": 0.6008267998695374,
    "ligand_iptm": 0.6008267998695374,
    "protein_iptm": 0.0,
    "complex_plddt": 0.8291482925415039,
    "complex_iplddt": 0.6170523762702942,
    "complex_pde": 1.0198546648025513,
    "complex_ipde": 3.3463451862335205,
    "chains_ptm": {
        "0": 0.9612181782722473,
        "1": 0.6232813000679016
    },
    "pair_chains_iptm": {
        "0": {
            "0": 0.9612181782722473,
            "1": 0.263097882270813
        },
        "1": {
            "0": 0.6008267998695374,
            "1": 0.6232813000679016
        }
    }
}