{
    "affinity_pred_value": 0.53993821144104,
    "affinity_probability_binary": 0.9296507835388184,
    "affinity_pred_value1": 0.900891900062561,
    "affinity_probability_binary1": 0.939231276512146,
    "affinity_pred_value2": 0.17898447811603546,
    "affinity_probability_binary2": 0.9200703501701355
}