{
    "affinity_pred_value": 1.2368535995483398,
    "affinity_probability_binary": 0.2203597128391266,
    "affinity_pred_value1": 1.1180262565612793,
    "affinity_probability_binary1": 0.14973004162311554,
    "affinity_pred_value2": 1.3556808233261108,
    "affinity_probability_binary2": 0.29098936915397644
}