{
    "affinity_pred_value": 0.8985676765441895,
    "affinity_probability_binary": 0.43572622537612915,
    "affinity_pred_value1": 1.0230029821395874,
    "affinity_probability_binary1": 0.3802410066127777,
    "affinity_pred_value2": 0.7741324305534363,
    "affinity_probability_binary2": 0.491211473941803
}