{
    "confidence_score": 0.963676393032074,
    "ptm": 0.9645591974258423,
    "iptm": 0.9735976457595825,
    "ligand_iptm": 0.9735976457595825,
    "protein_iptm": 0.0,
    "complex_plddt": 0.9611960649490356,
    "complex_iplddt": 0.9582445025444031,
    "complex_pde": 0.2971232235431671,
    "complex_ipde": 0.3588842749595642,
    "chains_ptm": {
        "0": 0.9629812836647034,
        "1": 0.9516746401786804
    },
    "pair_chains_iptm": {
        "0": {
            "0": 0.9629812836647034,
            "1": 0.7669011354446411
        },
        "1": {
            "0": 0.9735976457595825,
            "1": 0.9516746401786804
        }
    }
}