{
    "affinity_pred_value": 1.9422826766967773,
    "affinity_probability_binary": 0.27159154415130615,
    "affinity_pred_value1": 2.035295009613037,
    "affinity_probability_binary1": 0.2256067395210266,
    "affinity_pred_value2": 1.8492703437805176,
    "affinity_probability_binary2": 0.3175763189792633
}