{
    "confidence_score": 0.9126049280166626,
    "ptm": 0.9214391708374023,
    "iptm": 0.8552486300468445,
    "ligand_iptm": 0.8552486300468445,
    "protein_iptm": 0.0,
    "complex_plddt": 0.9269439578056335,
    "complex_iplddt": 0.8840848207473755,
    "complex_pde": 0.5534256100654602,
    "complex_ipde": 1.146878719329834,
    "chains_ptm": {
        "0": 0.9400198459625244,
        "1": 0.8066540956497192
    },
    "pair_chains_iptm": {
        "0": {
            "0": 0.9400198459625244,
            "1": 0.4690015912055969
        },
        "1": {
            "0": 0.8552486300468445,
            "1": 0.8066540956497192
        }
    }
}