{
    "affinity_pred_value": 1.5382307767868042,
    "affinity_probability_binary": 0.1519523561000824,
    "affinity_pred_value1": 1.5067263841629028,
    "affinity_probability_binary1": 0.20758283138275146,
    "affinity_pred_value2": 1.5697351694107056,
    "affinity_probability_binary2": 0.09632188826799393
}