{
    "confidence_score": 0.9363420605659485,
    "ptm": 0.9415566325187683,
    "iptm": 0.892532467842102,
    "ligand_iptm": 0.892532467842102,
    "protein_iptm": 0.0,
    "complex_plddt": 0.9472944736480713,
    "complex_iplddt": 0.9275411367416382,
    "complex_pde": 0.3746824860572815,
    "complex_ipde": 0.7679691314697266,
    "chains_ptm": {
        "0": 0.9547780752182007,
        "1": 0.9180015921592712
    },
    "pair_chains_iptm": {
        "0": {
            "0": 0.9547780752182007,
            "1": 0.5485486388206482
        },
        "1": {
            "0": 0.892532467842102,
            "1": 0.9180015921592712
        }
    }
}