{
    "affinity_pred_value": 1.33705735206604,
    "affinity_probability_binary": 0.12669900059700012,
    "affinity_pred_value1": 1.2556935548782349,
    "affinity_probability_binary1": 0.09467387944459915,
    "affinity_pred_value2": 1.4184212684631348,
    "affinity_probability_binary2": 0.1587241291999817
}