{
    "confidence_score": 0.9247261881828308,
    "ptm": 0.9477475881576538,
    "iptm": 0.8821362853050232,
    "ligand_iptm": 0.8821362853050232,
    "protein_iptm": 0.0,
    "complex_plddt": 0.9353737235069275,
    "complex_iplddt": 0.8400626182556152,
    "complex_pde": 0.40345653891563416,
    "complex_ipde": 0.8802472352981567,
    "chains_ptm": {
        "0": 0.957900881767273,
        "1": 0.9158729910850525
    },
    "pair_chains_iptm": {
        "0": {
            "0": 0.957900881767273,
            "1": 0.4966399669647217
        },
        "1": {
            "0": 0.8821362853050232,
            "1": 0.9158729910850525
        }
    }
}