{
    "affinity_pred_value": 1.505286693572998,
    "affinity_probability_binary": 0.1861778199672699,
    "affinity_pred_value1": 1.7910903692245483,
    "affinity_probability_binary1": 0.19261126220226288,
    "affinity_pred_value2": 1.2194830179214478,
    "affinity_probability_binary2": 0.17974436283111572
}