{
    "confidence_score": 0.9519084095954895,
    "ptm": 0.960507869720459,
    "iptm": 0.9284237027168274,
    "ligand_iptm": 0.9284237027168274,
    "protein_iptm": 0.0,
    "complex_plddt": 0.957779586315155,
    "complex_iplddt": 0.9381448030471802,
    "complex_pde": 0.353453129529953,
    "complex_ipde": 0.7228747010231018,
    "chains_ptm": {
        "0": 0.9678067564964294,
        "1": 0.9269155859947205
    },
    "pair_chains_iptm": {
        "0": {
            "0": 0.9678067564964294,
            "1": 0.579756498336792
        },
        "1": {
            "0": 0.9284237027168274,
            "1": 0.9269155859947205
        }
    }
}