{
    "affinity_pred_value": 0.4988028407096863,
    "affinity_probability_binary": 0.3243337869644165,
    "affinity_pred_value1": 0.32764971256256104,
    "affinity_probability_binary1": 0.2705138921737671,
    "affinity_pred_value2": 0.6699559688568115,
    "affinity_probability_binary2": 0.3781537115573883
}