{
    "affinity_pred_value": 1.7085158824920654,
    "affinity_probability_binary": 0.2322007119655609,
    "affinity_pred_value1": 1.4089219570159912,
    "affinity_probability_binary1": 0.2773144245147705,
    "affinity_pred_value2": 2.0081098079681396,
    "affinity_probability_binary2": 0.18708698451519012
}