{
    "confidence_score": 0.8791160583496094,
    "ptm": 0.9483014941215515,
    "iptm": 0.8432612419128418,
    "ligand_iptm": 0.8432612419128418,
    "protein_iptm": 0.0,
    "complex_plddt": 0.888079822063446,
    "complex_iplddt": 0.6957521438598633,
    "complex_pde": 0.38087350130081177,
    "complex_ipde": 1.0556318759918213,
    "chains_ptm": {
        "0": 0.9734708666801453,
        "1": 0.9142756462097168
    },
    "pair_chains_iptm": {
        "0": {
            "0": 0.9734708666801453,
            "1": 0.4630482792854309
        },
        "1": {
            "0": 0.8432612419128418,
            "1": 0.9142756462097168
        }
    }
}