{
    "affinity_pred_value": 0.9763017892837524,
    "affinity_probability_binary": 0.16534504294395447,
    "affinity_pred_value1": 1.247214436531067,
    "affinity_probability_binary1": 0.20206844806671143,
    "affinity_pred_value2": 0.7053892016410828,
    "affinity_probability_binary2": 0.1286216527223587
}