{
    "confidence_score": 0.9451924562454224,
    "ptm": 0.9553298950195312,
    "iptm": 0.947468638420105,
    "ligand_iptm": 0.947468638420105,
    "protein_iptm": 0.0,
    "complex_plddt": 0.9446233510971069,
    "complex_iplddt": 0.920907199382782,
    "complex_pde": 0.3279566168785095,
    "complex_ipde": 0.506963312625885,
    "chains_ptm": {
        "0": 0.9609903693199158,
        "1": 0.9182406663894653
    },
    "pair_chains_iptm": {
        "0": {
            "0": 0.9609903693199158,
            "1": 0.6722719669342041
        },
        "1": {
            "0": 0.947468638420105,
            "1": 0.9182406663894653
        }
    }
}