{
    "affinity_pred_value": 0.3031730055809021,
    "affinity_probability_binary": 0.5340561270713806,
    "affinity_pred_value1": -0.160273939371109,
    "affinity_probability_binary1": 0.6626987457275391,
    "affinity_pred_value2": 0.7666199803352356,
    "affinity_probability_binary2": 0.4054134786128998
}