{
    "affinity_pred_value": 1.2370812892913818,
    "affinity_probability_binary": 0.28998005390167236,
    "affinity_pred_value1": 1.2992998361587524,
    "affinity_probability_binary1": 0.24514135718345642,
    "affinity_pred_value2": 1.1748627424240112,
    "affinity_probability_binary2": 0.3348187208175659
}