{
    "confidence_score": 0.8497347235679626,
    "ptm": 0.8665819764137268,
    "iptm": 0.6865925788879395,
    "ligand_iptm": 0.6865925788879395,
    "protein_iptm": 0.0,
    "complex_plddt": 0.8905202150344849,
    "complex_iplddt": 0.7623468637466431,
    "complex_pde": 0.741624653339386,
    "complex_ipde": 1.7479673624038696,
    "chains_ptm": {
        "0": 0.9201592803001404,
        "1": 0.7461388111114502
    },
    "pair_chains_iptm": {
        "0": {
            "0": 0.9201592803001404,
            "1": 0.29390695691108704
        },
        "1": {
            "0": 0.6865925788879395,
            "1": 0.7461388111114502
        }
    }
}