{
    "affinity_pred_value": 1.335909128189087,
    "affinity_probability_binary": 0.22090187668800354,
    "affinity_pred_value1": 1.5479992628097534,
    "affinity_probability_binary1": 0.2051151990890503,
    "affinity_pred_value2": 1.1238188743591309,
    "affinity_probability_binary2": 0.2366885542869568
}