{
    "affinity_pred_value": 0.08136960864067078,
    "affinity_probability_binary": 0.22951319813728333,
    "affinity_pred_value1": 0.4094763398170471,
    "affinity_probability_binary1": 0.16013751924037933,
    "affinity_pred_value2": -0.24673712253570557,
    "affinity_probability_binary2": 0.2988888621330261
}