{
    "affinity_pred_value": 1.1263225078582764,
    "affinity_probability_binary": 0.22888538241386414,
    "affinity_pred_value1": 0.9043896198272705,
    "affinity_probability_binary1": 0.2721008062362671,
    "affinity_pred_value2": 1.3482553958892822,
    "affinity_probability_binary2": 0.18566995859146118
}