{
    "confidence_score": 0.9419264197349548,
    "ptm": 0.962079644203186,
    "iptm": 0.9226664304733276,
    "ligand_iptm": 0.9226664304733276,
    "protein_iptm": 0.0,
    "complex_plddt": 0.9467414021492004,
    "complex_iplddt": 0.8949899673461914,
    "complex_pde": 0.3330809772014618,
    "complex_ipde": 0.5068774819374084,
    "chains_ptm": {
        "0": 0.974524736404419,
        "1": 0.887471616268158
    },
    "pair_chains_iptm": {
        "0": {
            "0": 0.974524736404419,
            "1": 0.6183269619941711
        },
        "1": {
            "0": 0.9226664304733276,
            "1": 0.887471616268158
        }
    }
}