{
    "confidence_score": 0.9673059582710266,
    "ptm": 0.969615638256073,
    "iptm": 0.9591884613037109,
    "ligand_iptm": 0.9591884613037109,
    "protein_iptm": 0.0,
    "complex_plddt": 0.9693352580070496,
    "complex_iplddt": 0.9413326382637024,
    "complex_pde": 0.30263760685920715,
    "complex_ipde": 0.4167270362377167,
    "chains_ptm": {
        "0": 0.9720745086669922,
        "1": 0.9361820220947266
    },
    "pair_chains_iptm": {
        "0": {
            "0": 0.9720745086669922,
            "1": 0.6722168922424316
        },
        "1": {
            "0": 0.9591884613037109,
            "1": 0.9361820220947266
        }
    }
}