{
    "confidence_score": 0.9229155778884888,
    "ptm": 0.9566977024078369,
    "iptm": 0.8928872346878052,
    "ligand_iptm": 0.8928872346878052,
    "protein_iptm": 0.0,
    "complex_plddt": 0.9304226040840149,
    "complex_iplddt": 0.8247063159942627,
    "complex_pde": 0.41513481736183167,
    "complex_ipde": 0.7909680604934692,
    "chains_ptm": {
        "0": 0.9710983037948608,
        "1": 0.8200886249542236
    },
    "pair_chains_iptm": {
        "0": {
            "0": 0.9710983037948608,
            "1": 0.5390951633453369
        },
        "1": {
            "0": 0.8928872346878052,
            "1": 0.8200886249542236
        }
    }
}