{
    "confidence_score": 0.9685460925102234,
    "ptm": 0.9416205286979675,
    "iptm": 0.9526646137237549,
    "ligand_iptm": 0.9526646137237549,
    "protein_iptm": 0.0,
    "complex_plddt": 0.9725164771080017,
    "complex_iplddt": 0.9705491065979004,
    "complex_pde": 0.32986199855804443,
    "complex_ipde": 0.42407122254371643,
    "chains_ptm": {
        "0": 0.9395109415054321,
        "1": 0.9205541610717773
    },
    "pair_chains_iptm": {
        "0": {
            "0": 0.9395109415054321,
            "1": 0.7559608817100525
        },
        "1": {
            "0": 0.9526646137237549,
            "1": 0.9205541610717773
        }
    }
}