{
    "affinity_pred_value": 1.4792228937149048,
    "affinity_probability_binary": 0.21687796711921692,
    "affinity_pred_value1": 1.9972766637802124,
    "affinity_probability_binary1": 0.1599196046590805,
    "affinity_pred_value2": 0.9611690640449524,
    "affinity_probability_binary2": 0.2738363444805145
}