{
    "confidence_score": 0.9569233059883118,
    "ptm": 0.9598894119262695,
    "iptm": 0.9236987233161926,
    "ligand_iptm": 0.9236987233161926,
    "protein_iptm": 0.0,
    "complex_plddt": 0.9652294516563416,
    "complex_iplddt": 0.942469596862793,
    "complex_pde": 0.32456326484680176,
    "complex_ipde": 0.5459342002868652,
    "chains_ptm": {
        "0": 0.9724246263504028,
        "1": 0.91960608959198
    },
    "pair_chains_iptm": {
        "0": {
            "0": 0.9724246263504028,
            "1": 0.6142507791519165
        },
        "1": {
            "0": 0.9236987233161926,
            "1": 0.91960608959198
        }
    }
}