{
    "affinity_pred_value": 1.4216400384902954,
    "affinity_probability_binary": 0.15716923773288727,
    "affinity_pred_value1": 1.6435624361038208,
    "affinity_probability_binary1": 0.04643166810274124,
    "affinity_pred_value2": 1.19971764087677,
    "affinity_probability_binary2": 0.2679068148136139
}