{
    "confidence_score": 0.923901379108429,
    "ptm": 0.9605773687362671,
    "iptm": 0.9217893481254578,
    "ligand_iptm": 0.9217893481254578,
    "protein_iptm": 0.0,
    "complex_plddt": 0.9244294166564941,
    "complex_iplddt": 0.822245180606842,
    "complex_pde": 0.37412258982658386,
    "complex_ipde": 0.6955092549324036,
    "chains_ptm": {
        "0": 0.9706271886825562,
        "1": 0.906510591506958
    },
    "pair_chains_iptm": {
        "0": {
            "0": 0.9706271886825562,
            "1": 0.6148021817207336
        },
        "1": {
            "0": 0.9217893481254578,
            "1": 0.906510591506958
        }
    }
}