{
    "affinity_pred_value": 1.0404528379440308,
    "affinity_probability_binary": 0.5412943363189697,
    "affinity_pred_value1": 0.8233697414398193,
    "affinity_probability_binary1": 0.6773561239242554,
    "affinity_pred_value2": 1.2575359344482422,
    "affinity_probability_binary2": 0.4052325189113617
}