{
    "affinity_pred_value": 1.3193042278289795,
    "affinity_probability_binary": 0.5207637548446655,
    "affinity_pred_value1": 1.8824024200439453,
    "affinity_probability_binary1": 0.3625836968421936,
    "affinity_pred_value2": 0.7562059760093689,
    "affinity_probability_binary2": 0.6789438724517822
}