{
    "confidence_score": 0.9395524263381958,
    "ptm": 0.9442330002784729,
    "iptm": 0.910636842250824,
    "ligand_iptm": 0.910636842250824,
    "protein_iptm": 0.0,
    "complex_plddt": 0.9467813372612,
    "complex_iplddt": 0.9021156430244446,
    "complex_pde": 0.3523997664451599,
    "complex_ipde": 0.576252281665802,
    "chains_ptm": {
        "0": 0.9562877416610718,
        "1": 0.915875256061554
    },
    "pair_chains_iptm": {
        "0": {
            "0": 0.9562877416610718,
            "1": 0.5957527756690979
        },
        "1": {
            "0": 0.910636842250824,
            "1": 0.915875256061554
        }
    }
}