{
    "affinity_pred_value": 1.32466721534729,
    "affinity_probability_binary": 0.13845327496528625,
    "affinity_pred_value1": 1.4664865732192993,
    "affinity_probability_binary1": 0.04535320773720741,
    "affinity_pred_value2": 1.1828478574752808,
    "affinity_probability_binary2": 0.2315533459186554
}