{
    "confidence_score": 0.8685808181762695,
    "ptm": 0.8858199119567871,
    "iptm": 0.7789160013198853,
    "ligand_iptm": 0.7789160013198853,
    "protein_iptm": 0.0,
    "complex_plddt": 0.8909969925880432,
    "complex_iplddt": 0.7900803685188293,
    "complex_pde": 0.5702458620071411,
    "complex_ipde": 1.2267216444015503,
    "chains_ptm": {
        "0": 0.9140718579292297,
        "1": 0.8647171258926392
    },
    "pair_chains_iptm": {
        "0": {
            "0": 0.9140718579292297,
            "1": 0.4117414951324463
        },
        "1": {
            "0": 0.7789160013198853,
            "1": 0.8647171258926392
        }
    }
}