{
    "affinity_pred_value": 1.6446526050567627,
    "affinity_probability_binary": 0.21584752202033997,
    "affinity_pred_value1": 2.088852882385254,
    "affinity_probability_binary1": 0.09918852150440216,
    "affinity_pred_value2": 1.2004523277282715,
    "affinity_probability_binary2": 0.3325065076351166
}