{
    "affinity_pred_value": 1.0771763324737549,
    "affinity_probability_binary": 0.17407745122909546,
    "affinity_pred_value1": 0.9435545206069946,
    "affinity_probability_binary1": 0.11722646653652191,
    "affinity_pred_value2": 1.2107980251312256,
    "affinity_probability_binary2": 0.2309284210205078
}