{
    "confidence_score": 0.8143911361694336,
    "ptm": 0.8878863453865051,
    "iptm": 0.7498820424079895,
    "ligand_iptm": 0.7498820424079895,
    "protein_iptm": 0.0,
    "complex_plddt": 0.8305184245109558,
    "complex_iplddt": 0.6808269619941711,
    "complex_pde": 0.7893641591072083,
    "complex_ipde": 1.512844204902649,
    "chains_ptm": {
        "0": 0.9358471035957336,
        "1": 0.7287960052490234
    },
    "pair_chains_iptm": {
        "0": {
            "0": 0.9358471035957336,
            "1": 0.3905690908432007
        },
        "1": {
            "0": 0.7498820424079895,
            "1": 0.7287960052490234
        }
    }
}