{
    "affinity_pred_value": 0.37673962116241455,
    "affinity_probability_binary": 0.5376552939414978,
    "affinity_pred_value1": 0.5781872272491455,
    "affinity_probability_binary1": 0.6231480836868286,
    "affinity_pred_value2": 0.17529204487800598,
    "affinity_probability_binary2": 0.4521625339984894
}