{
    "affinity_pred_value": 1.6627511978149414,
    "affinity_probability_binary": 0.18325918912887573,
    "affinity_pred_value1": 1.1216851472854614,
    "affinity_probability_binary1": 0.22152763605117798,
    "affinity_pred_value2": 2.203817367553711,
    "affinity_probability_binary2": 0.14499075710773468
}