{
    "affinity_pred_value": 0.05923814699053764,
    "affinity_probability_binary": 0.5172919034957886,
    "affinity_pred_value1": -0.07936158031225204,
    "affinity_probability_binary1": 0.47445225715637207,
    "affinity_pred_value2": 0.19783787429332733,
    "affinity_probability_binary2": 0.5601314902305603
}