{
    "confidence_score": 0.7367796301841736,
    "ptm": 0.9253507852554321,
    "iptm": 0.9194358587265015,
    "ligand_iptm": 0.9194358587265015,
    "protein_iptm": 0.0,
    "complex_plddt": 0.6911155581474304,
    "complex_iplddt": 0.5947216153144836,
    "complex_pde": 0.4446086287498474,
    "complex_ipde": 0.7052159905433655,
    "chains_ptm": {
        "0": 0.9270923733711243,
        "1": 0.911815881729126
    },
    "pair_chains_iptm": {
        "0": {
            "0": 0.9270923733711243,
            "1": 0.6462220549583435
        },
        "1": {
            "0": 0.9194358587265015,
            "1": 0.911815881729126
        }
    }
}