{
    "affinity_pred_value": 1.2767510414123535,
    "affinity_probability_binary": 0.20234259963035583,
    "affinity_pred_value1": 1.1929879188537598,
    "affinity_probability_binary1": 0.18276217579841614,
    "affinity_pred_value2": 1.3605140447616577,
    "affinity_probability_binary2": 0.22192300856113434
}