{
    "affinity_pred_value": 1.4430370330810547,
    "affinity_probability_binary": 0.3039211630821228,
    "affinity_pred_value1": 1.5122418403625488,
    "affinity_probability_binary1": 0.3231310248374939,
    "affinity_pred_value2": 1.373832106590271,
    "affinity_probability_binary2": 0.2847113013267517
}