{
    "confidence_score": 0.9596421122550964,
    "ptm": 0.9605445265769958,
    "iptm": 0.951161801815033,
    "ligand_iptm": 0.951161801815033,
    "protein_iptm": 0.0,
    "complex_plddt": 0.9617622494697571,
    "complex_iplddt": 0.9585393071174622,
    "complex_pde": 0.32269486784935,
    "complex_ipde": 0.44758641719818115,
    "chains_ptm": {
        "0": 0.963230550289154,
        "1": 0.9395780563354492
    },
    "pair_chains_iptm": {
        "0": {
            "0": 0.963230550289154,
            "1": 0.7026546597480774
        },
        "1": {
            "0": 0.951161801815033,
            "1": 0.9395780563354492
        }
    }
}