{
    "confidence_score": 0.8846374750137329,
    "ptm": 0.9464712738990784,
    "iptm": 0.8997637629508972,
    "ligand_iptm": 0.8997637629508972,
    "protein_iptm": 0.0,
    "complex_plddt": 0.880855917930603,
    "complex_iplddt": 0.7616511583328247,
    "complex_pde": 0.3484521806240082,
    "complex_ipde": 0.5989029407501221,
    "chains_ptm": {
        "0": 0.9633665680885315,
        "1": 0.9048011898994446
    },
    "pair_chains_iptm": {
        "0": {
            "0": 0.9633665680885315,
            "1": 0.5828823447227478
        },
        "1": {
            "0": 0.8997637629508972,
            "1": 0.9048011898994446
        }
    }
}