{
    "affinity_pred_value": 1.4083034992218018,
    "affinity_probability_binary": 0.44751521944999695,
    "affinity_pred_value1": 1.1953344345092773,
    "affinity_probability_binary1": 0.42097336053848267,
    "affinity_pred_value2": 1.6212726831436157,
    "affinity_probability_binary2": 0.47405707836151123
}