{
    "confidence_score": 0.9242815971374512,
    "ptm": 0.965072751045227,
    "iptm": 0.9521023631095886,
    "ligand_iptm": 0.9521023631095886,
    "protein_iptm": 0.0,
    "complex_plddt": 0.9173264503479004,
    "complex_iplddt": 0.8669968247413635,
    "complex_pde": 0.35273420810699463,
    "complex_ipde": 0.5449227690696716,
    "chains_ptm": {
        "0": 0.9707736372947693,
        "1": 0.939566433429718
    },
    "pair_chains_iptm": {
        "0": {
            "0": 0.9707736372947693,
            "1": 0.8011989593505859
        },
        "1": {
            "0": 0.9521023631095886,
            "1": 0.939566433429718
        }
    }
}