{
    "affinity_pred_value": 0.4983239769935608,
    "affinity_probability_binary": 0.28024232387542725,
    "affinity_pred_value1": -0.4912399351596832,
    "affinity_probability_binary1": 0.348687082529068,
    "affinity_pred_value2": 1.4878878593444824,
    "affinity_probability_binary2": 0.2117975652217865
}