{
    "confidence_score": 0.9664209485054016,
    "ptm": 0.9604073762893677,
    "iptm": 0.9526489973068237,
    "ligand_iptm": 0.9526489973068237,
    "protein_iptm": 0.0,
    "complex_plddt": 0.9698638916015625,
    "complex_iplddt": 0.9624494314193726,
    "complex_pde": 0.34561654925346375,
    "complex_ipde": 0.4729923605918884,
    "chains_ptm": {
        "0": 0.9646153450012207,
        "1": 0.8732927441596985
    },
    "pair_chains_iptm": {
        "0": {
            "0": 0.9646153450012207,
            "1": 0.5843674540519714
        },
        "1": {
            "0": 0.9526489973068237,
            "1": 0.8732927441596985
        }
    }
}