{
    "confidence_score": 0.8589965105056763,
    "ptm": 0.9439771175384521,
    "iptm": 0.8965088129043579,
    "ligand_iptm": 0.8965088129043579,
    "protein_iptm": 0.0,
    "complex_plddt": 0.8496184349060059,
    "complex_iplddt": 0.6690914630889893,
    "complex_pde": 0.46798908710479736,
    "complex_ipde": 0.8251835107803345,
    "chains_ptm": {
        "0": 0.9587212204933167,
        "1": 0.8769930601119995
    },
    "pair_chains_iptm": {
        "0": {
            "0": 0.9587212204933167,
            "1": 0.6202543377876282
        },
        "1": {
            "0": 0.8965088129043579,
            "1": 0.8769930601119995
        }
    }
}