{
    "confidence_score": 0.8485774993896484,
    "ptm": 0.9317980408668518,
    "iptm": 0.7741963863372803,
    "ligand_iptm": 0.7741963863372803,
    "protein_iptm": 0.0,
    "complex_plddt": 0.8671728372573853,
    "complex_iplddt": 0.6165012121200562,
    "complex_pde": 0.46205148100852966,
    "complex_ipde": 1.5973899364471436,
    "chains_ptm": {
        "0": 0.9637219309806824,
        "1": 0.9109267592430115
    },
    "pair_chains_iptm": {
        "0": {
            "0": 0.9637219309806824,
            "1": 0.38607534766197205
        },
        "1": {
            "0": 0.7741963863372803,
            "1": 0.9109267592430115
        }
    }
}