{
    "affinity_pred_value": -0.17260272800922394,
    "affinity_probability_binary": 0.6923926472663879,
    "affinity_pred_value1": 0.16785910725593567,
    "affinity_probability_binary1": 0.6399652361869812,
    "affinity_pred_value2": -0.5130645632743835,
    "affinity_probability_binary2": 0.7448200583457947
}