{
    "confidence_score": 0.9703181385993958,
    "ptm": 0.915604829788208,
    "iptm": 0.9434449076652527,
    "ligand_iptm": 0.9434449076652527,
    "protein_iptm": 0.0,
    "complex_plddt": 0.9770364165306091,
    "complex_iplddt": 0.9754078388214111,
    "complex_pde": 0.3512636423110962,
    "complex_ipde": 0.47792381048202515,
    "chains_ptm": {
        "0": 0.9142098426818848,
        "1": 0.9137673377990723
    },
    "pair_chains_iptm": {
        "0": {
            "0": 0.9142098426818848,
            "1": 0.6906324028968811
        },
        "1": {
            "0": 0.9434449076652527,
            "1": 0.9137673377990723
        }
    }
}