{
    "confidence_score": 0.9018624424934387,
    "ptm": 0.9474961161613464,
    "iptm": 0.8594337105751038,
    "ligand_iptm": 0.8594337105751038,
    "protein_iptm": 0.0,
    "complex_plddt": 0.9124695658683777,
    "complex_iplddt": 0.8102623224258423,
    "complex_pde": 0.4019401967525482,
    "complex_ipde": 0.9035859107971191,
    "chains_ptm": {
        "0": 0.9733616709709167,
        "1": 0.9005053043365479
    },
    "pair_chains_iptm": {
        "0": {
            "0": 0.9733616709709167,
            "1": 0.49338865280151367
        },
        "1": {
            "0": 0.8594337105751038,
            "1": 0.9005053043365479
        }
    }
}