{
    "affinity_pred_value": 1.3079936504364014,
    "affinity_probability_binary": 0.23216336965560913,
    "affinity_pred_value1": 1.5783745050430298,
    "affinity_probability_binary1": 0.28311893343925476,
    "affinity_pred_value2": 1.0376129150390625,
    "affinity_probability_binary2": 0.1812077909708023
}