{
    "confidence_score": 0.9004096388816833,
    "ptm": 0.9400358200073242,
    "iptm": 0.8613837361335754,
    "ligand_iptm": 0.8613837361335754,
    "protein_iptm": 0.0,
    "complex_plddt": 0.9101660847663879,
    "complex_iplddt": 0.7869406342506409,
    "complex_pde": 0.41222095489501953,
    "complex_ipde": 0.8589633107185364,
    "chains_ptm": {
        "0": 0.9671264886856079,
        "1": 0.8973346948623657
    },
    "pair_chains_iptm": {
        "0": {
            "0": 0.9671264886856079,
            "1": 0.4878527522087097
        },
        "1": {
            "0": 0.8613837361335754,
            "1": 0.8973346948623657
        }
    }
}