{
    "affinity_pred_value": 1.240281581878662,
    "affinity_probability_binary": 0.3337569236755371,
    "affinity_pred_value1": 1.1881554126739502,
    "affinity_probability_binary1": 0.3320699632167816,
    "affinity_pred_value2": 1.292407751083374,
    "affinity_probability_binary2": 0.3354438543319702
}