{
    "confidence_score": 0.932957112789154,
    "ptm": 0.9490661025047302,
    "iptm": 0.9113335609436035,
    "ligand_iptm": 0.9113335609436035,
    "protein_iptm": 0.0,
    "complex_plddt": 0.9383630156517029,
    "complex_iplddt": 0.8590211868286133,
    "complex_pde": 0.43070733547210693,
    "complex_ipde": 0.8763051629066467,
    "chains_ptm": {
        "0": 0.955901563167572,
        "1": 0.9094602465629578
    },
    "pair_chains_iptm": {
        "0": {
            "0": 0.955901563167572,
            "1": 0.6155716776847839
        },
        "1": {
            "0": 0.9113335609436035,
            "1": 0.9094602465629578
        }
    }
}