{
    "affinity_pred_value": 1.8044352531433105,
    "affinity_probability_binary": 0.23061472177505493,
    "affinity_pred_value1": 1.7551196813583374,
    "affinity_probability_binary1": 0.1908646672964096,
    "affinity_pred_value2": 1.8537508249282837,
    "affinity_probability_binary2": 0.27036476135253906
}