{
    "affinity_pred_value": 1.6839348077774048,
    "affinity_probability_binary": 0.192661851644516,
    "affinity_pred_value1": 2.1577086448669434,
    "affinity_probability_binary1": 0.08118604123592377,
    "affinity_pred_value2": 1.2101609706878662,
    "affinity_probability_binary2": 0.3041376769542694
}