{
    "confidence_score": 0.9552106857299805,
    "ptm": 0.9527865648269653,
    "iptm": 0.9134927988052368,
    "ligand_iptm": 0.9134927988052368,
    "protein_iptm": 0.0,
    "complex_plddt": 0.9656401872634888,
    "complex_iplddt": 0.9547625780105591,
    "complex_pde": 0.37871500849723816,
    "complex_ipde": 0.7289772033691406,
    "chains_ptm": {
        "0": 0.9616561532020569,
        "1": 0.917288601398468
    },
    "pair_chains_iptm": {
        "0": {
            "0": 0.9616561532020569,
            "1": 0.5749045014381409
        },
        "1": {
            "0": 0.9134927988052368,
            "1": 0.917288601398468
        }
    }
}