{
    "confidence_score": 0.96088045835495,
    "ptm": 0.9484347701072693,
    "iptm": 0.9285190105438232,
    "ligand_iptm": 0.9285190105438232,
    "protein_iptm": 0.0,
    "complex_plddt": 0.968970775604248,
    "complex_iplddt": 0.9565394520759583,
    "complex_pde": 0.368291437625885,
    "complex_ipde": 0.535563051700592,
    "chains_ptm": {
        "0": 0.9562276601791382,
        "1": 0.8604555726051331
    },
    "pair_chains_iptm": {
        "0": {
            "0": 0.9562276601791382,
            "1": 0.5650753974914551
        },
        "1": {
            "0": 0.9285190105438232,
            "1": 0.8604555726051331
        }
    }
}