{
    "affinity_pred_value": 1.4172093868255615,
    "affinity_probability_binary": 0.2849501669406891,
    "affinity_pred_value1": 1.231676697731018,
    "affinity_probability_binary1": 0.23708157241344452,
    "affinity_pred_value2": 1.6027419567108154,
    "affinity_probability_binary2": 0.33281877636909485
}