{
    "confidence_score": 0.8787298202514648,
    "ptm": 0.919521689414978,
    "iptm": 0.8332735300064087,
    "ligand_iptm": 0.8332735300064087,
    "protein_iptm": 0.0,
    "complex_plddt": 0.8900939226150513,
    "complex_iplddt": 0.7778245806694031,
    "complex_pde": 0.5406030416488647,
    "complex_ipde": 1.1200507879257202,
    "chains_ptm": {
        "0": 0.9360269904136658,
        "1": 0.7954361438751221
    },
    "pair_chains_iptm": {
        "0": {
            "0": 0.9360269904136658,
            "1": 0.417366087436676
        },
        "1": {
            "0": 0.8332735300064087,
            "1": 0.7954361438751221
        }
    }
}