{
    "affinity_pred_value": 1.4717915058135986,
    "affinity_probability_binary": 0.1967504769563675,
    "affinity_pred_value1": 1.0826002359390259,
    "affinity_probability_binary1": 0.14688166975975037,
    "affinity_pred_value2": 1.8609826564788818,
    "affinity_probability_binary2": 0.24661928415298462
}