{
    "confidence_score": 0.9066759347915649,
    "ptm": 0.9394835829734802,
    "iptm": 0.850994348526001,
    "ligand_iptm": 0.850994348526001,
    "protein_iptm": 0.0,
    "complex_plddt": 0.9205963015556335,
    "complex_iplddt": 0.812219500541687,
    "complex_pde": 0.5147967338562012,
    "complex_ipde": 1.0042874813079834,
    "chains_ptm": {
        "0": 0.9661543369293213,
        "1": 0.8365983963012695
    },
    "pair_chains_iptm": {
        "0": {
            "0": 0.9661543369293213,
            "1": 0.5602494478225708
        },
        "1": {
            "0": 0.850994348526001,
            "1": 0.8365983963012695
        }
    }
}