{
    "confidence_score": 0.9116936922073364,
    "ptm": 0.8988741040229797,
    "iptm": 0.7712588906288147,
    "ligand_iptm": 0.7712588906288147,
    "protein_iptm": 0.0,
    "complex_plddt": 0.9468023777008057,
    "complex_iplddt": 0.8978765606880188,
    "complex_pde": 0.68233323097229,
    "complex_ipde": 1.2133169174194336,
    "chains_ptm": {
        "0": 0.9536188840866089,
        "1": 0.6891559362411499
    },
    "pair_chains_iptm": {
        "0": {
            "0": 0.9536188840866089,
            "1": 0.3931223452091217
        },
        "1": {
            "0": 0.7712588906288147,
            "1": 0.6891559362411499
        }
    }
}