{
    "affinity_pred_value": -1.2554932832717896,
    "affinity_probability_binary": 0.9694472551345825,
    "affinity_pred_value1": -1.278985619544983,
    "affinity_probability_binary1": 0.9992815852165222,
    "affinity_pred_value2": -1.2320009469985962,
    "affinity_probability_binary2": 0.9396129846572876
}