{
    "confidence_score": 0.9639599919319153,
    "ptm": 0.9494362473487854,
    "iptm": 0.9723566770553589,
    "ligand_iptm": 0.9723566770553589,
    "protein_iptm": 0.0,
    "complex_plddt": 0.9618608355522156,
    "complex_iplddt": 0.9610886573791504,
    "complex_pde": 0.31768012046813965,
    "complex_ipde": 0.3611733019351959,
    "chains_ptm": {
        "0": 0.9473113417625427,
        "1": 0.9315521717071533
    },
    "pair_chains_iptm": {
        "0": {
            "0": 0.9473113417625427,
            "1": 0.8098355531692505
        },
        "1": {
            "0": 0.9723566770553589,
            "1": 0.9315521717071533
        }
    }
}