{
    "affinity_pred_value": 1.9980477094650269,
    "affinity_probability_binary": 0.1753464788198471,
    "affinity_pred_value1": 2.489077568054199,
    "affinity_probability_binary1": 0.08881232142448425,
    "affinity_pred_value2": 1.5070178508758545,
    "affinity_probability_binary2": 0.26188063621520996
}