{
    "confidence_score": 0.8965523838996887,
    "ptm": 0.9512661099433899,
    "iptm": 0.8954667448997498,
    "ligand_iptm": 0.8954667448997498,
    "protein_iptm": 0.0,
    "complex_plddt": 0.8968238234519958,
    "complex_iplddt": 0.7219481468200684,
    "complex_pde": 0.37402641773223877,
    "complex_ipde": 0.7844542264938354,
    "chains_ptm": {
        "0": 0.9638051390647888,
        "1": 0.9362242817878723
    },
    "pair_chains_iptm": {
        "0": {
            "0": 0.9638051390647888,
            "1": 0.551696240901947
        },
        "1": {
            "0": 0.8954667448997498,
            "1": 0.9362242817878723
        }
    }
}