{
    "confidence_score": 0.8091585040092468,
    "ptm": 0.9181743860244751,
    "iptm": 0.7461597323417664,
    "ligand_iptm": 0.7461597323417664,
    "protein_iptm": 0.0,
    "complex_plddt": 0.8249081969261169,
    "complex_iplddt": 0.49371495842933655,
    "complex_pde": 0.6117050051689148,
    "complex_ipde": 1.6615296602249146,
    "chains_ptm": {
        "0": 0.9669422507286072,
        "1": 0.7473412752151489
    },
    "pair_chains_iptm": {
        "0": {
            "0": 0.9669422507286072,
            "1": 0.32322999835014343
        },
        "1": {
            "0": 0.7461597323417664,
            "1": 0.7473412752151489
        }
    }
}