{
    "affinity_pred_value": 1.639131784439087,
    "affinity_probability_binary": 0.16494998335838318,
    "affinity_pred_value1": 1.8649711608886719,
    "affinity_probability_binary1": 0.11837185174226761,
    "affinity_pred_value2": 1.413292407989502,
    "affinity_probability_binary2": 0.21152812242507935
}