{
    "confidence_score": 0.9206272959709167,
    "ptm": 0.9492781162261963,
    "iptm": 0.8498493432998657,
    "ligand_iptm": 0.8498493432998657,
    "protein_iptm": 0.0,
    "complex_plddt": 0.9383217692375183,
    "complex_iplddt": 0.8821086287498474,
    "complex_pde": 0.4106985628604889,
    "complex_ipde": 1.4585658311843872,
    "chains_ptm": {
        "0": 0.9695560336112976,
        "1": 0.9125332832336426
    },
    "pair_chains_iptm": {
        "0": {
            "0": 0.9695560336112976,
            "1": 0.48425233364105225
        },
        "1": {
            "0": 0.8498493432998657,
            "1": 0.9125332832336426
        }
    }
}