{
    "affinity_pred_value": 0.8745481371879578,
    "affinity_probability_binary": 0.3270860016345978,
    "affinity_pred_value1": 0.7320324182510376,
    "affinity_probability_binary1": 0.4049006998538971,
    "affinity_pred_value2": 1.017063856124878,
    "affinity_probability_binary2": 0.24927131831645966
}