{
    "confidence_score": 0.9353408217430115,
    "ptm": 0.9660637378692627,
    "iptm": 0.9427663683891296,
    "ligand_iptm": 0.9427663683891296,
    "protein_iptm": 0.0,
    "complex_plddt": 0.9334844350814819,
    "complex_iplddt": 0.8793593645095825,
    "complex_pde": 0.32663124799728394,
    "complex_ipde": 0.5702718496322632,
    "chains_ptm": {
        "0": 0.9721008539199829,
        "1": 0.914118766784668
    },
    "pair_chains_iptm": {
        "0": {
            "0": 0.9721008539199829,
            "1": 0.6600043177604675
        },
        "1": {
            "0": 0.9427663683891296,
            "1": 0.914118766784668
        }
    }
}