{
    "affinity_pred_value": 0.8418889045715332,
    "affinity_probability_binary": 0.1692701131105423,
    "affinity_pred_value1": 1.2928513288497925,
    "affinity_probability_binary1": 0.09393606334924698,
    "affinity_pred_value2": 0.3909264802932739,
    "affinity_probability_binary2": 0.2446041703224182
}