{
    "affinity_pred_value": 1.2303695678710938,
    "affinity_probability_binary": 0.10822869837284088,
    "affinity_pred_value1": 1.358288049697876,
    "affinity_probability_binary1": 0.05006351321935654,
    "affinity_pred_value2": 1.1024510860443115,
    "affinity_probability_binary2": 0.16639389097690582
}