{
    "confidence_score": 0.8813027739524841,
    "ptm": 0.9125427007675171,
    "iptm": 0.7637763619422913,
    "ligand_iptm": 0.7637763619422913,
    "protein_iptm": 0.0,
    "complex_plddt": 0.91068434715271,
    "complex_iplddt": 0.7886834740638733,
    "complex_pde": 0.596729040145874,
    "complex_ipde": 1.4013488292694092,
    "chains_ptm": {
        "0": 0.964243471622467,
        "1": 0.7467136383056641
    },
    "pair_chains_iptm": {
        "0": {
            "0": 0.964243471622467,
            "1": 0.3361244201660156
        },
        "1": {
            "0": 0.7637763619422913,
            "1": 0.7467136383056641
        }
    }
}