{
    "confidence_score": 0.9308648109436035,
    "ptm": 0.9264802932739258,
    "iptm": 0.8825955986976624,
    "ligand_iptm": 0.8825955986976624,
    "protein_iptm": 0.0,
    "complex_plddt": 0.9429320693016052,
    "complex_iplddt": 0.9018388390541077,
    "complex_pde": 0.4356933832168579,
    "complex_ipde": 0.7577810883522034,
    "chains_ptm": {
        "0": 0.9402939677238464,
        "1": 0.8219101428985596
    },
    "pair_chains_iptm": {
        "0": {
            "0": 0.9402939677238464,
            "1": 0.5031080842018127
        },
        "1": {
            "0": 0.8825955986976624,
            "1": 0.8219101428985596
        }
    }
}