{
    "affinity_pred_value": 0.8616601228713989,
    "affinity_probability_binary": 0.3064453601837158,
    "affinity_pred_value1": 0.6177421808242798,
    "affinity_probability_binary1": 0.2986123263835907,
    "affinity_pred_value2": 1.105578064918518,
    "affinity_probability_binary2": 0.31427839398384094
}