{
    "affinity_pred_value": 1.2412029504776,
    "affinity_probability_binary": 0.24120928347110748,
    "affinity_pred_value1": 1.1246662139892578,
    "affinity_probability_binary1": 0.14837557077407837,
    "affinity_pred_value2": 1.3577396869659424,
    "affinity_probability_binary2": 0.3340429961681366
}