{
    "confidence_score": 0.9080802798271179,
    "ptm": 0.9283170104026794,
    "iptm": 0.882500410079956,
    "ligand_iptm": 0.882500410079956,
    "protein_iptm": 0.0,
    "complex_plddt": 0.9144753217697144,
    "complex_iplddt": 0.788748025894165,
    "complex_pde": 0.4236471354961395,
    "complex_ipde": 0.8330587148666382,
    "chains_ptm": {
        "0": 0.9369043707847595,
        "1": 0.8892052173614502
    },
    "pair_chains_iptm": {
        "0": {
            "0": 0.9369043707847595,
            "1": 0.5594808459281921
        },
        "1": {
            "0": 0.882500410079956,
            "1": 0.8892052173614502
        }
    }
}