{
    "affinity_pred_value": 1.1335541009902954,
    "affinity_probability_binary": 0.2603016793727875,
    "affinity_pred_value1": 1.3304849863052368,
    "affinity_probability_binary1": 0.2958138585090637,
    "affinity_pred_value2": 0.9366232752799988,
    "affinity_probability_binary2": 0.22478950023651123
}