{
    "confidence_score": 0.8224084973335266,
    "ptm": 0.9122599363327026,
    "iptm": 0.797064483165741,
    "ligand_iptm": 0.797064483165741,
    "protein_iptm": 0.0,
    "complex_plddt": 0.8287445306777954,
    "complex_iplddt": 0.6324394941329956,
    "complex_pde": 0.5192843675613403,
    "complex_ipde": 1.0263290405273438,
    "chains_ptm": {
        "0": 0.9706055521965027,
        "1": 0.7405799627304077
    },
    "pair_chains_iptm": {
        "0": {
            "0": 0.9706055521965027,
            "1": 0.42943063378334045
        },
        "1": {
            "0": 0.797064483165741,
            "1": 0.7405799627304077
        }
    }
}