{
    "affinity_pred_value": 1.6704795360565186,
    "affinity_probability_binary": 0.18327131867408752,
    "affinity_pred_value1": 1.3233916759490967,
    "affinity_probability_binary1": 0.07470899075269699,
    "affinity_pred_value2": 2.0175673961639404,
    "affinity_probability_binary2": 0.29183363914489746
}