{
    "confidence_score": 0.873973548412323,
    "ptm": 0.939491868019104,
    "iptm": 0.8034707903862,
    "ligand_iptm": 0.8034707903862,
    "protein_iptm": 0.0,
    "complex_plddt": 0.8915992975234985,
    "complex_iplddt": 0.6935292482376099,
    "complex_pde": 0.5252363085746765,
    "complex_ipde": 1.3524701595306396,
    "chains_ptm": {
        "0": 0.9777933955192566,
        "1": 0.7712743282318115
    },
    "pair_chains_iptm": {
        "0": {
            "0": 0.9777933955192566,
            "1": 0.37240323424339294
        },
        "1": {
            "0": 0.8034707903862,
            "1": 0.7712743282318115
        }
    }
}