{
    "affinity_pred_value": 1.7165491580963135,
    "affinity_probability_binary": 0.23361846804618835,
    "affinity_pred_value1": 1.920170545578003,
    "affinity_probability_binary1": 0.17183458805084229,
    "affinity_pred_value2": 1.512927770614624,
    "affinity_probability_binary2": 0.2954023480415344
}