{
    "confidence_score": 0.8225290179252625,
    "ptm": 0.8930188417434692,
    "iptm": 0.7295258045196533,
    "ligand_iptm": 0.7295258045196533,
    "protein_iptm": 0.0,
    "complex_plddt": 0.8457798361778259,
    "complex_iplddt": 0.7035751342773438,
    "complex_pde": 0.8819177746772766,
    "complex_ipde": 1.7322438955307007,
    "chains_ptm": {
        "0": 0.9371135830879211,
        "1": 0.686401903629303
    },
    "pair_chains_iptm": {
        "0": {
            "0": 0.9371135830879211,
            "1": 0.34591785073280334
        },
        "1": {
            "0": 0.7295258045196533,
            "1": 0.686401903629303
        }
    }
}