{
    "affinity_pred_value": 1.3809101581573486,
    "affinity_probability_binary": 0.18716290593147278,
    "affinity_pred_value1": 1.4727176427841187,
    "affinity_probability_binary1": 0.1707768738269806,
    "affinity_pred_value2": 1.2891027927398682,
    "affinity_probability_binary2": 0.20354895293712616
}