{
    "confidence_score": 0.9266492128372192,
    "ptm": 0.9464604258537292,
    "iptm": 0.9111042022705078,
    "ligand_iptm": 0.9111042022705078,
    "protein_iptm": 0.0,
    "complex_plddt": 0.9305354356765747,
    "complex_iplddt": 0.8907387852668762,
    "complex_pde": 0.461338073015213,
    "complex_ipde": 0.7430890202522278,
    "chains_ptm": {
        "0": 0.9568910002708435,
        "1": 0.8843678832054138
    },
    "pair_chains_iptm": {
        "0": {
            "0": 0.9568910002708435,
            "1": 0.6935097575187683
        },
        "1": {
            "0": 0.9111042022705078,
            "1": 0.8843678832054138
        }
    }
}