{
    "affinity_pred_value": 0.7681823968887329,
    "affinity_probability_binary": 0.8735036849975586,
    "affinity_pred_value1": 0.9021416306495667,
    "affinity_probability_binary1": 0.8747129440307617,
    "affinity_pred_value2": 0.6342231035232544,
    "affinity_probability_binary2": 0.8722943663597107
}