{
    "affinity_pred_value": 1.5176076889038086,
    "affinity_probability_binary": 0.27038490772247314,
    "affinity_pred_value1": 1.4310296773910522,
    "affinity_probability_binary1": 0.1653260886669159,
    "affinity_pred_value2": 1.6041855812072754,
    "affinity_probability_binary2": 0.3754437267780304
}