{
    "confidence_score": 0.8534833192825317,
    "ptm": 0.9423280954360962,
    "iptm": 0.8528172373771667,
    "ligand_iptm": 0.8528172373771667,
    "protein_iptm": 0.0,
    "complex_plddt": 0.8536497950553894,
    "complex_iplddt": 0.655838131904602,
    "complex_pde": 0.46666038036346436,
    "complex_ipde": 0.9865989685058594,
    "chains_ptm": {
        "0": 0.9618485569953918,
        "1": 0.8453803062438965
    },
    "pair_chains_iptm": {
        "0": {
            "0": 0.9618485569953918,
            "1": 0.4878537654876709
        },
        "1": {
            "0": 0.8528172373771667,
            "1": 0.8453803062438965
        }
    }
}