{
    "affinity_pred_value": 1.4033722877502441,
    "affinity_probability_binary": 0.2662932872772217,
    "affinity_pred_value1": 1.442758560180664,
    "affinity_probability_binary1": 0.21935689449310303,
    "affinity_pred_value2": 1.3639860153198242,
    "affinity_probability_binary2": 0.31322965025901794
}