{
    "confidence_score": 0.9048083424568176,
    "ptm": 0.9296594858169556,
    "iptm": 0.8989700675010681,
    "ligand_iptm": 0.8989700675010681,
    "protein_iptm": 0.0,
    "complex_plddt": 0.9062678813934326,
    "complex_iplddt": 0.8400049805641174,
    "complex_pde": 0.4803668260574341,
    "complex_ipde": 0.8501394987106323,
    "chains_ptm": {
        "0": 0.9436565041542053,
        "1": 0.8648279309272766
    },
    "pair_chains_iptm": {
        "0": {
            "0": 0.9436565041542053,
            "1": 0.617355465888977
        },
        "1": {
            "0": 0.8989700675010681,
            "1": 0.8648279309272766
        }
    }
}