{
    "confidence_score": 0.9307636618614197,
    "ptm": 0.9600178599357605,
    "iptm": 0.9129502177238464,
    "ligand_iptm": 0.9129502177238464,
    "protein_iptm": 0.0,
    "complex_plddt": 0.9352169632911682,
    "complex_iplddt": 0.8600043058395386,
    "complex_pde": 0.34555521607398987,
    "complex_ipde": 0.5873886942863464,
    "chains_ptm": {
        "0": 0.9737212061882019,
        "1": 0.9066293835639954
    },
    "pair_chains_iptm": {
        "0": {
            "0": 0.9737212061882019,
            "1": 0.6237881183624268
        },
        "1": {
            "0": 0.9129502177238464,
            "1": 0.9066293835639954
        }
    }
}