{
    "affinity_pred_value": 1.0323615074157715,
    "affinity_probability_binary": 0.37746986746788025,
    "affinity_pred_value1": 1.221798062324524,
    "affinity_probability_binary1": 0.426166296005249,
    "affinity_pred_value2": 0.8429250121116638,
    "affinity_probability_binary2": 0.3287734389305115
}