{
    "confidence_score": 0.9190608263015747,
    "ptm": 0.9640992879867554,
    "iptm": 0.9329487085342407,
    "ligand_iptm": 0.9329487085342407,
    "protein_iptm": 0.0,
    "complex_plddt": 0.9155888557434082,
    "complex_iplddt": 0.8246689438819885,
    "complex_pde": 0.3709820806980133,
    "complex_ipde": 0.5741279721260071,
    "chains_ptm": {
        "0": 0.9729276299476624,
        "1": 0.849993109703064
    },
    "pair_chains_iptm": {
        "0": {
            "0": 0.9729276299476624,
            "1": 0.5098357200622559
        },
        "1": {
            "0": 0.9329487085342407,
            "1": 0.849993109703064
        }
    }
}