{
    "affinity_pred_value": 1.181795597076416,
    "affinity_probability_binary": 0.15068912506103516,
    "affinity_pred_value1": 1.686007022857666,
    "affinity_probability_binary1": 0.1079268753528595,
    "affinity_pred_value2": 0.6775840520858765,
    "affinity_probability_binary2": 0.19345135986804962
}