{
    "confidence_score": 0.8598920106887817,
    "ptm": 0.865248441696167,
    "iptm": 0.6920083165168762,
    "ligand_iptm": 0.6920083165168762,
    "protein_iptm": 0.0,
    "complex_plddt": 0.9018628597259521,
    "complex_iplddt": 0.803308367729187,
    "complex_pde": 0.7763736844062805,
    "complex_ipde": 1.5947386026382446,
    "chains_ptm": {
        "0": 0.9372107982635498,
        "1": 0.7050406336784363
    },
    "pair_chains_iptm": {
        "0": {
            "0": 0.9372107982635498,
            "1": 0.37466347217559814
        },
        "1": {
            "0": 0.6920083165168762,
            "1": 0.7050406336784363
        }
    }
}