{
    "affinity_pred_value": 1.4270193576812744,
    "affinity_probability_binary": 0.18118566274642944,
    "affinity_pred_value1": 1.360472559928894,
    "affinity_probability_binary1": 0.11100064218044281,
    "affinity_pred_value2": 1.4935660362243652,
    "affinity_probability_binary2": 0.25137069821357727
}