{
    "confidence_score": 0.9527536630630493,
    "ptm": 0.9466071724891663,
    "iptm": 0.9036374688148499,
    "ligand_iptm": 0.9036374688148499,
    "protein_iptm": 0.0,
    "complex_plddt": 0.9650326371192932,
    "complex_iplddt": 0.9433823227882385,
    "complex_pde": 0.44229215383529663,
    "complex_ipde": 0.7538087368011475,
    "chains_ptm": {
        "0": 0.9603708386421204,
        "1": 0.8508794903755188
    },
    "pair_chains_iptm": {
        "0": {
            "0": 0.9603708386421204,
            "1": 0.5674560070037842
        },
        "1": {
            "0": 0.9036374688148499,
            "1": 0.8508794903755188
        }
    }
}