{
    "confidence_score": 0.962942898273468,
    "ptm": 0.9513508081436157,
    "iptm": 0.9712560176849365,
    "ligand_iptm": 0.9712560176849365,
    "protein_iptm": 0.0,
    "complex_plddt": 0.9608646035194397,
    "complex_iplddt": 0.9604604244232178,
    "complex_pde": 0.37804585695266724,
    "complex_ipde": 0.4784231185913086,
    "chains_ptm": {
        "0": 0.9475807547569275,
        "1": 0.929275393486023
    },
    "pair_chains_iptm": {
        "0": {
            "0": 0.9475807547569275,
            "1": 0.7501145601272583
        },
        "1": {
            "0": 0.9712560176849365,
            "1": 0.929275393486023
        }
    }
}