{
    "affinity_pred_value": 1.429302453994751,
    "affinity_probability_binary": 0.18226489424705505,
    "affinity_pred_value1": 1.392255187034607,
    "affinity_probability_binary1": 0.18584154546260834,
    "affinity_pred_value2": 1.4663496017456055,
    "affinity_probability_binary2": 0.17868825793266296
}