{
    "affinity_pred_value": 1.2506680488586426,
    "affinity_probability_binary": 0.22320955991744995,
    "affinity_pred_value1": 1.5005115270614624,
    "affinity_probability_binary1": 0.11145463585853577,
    "affinity_pred_value2": 1.0008246898651123,
    "affinity_probability_binary2": 0.33496448397636414
}