{
    "affinity_pred_value": 1.9504646062850952,
    "affinity_probability_binary": 0.24006110429763794,
    "affinity_pred_value1": 2.197913646697998,
    "affinity_probability_binary1": 0.21619577705860138,
    "affinity_pred_value2": 1.7030155658721924,
    "affinity_probability_binary2": 0.2639264166355133
}