{
    "confidence_score": 0.8513320088386536,
    "ptm": 0.8928442001342773,
    "iptm": 0.737250804901123,
    "ligand_iptm": 0.737250804901123,
    "protein_iptm": 0.0,
    "complex_plddt": 0.879852294921875,
    "complex_iplddt": 0.6987322568893433,
    "complex_pde": 0.6133025288581848,
    "complex_ipde": 2.208939552307129,
    "chains_ptm": {
        "0": 0.9209277629852295,
        "1": 0.9094546437263489
    },
    "pair_chains_iptm": {
        "0": {
            "0": 0.9209277629852295,
            "1": 0.3175937533378601
        },
        "1": {
            "0": 0.737250804901123,
            "1": 0.9094546437263489
        }
    }
}