{
    "affinity_pred_value": 1.3654260635375977,
    "affinity_probability_binary": 0.15826109051704407,
    "affinity_pred_value1": 1.3872734308242798,
    "affinity_probability_binary1": 0.0894913300871849,
    "affinity_pred_value2": 1.3435786962509155,
    "affinity_probability_binary2": 0.22703084349632263
}