{
    "confidence_score": 0.9662317633628845,
    "ptm": 0.962630569934845,
    "iptm": 0.9626648426055908,
    "ligand_iptm": 0.9626648426055908,
    "protein_iptm": 0.0,
    "complex_plddt": 0.9671233892440796,
    "complex_iplddt": 0.9538124203681946,
    "complex_pde": 0.32077300548553467,
    "complex_ipde": 0.4623588025569916,
    "chains_ptm": {
        "0": 0.9626503586769104,
        "1": 0.944079577922821
    },
    "pair_chains_iptm": {
        "0": {
            "0": 0.9626503586769104,
            "1": 0.689008891582489
        },
        "1": {
            "0": 0.9626648426055908,
            "1": 0.944079577922821
        }
    }
}