{
    "confidence_score": 0.8250689506530762,
    "ptm": 0.8856647610664368,
    "iptm": 0.7704930305480957,
    "ligand_iptm": 0.7704930305480957,
    "protein_iptm": 0.0,
    "complex_plddt": 0.8387129306793213,
    "complex_iplddt": 0.6782618761062622,
    "complex_pde": 0.747779905796051,
    "complex_ipde": 1.4703484773635864,
    "chains_ptm": {
        "0": 0.9190009832382202,
        "1": 0.7194752097129822
    },
    "pair_chains_iptm": {
        "0": {
            "0": 0.9190009832382202,
            "1": 0.37156301736831665
        },
        "1": {
            "0": 0.7704930305480957,
            "1": 0.7194752097129822
        }
    }
}