{
    "affinity_pred_value": 1.303166389465332,
    "affinity_probability_binary": 0.3641200065612793,
    "affinity_pred_value1": 1.2103298902511597,
    "affinity_probability_binary1": 0.3842256963253021,
    "affinity_pred_value2": 1.396003007888794,
    "affinity_probability_binary2": 0.3440142869949341
}