{
    "confidence_score": 0.8749927878379822,
    "ptm": 0.9117394685745239,
    "iptm": 0.848582923412323,
    "ligand_iptm": 0.848582923412323,
    "protein_iptm": 0.0,
    "complex_plddt": 0.8815951943397522,
    "complex_iplddt": 0.7749926447868347,
    "complex_pde": 0.41859909892082214,
    "complex_ipde": 0.8250741362571716,
    "chains_ptm": {
        "0": 0.9314952492713928,
        "1": 0.9061367511749268
    },
    "pair_chains_iptm": {
        "0": {
            "0": 0.9314952492713928,
            "1": 0.55788254737854
        },
        "1": {
            "0": 0.848582923412323,
            "1": 0.9061367511749268
        }
    }
}