{
    "affinity_pred_value": 0.8898278474807739,
    "affinity_probability_binary": 0.4524097144603729,
    "affinity_pred_value1": 0.6405718922615051,
    "affinity_probability_binary1": 0.5871486067771912,
    "affinity_pred_value2": 1.139083743095398,
    "affinity_probability_binary2": 0.3176708221435547
}