{
    "confidence_score": 0.8743348121643066,
    "ptm": 0.9110949039459229,
    "iptm": 0.7897495031356812,
    "ligand_iptm": 0.7897495031356812,
    "protein_iptm": 0.0,
    "complex_plddt": 0.8954811692237854,
    "complex_iplddt": 0.7757452130317688,
    "complex_pde": 0.5659710764884949,
    "complex_ipde": 1.2104365825653076,
    "chains_ptm": {
        "0": 0.9442678689956665,
        "1": 0.7902924418449402
    },
    "pair_chains_iptm": {
        "0": {
            "0": 0.9442678689956665,
            "1": 0.3843397796154022
        },
        "1": {
            "0": 0.7897495031356812,
            "1": 0.7902924418449402
        }
    }
}