{
    "affinity_pred_value": 1.0229952335357666,
    "affinity_probability_binary": 0.20500439405441284,
    "affinity_pred_value1": 0.6352978944778442,
    "affinity_probability_binary1": 0.11995385587215424,
    "affinity_pred_value2": 1.4106924533843994,
    "affinity_probability_binary2": 0.29005491733551025
}