{
    "affinity_pred_value": 1.7859523296356201,
    "affinity_probability_binary": 0.1836172193288803,
    "affinity_pred_value1": 1.873172402381897,
    "affinity_probability_binary1": 0.1401849389076233,
    "affinity_pred_value2": 1.6987323760986328,
    "affinity_probability_binary2": 0.22704949975013733
}