{
    "affinity_pred_value": 1.0311543941497803,
    "affinity_probability_binary": 0.37751758098602295,
    "affinity_pred_value1": 0.9045883417129517,
    "affinity_probability_binary1": 0.32561275362968445,
    "affinity_pred_value2": 1.1577203273773193,
    "affinity_probability_binary2": 0.42942237854003906
}