{
    "confidence_score": 0.8989855647087097,
    "ptm": 0.9238924384117126,
    "iptm": 0.8693196177482605,
    "ligand_iptm": 0.8693196177482605,
    "protein_iptm": 0.0,
    "complex_plddt": 0.906402051448822,
    "complex_iplddt": 0.8208187818527222,
    "complex_pde": 0.4813135266304016,
    "complex_ipde": 0.8855180144309998,
    "chains_ptm": {
        "0": 0.9349517822265625,
        "1": 0.7866997122764587
    },
    "pair_chains_iptm": {
        "0": {
            "0": 0.9349517822265625,
            "1": 0.4006803333759308
        },
        "1": {
            "0": 0.8693196177482605,
            "1": 0.7866997122764587
        }
    }
}