{
    "confidence_score": 0.9495040774345398,
    "ptm": 0.9441937208175659,
    "iptm": 0.9413620829582214,
    "ligand_iptm": 0.9413620829582214,
    "protein_iptm": 0.0,
    "complex_plddt": 0.9515395760536194,
    "complex_iplddt": 0.9387286305427551,
    "complex_pde": 0.3827885091304779,
    "complex_ipde": 0.5675572752952576,
    "chains_ptm": {
        "0": 0.9447066783905029,
        "1": 0.9230547547340393
    },
    "pair_chains_iptm": {
        "0": {
            "0": 0.9447066783905029,
            "1": 0.7106446027755737
        },
        "1": {
            "0": 0.9413620829582214,
            "1": 0.9230547547340393
        }
    }
}