{
    "affinity_pred_value": 0.8156186938285828,
    "affinity_probability_binary": 0.19125114381313324,
    "affinity_pred_value1": 0.8099342584609985,
    "affinity_probability_binary1": 0.07717907428741455,
    "affinity_pred_value2": 0.821303129196167,
    "affinity_probability_binary2": 0.30532321333885193
}