{
    "affinity_pred_value": 1.853149652481079,
    "affinity_probability_binary": 0.18279896676540375,
    "affinity_pred_value1": 1.9867128133773804,
    "affinity_probability_binary1": 0.1033208966255188,
    "affinity_pred_value2": 1.7195864915847778,
    "affinity_probability_binary2": 0.2622770369052887
}