{
    "confidence_score": 0.8589267134666443,
    "ptm": 0.9299971461296082,
    "iptm": 0.7351436614990234,
    "ligand_iptm": 0.7351436614990234,
    "protein_iptm": 0.0,
    "complex_plddt": 0.8898724317550659,
    "complex_iplddt": 0.6924170255661011,
    "complex_pde": 0.5652981400489807,
    "complex_ipde": 1.9227312803268433,
    "chains_ptm": {
        "0": 0.961743175983429,
        "1": 0.8989598751068115
    },
    "pair_chains_iptm": {
        "0": {
            "0": 0.961743175983429,
            "1": 0.29677101969718933
        },
        "1": {
            "0": 0.7351436614990234,
            "1": 0.8989598751068115
        }
    }
}