{
    "affinity_pred_value": 1.0052251815795898,
    "affinity_probability_binary": 0.2330380082130432,
    "affinity_pred_value1": 1.3829066753387451,
    "affinity_probability_binary1": 0.13536393642425537,
    "affinity_pred_value2": 0.6275436282157898,
    "affinity_probability_binary2": 0.33071208000183105
}