{
    "confidence_score": 0.9426466822624207,
    "ptm": 0.9310122728347778,
    "iptm": 0.8376954197883606,
    "ligand_iptm": 0.8376954197883606,
    "protein_iptm": 0.0,
    "complex_plddt": 0.9688845276832581,
    "complex_iplddt": 0.9390271306037903,
    "complex_pde": 0.464837908744812,
    "complex_ipde": 1.08576238155365,
    "chains_ptm": {
        "0": 0.9477627873420715,
        "1": 0.8994025588035583
    },
    "pair_chains_iptm": {
        "0": {
            "0": 0.9477627873420715,
            "1": 0.47171643376350403
        },
        "1": {
            "0": 0.8376954197883606,
            "1": 0.8994025588035583
        }
    }
}