{
    "confidence_score": 0.9730402827262878,
    "ptm": 0.9469720721244812,
    "iptm": 0.9635604023933411,
    "ligand_iptm": 0.9635604023933411,
    "protein_iptm": 0.0,
    "complex_plddt": 0.9754102826118469,
    "complex_iplddt": 0.9750676155090332,
    "complex_pde": 0.3306329846382141,
    "complex_ipde": 0.41394320130348206,
    "chains_ptm": {
        "0": 0.9439885020256042,
        "1": 0.9334991574287415
    },
    "pair_chains_iptm": {
        "0": {
            "0": 0.9439885020256042,
            "1": 0.7584658265113831
        },
        "1": {
            "0": 0.9635604023933411,
            "1": 0.9334991574287415
        }
    }
}