{
    "affinity_pred_value": 1.5795643329620361,
    "affinity_probability_binary": 0.17272865772247314,
    "affinity_pred_value1": 1.314482569694519,
    "affinity_probability_binary1": 0.07782170176506042,
    "affinity_pred_value2": 1.8446462154388428,
    "affinity_probability_binary2": 0.26763561367988586
}