{
    "affinity_pred_value": 0.8118979930877686,
    "affinity_probability_binary": 0.3283078074455261,
    "affinity_pred_value1": 0.8014378547668457,
    "affinity_probability_binary1": 0.3884425461292267,
    "affinity_pred_value2": 0.8223581910133362,
    "affinity_probability_binary2": 0.26817309856414795
}