{
    "confidence_score": 0.8853530287742615,
    "ptm": 0.9253151416778564,
    "iptm": 0.8259913921356201,
    "ligand_iptm": 0.8259913921356201,
    "protein_iptm": 0.0,
    "complex_plddt": 0.9001933932304382,
    "complex_iplddt": 0.8056350946426392,
    "complex_pde": 0.516716480255127,
    "complex_ipde": 1.0601893663406372,
    "chains_ptm": {
        "0": 0.9542695879936218,
        "1": 0.7868919372558594
    },
    "pair_chains_iptm": {
        "0": {
            "0": 0.9542695879936218,
            "1": 0.3987945318222046
        },
        "1": {
            "0": 0.8259913921356201,
            "1": 0.7868919372558594
        }
    }
}