{
    "confidence_score": 0.7306705713272095,
    "ptm": 0.8501891493797302,
    "iptm": 0.6289650797843933,
    "ligand_iptm": 0.6289650797843933,
    "protein_iptm": 0.0,
    "complex_plddt": 0.7560968995094299,
    "complex_iplddt": 0.5475527048110962,
    "complex_pde": 0.947856068611145,
    "complex_ipde": 1.9517896175384521,
    "chains_ptm": {
        "0": 0.9440723657608032,
        "1": 0.6507998108863831
    },
    "pair_chains_iptm": {
        "0": {
            "0": 0.9440723657608032,
            "1": 0.29846876859664917
        },
        "1": {
            "0": 0.6289650797843933,
            "1": 0.6507998108863831
        }
    }
}