{
    "confidence_score": 0.8982478976249695,
    "ptm": 0.9540110230445862,
    "iptm": 0.9173102974891663,
    "ligand_iptm": 0.9173102974891663,
    "protein_iptm": 0.0,
    "complex_plddt": 0.8934823274612427,
    "complex_iplddt": 0.7254471778869629,
    "complex_pde": 0.3331768214702606,
    "complex_ipde": 0.6019620299339294,
    "chains_ptm": {
        "0": 0.9682660698890686,
        "1": 0.9282069802284241
    },
    "pair_chains_iptm": {
        "0": {
            "0": 0.9682660698890686,
            "1": 0.5904511213302612
        },
        "1": {
            "0": 0.9173102974891663,
            "1": 0.9282069802284241
        }
    }
}