{
    "affinity_pred_value": 2.368547201156616,
    "affinity_probability_binary": 0.18357768654823303,
    "affinity_pred_value1": 1.9542193412780762,
    "affinity_probability_binary1": 0.1839919090270996,
    "affinity_pred_value2": 2.7828750610351562,
    "affinity_probability_binary2": 0.18316346406936646
}