{
    "confidence_score": 0.8803530931472778,
    "ptm": 0.9405843615531921,
    "iptm": 0.8101884722709656,
    "ligand_iptm": 0.8101884722709656,
    "protein_iptm": 0.0,
    "complex_plddt": 0.8978942632675171,
    "complex_iplddt": 0.6674327254295349,
    "complex_pde": 0.4222913980484009,
    "complex_ipde": 1.1846468448638916,
    "chains_ptm": {
        "0": 0.9642878770828247,
        "1": 0.9148548245429993
    },
    "pair_chains_iptm": {
        "0": {
            "0": 0.9642878770828247,
            "1": 0.4049667716026306
        },
        "1": {
            "0": 0.8101884722709656,
            "1": 0.9148548245429993
        }
    }
}