{
    "affinity_pred_value": 1.4185229539871216,
    "affinity_probability_binary": 0.28726327419281006,
    "affinity_pred_value1": 1.555740475654602,
    "affinity_probability_binary1": 0.27592307329177856,
    "affinity_pred_value2": 1.2813054323196411,
    "affinity_probability_binary2": 0.29860344529151917
}