{
    "confidence_score": 0.815824031829834,
    "ptm": 0.9499233961105347,
    "iptm": 0.7949825525283813,
    "ligand_iptm": 0.7949825525283813,
    "protein_iptm": 0.0,
    "complex_plddt": 0.8210344314575195,
    "complex_iplddt": 0.40478023886680603,
    "complex_pde": 0.48058345913887024,
    "complex_ipde": 1.6517421007156372,
    "chains_ptm": {
        "0": 0.9818482995033264,
        "1": 0.828008770942688
    },
    "pair_chains_iptm": {
        "0": {
            "0": 0.9818482995033264,
            "1": 0.34197357296943665
        },
        "1": {
            "0": 0.7949825525283813,
            "1": 0.828008770942688
        }
    }
}