{
    "confidence_score": 0.8510363698005676,
    "ptm": 0.913340151309967,
    "iptm": 0.7905615568161011,
    "ligand_iptm": 0.7905615568161011,
    "protein_iptm": 0.0,
    "complex_plddt": 0.8661550879478455,
    "complex_iplddt": 0.7502413392066956,
    "complex_pde": 0.574904203414917,
    "complex_ipde": 1.35660719871521,
    "chains_ptm": {
        "0": 0.9383459687232971,
        "1": 0.7859796285629272
    },
    "pair_chains_iptm": {
        "0": {
            "0": 0.9383459687232971,
            "1": 0.3757854402065277
        },
        "1": {
            "0": 0.7905615568161011,
            "1": 0.7859796285629272
        }
    }
}