{
    "affinity_pred_value": 1.116950511932373,
    "affinity_probability_binary": 0.4180919826030731,
    "affinity_pred_value1": 1.4245191812515259,
    "affinity_probability_binary1": 0.41354531049728394,
    "affinity_pred_value2": 0.8093819618225098,
    "affinity_probability_binary2": 0.4226386547088623
}