{
    "confidence_score": 0.9096874594688416,
    "ptm": 0.9326228499412537,
    "iptm": 0.7661049365997314,
    "ligand_iptm": 0.7661049365997314,
    "protein_iptm": 0.0,
    "complex_plddt": 0.9455829858779907,
    "complex_iplddt": 0.8989744782447815,
    "complex_pde": 0.6430534720420837,
    "complex_ipde": 1.6039519309997559,
    "chains_ptm": {
        "0": 0.9694162607192993,
        "1": 0.7661749124526978
    },
    "pair_chains_iptm": {
        "0": {
            "0": 0.9694162607192993,
            "1": 0.33978912234306335
        },
        "1": {
            "0": 0.7661049365997314,
            "1": 0.7661749124526978
        }
    }
}