{
    "affinity_pred_value": 0.8074814081192017,
    "affinity_probability_binary": 0.5060508847236633,
    "affinity_pred_value1": 0.578845739364624,
    "affinity_probability_binary1": 0.5521588325500488,
    "affinity_pred_value2": 1.0361170768737793,
    "affinity_probability_binary2": 0.45994290709495544
}