{
    "confidence_score": 0.970409095287323,
    "ptm": 0.9789509177207947,
    "iptm": 0.9733878374099731,
    "ligand_iptm": 0.9733878374099731,
    "protein_iptm": 0.0,
    "complex_plddt": 0.969664454460144,
    "complex_iplddt": 0.9494153261184692,
    "complex_pde": 0.29245856404304504,
    "complex_ipde": 0.41437169909477234,
    "chains_ptm": {
        "0": 0.9815300107002258,
        "1": 0.9419295191764832
    },
    "pair_chains_iptm": {
        "0": {
            "0": 0.9815300107002258,
            "1": 0.699889600276947
        },
        "1": {
            "0": 0.9733878374099731,
            "1": 0.9419295191764832
        }
    }
}