{
    "affinity_pred_value": 1.7191259860992432,
    "affinity_probability_binary": 0.16518695652484894,
    "affinity_pred_value1": 1.729744553565979,
    "affinity_probability_binary1": 0.17121589183807373,
    "affinity_pred_value2": 1.7085075378417969,
    "affinity_probability_binary2": 0.15915802121162415
}