{
    "confidence_score": 0.7715883255004883,
    "ptm": 0.8793905973434448,
    "iptm": 0.7093536257743835,
    "ligand_iptm": 0.7093536257743835,
    "protein_iptm": 0.0,
    "complex_plddt": 0.7871469855308533,
    "complex_iplddt": 0.5361530780792236,
    "complex_pde": 0.588521420955658,
    "complex_ipde": 1.621176838874817,
    "chains_ptm": {
        "0": 0.9177858829498291,
        "1": 0.8984794020652771
    },
    "pair_chains_iptm": {
        "0": {
            "0": 0.9177858829498291,
            "1": 0.33801859617233276
        },
        "1": {
            "0": 0.7093536257743835,
            "1": 0.8984794020652771
        }
    }
}