{
    "confidence_score": 0.9062307476997375,
    "ptm": 0.9554840326309204,
    "iptm": 0.9359663128852844,
    "ligand_iptm": 0.9359663128852844,
    "protein_iptm": 0.0,
    "complex_plddt": 0.898796796798706,
    "complex_iplddt": 0.7949175238609314,
    "complex_pde": 0.358482301235199,
    "complex_ipde": 0.6830973029136658,
    "chains_ptm": {
        "0": 0.9603722095489502,
        "1": 0.9223361015319824
    },
    "pair_chains_iptm": {
        "0": {
            "0": 0.9603722095489502,
            "1": 0.6584612727165222
        },
        "1": {
            "0": 0.9359663128852844,
            "1": 0.9223361015319824
        }
    }
}