{
    "affinity_pred_value": 1.1294372081756592,
    "affinity_probability_binary": 0.31114497780799866,
    "affinity_pred_value1": 1.0761594772338867,
    "affinity_probability_binary1": 0.22979329526424408,
    "affinity_pred_value2": 1.182714819908142,
    "affinity_probability_binary2": 0.39249664545059204
}