{
    "affinity_pred_value": 1.9533655643463135,
    "affinity_probability_binary": 0.11662381887435913,
    "affinity_pred_value1": 2.232456684112549,
    "affinity_probability_binary1": 0.05007234215736389,
    "affinity_pred_value2": 1.6742745637893677,
    "affinity_probability_binary2": 0.18317529559135437
}