{
    "affinity_pred_value": 0.14693835377693176,
    "affinity_probability_binary": 0.09804390370845795,
    "affinity_pred_value1": 0.7928338646888733,
    "affinity_probability_binary1": 0.07504063844680786,
    "affinity_pred_value2": -0.49895715713500977,
    "affinity_probability_binary2": 0.12104717642068863
}