{
    "confidence_score": 0.9277321100234985,
    "ptm": 0.9739878177642822,
    "iptm": 0.9378490447998047,
    "ligand_iptm": 0.9378490447998047,
    "protein_iptm": 0.0,
    "complex_plddt": 0.9252029061317444,
    "complex_iplddt": 0.7964550256729126,
    "complex_pde": 0.39319321513175964,
    "complex_ipde": 0.8795106410980225,
    "chains_ptm": {
        "0": 0.9778719544410706,
        "1": 0.8760295510292053
    },
    "pair_chains_iptm": {
        "0": {
            "0": 0.9778719544410706,
            "1": 0.5635443925857544
        },
        "1": {
            "0": 0.9378490447998047,
            "1": 0.8760295510292053
        }
    }
}