{
    "affinity_pred_value": 1.3716402053833008,
    "affinity_probability_binary": 0.18107981979846954,
    "affinity_pred_value1": 1.658562421798706,
    "affinity_probability_binary1": 0.04289795830845833,
    "affinity_pred_value2": 1.0847179889678955,
    "affinity_probability_binary2": 0.31926167011260986
}