{
    "affinity_pred_value": 0.9316699504852295,
    "affinity_probability_binary": 0.3544856905937195,
    "affinity_pred_value1": 1.2072185277938843,
    "affinity_probability_binary1": 0.33100560307502747,
    "affinity_pred_value2": 0.6561213135719299,
    "affinity_probability_binary2": 0.3779658079147339
}