{
    "confidence_score": 0.843238353729248,
    "ptm": 0.94840407371521,
    "iptm": 0.8882176280021667,
    "ligand_iptm": 0.8882176280021667,
    "protein_iptm": 0.0,
    "complex_plddt": 0.8319935202598572,
    "complex_iplddt": 0.49707353115081787,
    "complex_pde": 0.39835405349731445,
    "complex_ipde": 0.9411668181419373,
    "chains_ptm": {
        "0": 0.964457631111145,
        "1": 0.8632133603096008
    },
    "pair_chains_iptm": {
        "0": {
            "0": 0.964457631111145,
            "1": 0.4635811448097229
        },
        "1": {
            "0": 0.8882176280021667,
            "1": 0.8632133603096008
        }
    }
}