{
    "affinity_pred_value": 1.3286731243133545,
    "affinity_probability_binary": 0.24243950843811035,
    "affinity_pred_value1": 1.2757469415664673,
    "affinity_probability_binary1": 0.21763190627098083,
    "affinity_pred_value2": 1.3815994262695312,
    "affinity_probability_binary2": 0.26724711060523987
}