{
    "confidence_score": 0.9502967000007629,
    "ptm": 0.9488762617111206,
    "iptm": 0.968671441078186,
    "ligand_iptm": 0.968671441078186,
    "protein_iptm": 0.0,
    "complex_plddt": 0.9457029700279236,
    "complex_iplddt": 0.9557825326919556,
    "complex_pde": 0.35248303413391113,
    "complex_ipde": 0.4071815609931946,
    "chains_ptm": {
        "0": 0.9466342926025391,
        "1": 0.9482203125953674
    },
    "pair_chains_iptm": {
        "0": {
            "0": 0.9466342926025391,
            "1": 0.7231410145759583
        },
        "1": {
            "0": 0.968671441078186,
            "1": 0.9482203125953674
        }
    }
}