{
    "affinity_pred_value": 0.5344577431678772,
    "affinity_probability_binary": 0.3245132565498352,
    "affinity_pred_value1": 0.6632208824157715,
    "affinity_probability_binary1": 0.22314386069774628,
    "affinity_pred_value2": 0.4056946337223053,
    "affinity_probability_binary2": 0.42588263750076294
}