{
    "affinity_pred_value": 1.7061959505081177,
    "affinity_probability_binary": 0.14360857009887695,
    "affinity_pred_value1": 1.8403629064559937,
    "affinity_probability_binary1": 0.08494585752487183,
    "affinity_pred_value2": 1.5720289945602417,
    "affinity_probability_binary2": 0.2022712677717209
}