{
    "confidence_score": 0.884538471698761,
    "ptm": 0.9495330452919006,
    "iptm": 0.8523992896080017,
    "ligand_iptm": 0.8523992896080017,
    "protein_iptm": 0.0,
    "complex_plddt": 0.8925732970237732,
    "complex_iplddt": 0.7007589340209961,
    "complex_pde": 0.4277122914791107,
    "complex_ipde": 1.0630366802215576,
    "chains_ptm": {
        "0": 0.9696309566497803,
        "1": 0.8899139761924744
    },
    "pair_chains_iptm": {
        "0": {
            "0": 0.9696309566497803,
            "1": 0.43854859471321106
        },
        "1": {
            "0": 0.8523992896080017,
            "1": 0.8899139761924744
        }
    }
}