{
    "affinity_pred_value": 0.7509266138076782,
    "affinity_probability_binary": 0.5457305312156677,
    "affinity_pred_value1": 0.5407023429870605,
    "affinity_probability_binary1": 0.6641401648521423,
    "affinity_pred_value2": 0.9611508846282959,
    "affinity_probability_binary2": 0.4273208677768707
}