{
    "confidence_score": 0.9293100237846375,
    "ptm": 0.9381006360054016,
    "iptm": 0.9178999066352844,
    "ligand_iptm": 0.9178999066352844,
    "protein_iptm": 0.0,
    "complex_plddt": 0.9321625232696533,
    "complex_iplddt": 0.8871029019355774,
    "complex_pde": 0.4105684757232666,
    "complex_ipde": 0.648456335067749,
    "chains_ptm": {
        "0": 0.9519698619842529,
        "1": 0.8461107611656189
    },
    "pair_chains_iptm": {
        "0": {
            "0": 0.9519698619842529,
            "1": 0.5455466508865356
        },
        "1": {
            "0": 0.9178999066352844,
            "1": 0.8461107611656189
        }
    }
}