{
    "confidence_score": 0.9114193320274353,
    "ptm": 0.9563371539115906,
    "iptm": 0.9271780848503113,
    "ligand_iptm": 0.9271780848503113,
    "protein_iptm": 0.0,
    "complex_plddt": 0.9074796438217163,
    "complex_iplddt": 0.7447181940078735,
    "complex_pde": 0.32631567120552063,
    "complex_ipde": 0.5783147215843201,
    "chains_ptm": {
        "0": 0.9682817459106445,
        "1": 0.9323872327804565
    },
    "pair_chains_iptm": {
        "0": {
            "0": 0.9682817459106445,
            "1": 0.599116861820221
        },
        "1": {
            "0": 0.9271780848503113,
            "1": 0.9323872327804565
        }
    }
}