{
    "confidence_score": 0.9134575724601746,
    "ptm": 0.9645046591758728,
    "iptm": 0.9296852350234985,
    "ligand_iptm": 0.9296852350234985,
    "protein_iptm": 0.0,
    "complex_plddt": 0.9094007015228271,
    "complex_iplddt": 0.7386858463287354,
    "complex_pde": 0.3698699474334717,
    "complex_ipde": 0.6476477980613708,
    "chains_ptm": {
        "0": 0.9735378623008728,
        "1": 0.8453547954559326
    },
    "pair_chains_iptm": {
        "0": {
            "0": 0.9735378623008728,
            "1": 0.5745642781257629
        },
        "1": {
            "0": 0.9296852350234985,
            "1": 0.8453547954559326
        }
    }
}