{
    "affinity_pred_value": 1.5727238655090332,
    "affinity_probability_binary": 0.15711435675621033,
    "affinity_pred_value1": 1.8716973066329956,
    "affinity_probability_binary1": 0.08647937327623367,
    "affinity_pred_value2": 1.2737504243850708,
    "affinity_probability_binary2": 0.22774934768676758
}