{
    "affinity_pred_value": 1.2773139476776123,
    "affinity_probability_binary": 0.6286956071853638,
    "affinity_pred_value1": 0.8827544450759888,
    "affinity_probability_binary1": 0.72134929895401,
    "affinity_pred_value2": 1.6718735694885254,
    "affinity_probability_binary2": 0.5360419750213623
}