{
    "confidence_score": 0.9326055645942688,
    "ptm": 0.93329256772995,
    "iptm": 0.9148950576782227,
    "ligand_iptm": 0.9148950576782227,
    "protein_iptm": 0.0,
    "complex_plddt": 0.9370331764221191,
    "complex_iplddt": 0.8945626020431519,
    "complex_pde": 0.4839893877506256,
    "complex_ipde": 0.7688047289848328,
    "chains_ptm": {
        "0": 0.9392402172088623,
        "1": 0.9132283329963684
    },
    "pair_chains_iptm": {
        "0": {
            "0": 0.9392402172088623,
            "1": 0.8051769137382507
        },
        "1": {
            "0": 0.9148950576782227,
            "1": 0.9132283329963684
        }
    }
}