{
    "affinity_pred_value": 1.5528956651687622,
    "affinity_probability_binary": 0.24192142486572266,
    "affinity_pred_value1": 1.4400734901428223,
    "affinity_probability_binary1": 0.1911831796169281,
    "affinity_pred_value2": 1.6657178401947021,
    "affinity_probability_binary2": 0.2926596701145172
}