{
    "confidence_score": 0.8481386303901672,
    "ptm": 0.8817573189735413,
    "iptm": 0.8439110517501831,
    "ligand_iptm": 0.8439110517501831,
    "protein_iptm": 0.0,
    "complex_plddt": 0.8491955399513245,
    "complex_iplddt": 0.7330309152603149,
    "complex_pde": 0.6417815089225769,
    "complex_ipde": 1.1577577590942383,
    "chains_ptm": {
        "0": 0.8921986818313599,
        "1": 0.8171181082725525
    },
    "pair_chains_iptm": {
        "0": {
            "0": 0.8921986818313599,
            "1": 0.3853520452976227
        },
        "1": {
            "0": 0.8439110517501831,
            "1": 0.8171181082725525
        }
    }
}