{
    "affinity_pred_value": 1.3624790906906128,
    "affinity_probability_binary": 0.21957062184810638,
    "affinity_pred_value1": 1.6316654682159424,
    "affinity_probability_binary1": 0.18324479460716248,
    "affinity_pred_value2": 1.0932927131652832,
    "affinity_probability_binary2": 0.2558964490890503
}