{
    "confidence_score": 0.9225539565086365,
    "ptm": 0.929309606552124,
    "iptm": 0.7633516192436218,
    "ligand_iptm": 0.7633516192436218,
    "protein_iptm": 0.0,
    "complex_plddt": 0.9623544812202454,
    "complex_iplddt": 0.9073687195777893,
    "complex_pde": 0.45253026485443115,
    "complex_ipde": 1.615034818649292,
    "chains_ptm": {
        "0": 0.9580202102661133,
        "1": 0.9075711369514465
    },
    "pair_chains_iptm": {
        "0": {
            "0": 0.9580202102661133,
            "1": 0.366373747587204
        },
        "1": {
            "0": 0.7633516192436218,
            "1": 0.9075711369514465
        }
    }
}