{
    "affinity_pred_value": 0.9245893955230713,
    "affinity_probability_binary": 0.2518726587295532,
    "affinity_pred_value1": 1.0311245918273926,
    "affinity_probability_binary1": 0.2433270961046219,
    "affinity_pred_value2": 0.81805419921875,
    "affinity_probability_binary2": 0.26041823625564575
}