{
    "confidence_score": 0.918212890625,
    "ptm": 0.9480131268501282,
    "iptm": 0.9280135631561279,
    "ligand_iptm": 0.9280135631561279,
    "protein_iptm": 0.0,
    "complex_plddt": 0.9157626628875732,
    "complex_iplddt": 0.8464260101318359,
    "complex_pde": 0.3731495141983032,
    "complex_ipde": 0.608169436454773,
    "chains_ptm": {
        "0": 0.9537296295166016,
        "1": 0.8700894117355347
    },
    "pair_chains_iptm": {
        "0": {
            "0": 0.9537296295166016,
            "1": 0.6300476789474487
        },
        "1": {
            "0": 0.9280135631561279,
            "1": 0.8700894117355347
        }
    }
}