{
    "affinity_pred_value": 0.12022528052330017,
    "affinity_probability_binary": 0.5964164733886719,
    "affinity_pred_value1": 0.5698564052581787,
    "affinity_probability_binary1": 0.5111455917358398,
    "affinity_pred_value2": -0.32940584421157837,
    "affinity_probability_binary2": 0.6816874146461487
}