{
    "confidence_score": 0.947003185749054,
    "ptm": 0.9715292453765869,
    "iptm": 0.9634215831756592,
    "ligand_iptm": 0.9634215831756592,
    "protein_iptm": 0.0,
    "complex_plddt": 0.9428985714912415,
    "complex_iplddt": 0.9062686562538147,
    "complex_pde": 0.2921537160873413,
    "complex_ipde": 0.4040974974632263,
    "chains_ptm": {
        "0": 0.9758564829826355,
        "1": 0.9237218499183655
    },
    "pair_chains_iptm": {
        "0": {
            "0": 0.9758564829826355,
            "1": 0.7268080115318298
        },
        "1": {
            "0": 0.9634215831756592,
            "1": 0.9237218499183655
        }
    }
}