{
    "affinity_pred_value": 0.9869434833526611,
    "affinity_probability_binary": 0.14731664955615997,
    "affinity_pred_value1": 1.374564290046692,
    "affinity_probability_binary1": 0.1647108793258667,
    "affinity_pred_value2": 0.5993227362632751,
    "affinity_probability_binary2": 0.12992241978645325
}