{
    "affinity_pred_value": 1.0549952983856201,
    "affinity_probability_binary": 0.13707448542118073,
    "affinity_pred_value1": 0.5550940632820129,
    "affinity_probability_binary1": 0.05389301851391792,
    "affinity_pred_value2": 1.554896593093872,
    "affinity_probability_binary2": 0.22025594115257263
}