{
    "affinity_pred_value": 0.594194769859314,
    "affinity_probability_binary": 0.18010279536247253,
    "affinity_pred_value1": 0.5506591200828552,
    "affinity_probability_binary1": 0.07760018110275269,
    "affinity_pred_value2": 0.6377304196357727,
    "affinity_probability_binary2": 0.2826054096221924
}