{
    "affinity_pred_value": 1.511023998260498,
    "affinity_probability_binary": 0.20192143321037292,
    "affinity_pred_value1": 1.4287523031234741,
    "affinity_probability_binary1": 0.11702708154916763,
    "affinity_pred_value2": 1.593295693397522,
    "affinity_probability_binary2": 0.2868157923221588
}