{
    "affinity_pred_value": 0.8952720165252686,
    "affinity_probability_binary": 0.47650039196014404,
    "affinity_pred_value1": 0.8751718997955322,
    "affinity_probability_binary1": 0.5542423129081726,
    "affinity_pred_value2": 0.9153721332550049,
    "affinity_probability_binary2": 0.3987584412097931
}