{
    "confidence_score": 0.8879776000976562,
    "ptm": 0.9520395994186401,
    "iptm": 0.8756586909294128,
    "ligand_iptm": 0.8756586909294128,
    "protein_iptm": 0.0,
    "complex_plddt": 0.8910573720932007,
    "complex_iplddt": 0.7281069755554199,
    "complex_pde": 0.46881523728370667,
    "complex_ipde": 1.148565649986267,
    "chains_ptm": {
        "0": 0.967408299446106,
        "1": 0.8356982469558716
    },
    "pair_chains_iptm": {
        "0": {
            "0": 0.967408299446106,
            "1": 0.42063745856285095
        },
        "1": {
            "0": 0.8756586909294128,
            "1": 0.8356982469558716
        }
    }
}