{
    "confidence_score": 0.9703127145767212,
    "ptm": 0.966451108455658,
    "iptm": 0.9499818086624146,
    "ligand_iptm": 0.9499818086624146,
    "protein_iptm": 0.0,
    "complex_plddt": 0.9753953814506531,
    "complex_iplddt": 0.9679556488990784,
    "complex_pde": 0.33608654141426086,
    "complex_ipde": 0.5159087181091309,
    "chains_ptm": {
        "0": 0.9700652956962585,
        "1": 0.9210940599441528
    },
    "pair_chains_iptm": {
        "0": {
            "0": 0.9700652956962585,
            "1": 0.7194569706916809
        },
        "1": {
            "0": 0.9499818086624146,
            "1": 0.9210940599441528
        }
    }
}