{
    "confidence_score": 0.9443821310997009,
    "ptm": 0.9592501521110535,
    "iptm": 0.9427610039710999,
    "ligand_iptm": 0.9427610039710999,
    "protein_iptm": 0.0,
    "complex_plddt": 0.9447873830795288,
    "complex_iplddt": 0.9182371497154236,
    "complex_pde": 0.34542906284332275,
    "complex_ipde": 0.5118311643600464,
    "chains_ptm": {
        "0": 0.9653865098953247,
        "1": 0.8716987371444702
    },
    "pair_chains_iptm": {
        "0": {
            "0": 0.9653865098953247,
            "1": 0.6781948208808899
        },
        "1": {
            "0": 0.9427610039710999,
            "1": 0.8716987371444702
        }
    }
}