{
    "affinity_pred_value": 0.9556969404220581,
    "affinity_probability_binary": 0.2188183218240738,
    "affinity_pred_value1": 1.201924443244934,
    "affinity_probability_binary1": 0.18648791313171387,
    "affinity_pred_value2": 0.7094693779945374,
    "affinity_probability_binary2": 0.2511487305164337
}