{
    "confidence_score": 0.8533450961112976,
    "ptm": 0.9515416622161865,
    "iptm": 0.915040910243988,
    "ligand_iptm": 0.915040910243988,
    "protein_iptm": 0.0,
    "complex_plddt": 0.837921142578125,
    "complex_iplddt": 0.6221637725830078,
    "complex_pde": 0.37037456035614014,
    "complex_ipde": 0.5783661603927612,
    "chains_ptm": {
        "0": 0.9625281095504761,
        "1": 0.8628910779953003
    },
    "pair_chains_iptm": {
        "0": {
            "0": 0.9625281095504761,
            "1": 0.6542966365814209
        },
        "1": {
            "0": 0.915040910243988,
            "1": 0.8628910779953003
        }
    }
}