{
    "affinity_pred_value": 1.8878159523010254,
    "affinity_probability_binary": 0.21849434077739716,
    "affinity_pred_value1": 1.9910725355148315,
    "affinity_probability_binary1": 0.1745929718017578,
    "affinity_pred_value2": 1.7845592498779297,
    "affinity_probability_binary2": 0.2623957097530365
}