{
    "confidence_score": 0.8820476531982422,
    "ptm": 0.9640326499938965,
    "iptm": 0.8532165884971619,
    "ligand_iptm": 0.8532165884971619,
    "protein_iptm": 0.0,
    "complex_plddt": 0.8892554640769958,
    "complex_iplddt": 0.6564526557922363,
    "complex_pde": 0.38222354650497437,
    "complex_ipde": 1.0643694400787354,
    "chains_ptm": {
        "0": 0.9818999171257019,
        "1": 0.9189168214797974
    },
    "pair_chains_iptm": {
        "0": {
            "0": 0.9818999171257019,
            "1": 0.46544939279556274
        },
        "1": {
            "0": 0.8532165884971619,
            "1": 0.9189168214797974
        }
    }
}