{
    "confidence_score": 0.9085119366645813,
    "ptm": 0.9365199208259583,
    "iptm": 0.7827993035316467,
    "ligand_iptm": 0.7827993035316467,
    "protein_iptm": 0.0,
    "complex_plddt": 0.9399400949478149,
    "complex_iplddt": 0.8483666777610779,
    "complex_pde": 0.47505539655685425,
    "complex_ipde": 1.4582656621932983,
    "chains_ptm": {
        "0": 0.9624506235122681,
        "1": 0.9048613905906677
    },
    "pair_chains_iptm": {
        "0": {
            "0": 0.9624506235122681,
            "1": 0.3362957835197449
        },
        "1": {
            "0": 0.7827993035316467,
            "1": 0.9048613905906677
        }
    }
}