{
    "affinity_pred_value": 1.4043831825256348,
    "affinity_probability_binary": 0.22815635800361633,
    "affinity_pred_value1": 1.427064061164856,
    "affinity_probability_binary1": 0.17961709201335907,
    "affinity_pred_value2": 1.3817024230957031,
    "affinity_probability_binary2": 0.2766956090927124
}