{
    "confidence_score": 0.8404966592788696,
    "ptm": 0.931000292301178,
    "iptm": 0.8356819748878479,
    "ligand_iptm": 0.8356819748878479,
    "protein_iptm": 0.0,
    "complex_plddt": 0.8417003154754639,
    "complex_iplddt": 0.6425952315330505,
    "complex_pde": 0.5161200761795044,
    "complex_ipde": 0.9504596590995789,
    "chains_ptm": {
        "0": 0.9723303318023682,
        "1": 0.7745523452758789
    },
    "pair_chains_iptm": {
        "0": {
            "0": 0.9723303318023682,
            "1": 0.45666080713272095
        },
        "1": {
            "0": 0.8356819748878479,
            "1": 0.7745523452758789
        }
    }
}