{
    "affinity_pred_value": 1.6572372913360596,
    "affinity_probability_binary": 0.18139371275901794,
    "affinity_pred_value1": 1.1037455797195435,
    "affinity_probability_binary1": 0.16932441294193268,
    "affinity_pred_value2": 2.2107291221618652,
    "affinity_probability_binary2": 0.1934630274772644
}