{
    "confidence_score": 0.7475361824035645,
    "ptm": 0.8546918034553528,
    "iptm": 0.5967110395431519,
    "ligand_iptm": 0.5967110395431519,
    "protein_iptm": 0.0,
    "complex_plddt": 0.78524249792099,
    "complex_iplddt": 0.5271009206771851,
    "complex_pde": 0.9599416255950928,
    "complex_ipde": 2.265674591064453,
    "chains_ptm": {
        "0": 0.9533479809761047,
        "1": 0.6576053500175476
    },
    "pair_chains_iptm": {
        "0": {
            "0": 0.9533479809761047,
            "1": 0.24264264106750488
        },
        "1": {
            "0": 0.5967110395431519,
            "1": 0.6576053500175476
        }
    }
}