{
    "affinity_pred_value": 1.260906457901001,
    "affinity_probability_binary": 0.534644365310669,
    "affinity_pred_value1": 1.1453039646148682,
    "affinity_probability_binary1": 0.5771343111991882,
    "affinity_pred_value2": 1.3765090703964233,
    "affinity_probability_binary2": 0.49215438961982727
}