{
    "confidence_score": 0.9606882333755493,
    "ptm": 0.9492332339286804,
    "iptm": 0.9374926090240479,
    "ligand_iptm": 0.9374926090240479,
    "protein_iptm": 0.0,
    "complex_plddt": 0.9664871096611023,
    "complex_iplddt": 0.9420956969261169,
    "complex_pde": 0.4021051228046417,
    "complex_ipde": 0.6315146088600159,
    "chains_ptm": {
        "0": 0.9542248845100403,
        "1": 0.8591930270195007
    },
    "pair_chains_iptm": {
        "0": {
            "0": 0.9542248845100403,
            "1": 0.5231017470359802
        },
        "1": {
            "0": 0.9374926090240479,
            "1": 0.8591930270195007
        }
    }
}