{
    "affinity_pred_value": 1.336478590965271,
    "affinity_probability_binary": 0.27081069350242615,
    "affinity_pred_value1": 1.2878228425979614,
    "affinity_probability_binary1": 0.24545525014400482,
    "affinity_pred_value2": 1.3851343393325806,
    "affinity_probability_binary2": 0.29616615176200867
}