{
    "confidence_score": 0.9363518953323364,
    "ptm": 0.9492167830467224,
    "iptm": 0.891691267490387,
    "ligand_iptm": 0.891691267490387,
    "protein_iptm": 0.0,
    "complex_plddt": 0.9475170373916626,
    "complex_iplddt": 0.8801959753036499,
    "complex_pde": 0.38771337270736694,
    "complex_ipde": 0.8705469369888306,
    "chains_ptm": {
        "0": 0.9648200273513794,
        "1": 0.9026522636413574
    },
    "pair_chains_iptm": {
        "0": {
            "0": 0.9648200273513794,
            "1": 0.520159125328064
        },
        "1": {
            "0": 0.891691267490387,
            "1": 0.9026522636413574
        }
    }
}