{
    "confidence_score": 0.8640233874320984,
    "ptm": 0.9247260689735413,
    "iptm": 0.8596963882446289,
    "ligand_iptm": 0.8596963882446289,
    "protein_iptm": 0.0,
    "complex_plddt": 0.8651052117347717,
    "complex_iplddt": 0.7144866585731506,
    "complex_pde": 0.5712748169898987,
    "complex_ipde": 1.1133404970169067,
    "chains_ptm": {
        "0": 0.9420360326766968,
        "1": 0.8412572145462036
    },
    "pair_chains_iptm": {
        "0": {
            "0": 0.9420360326766968,
            "1": 0.605583906173706
        },
        "1": {
            "0": 0.8596963882446289,
            "1": 0.8412572145462036
        }
    }
}