{
    "affinity_pred_value": 1.7258085012435913,
    "affinity_probability_binary": 0.29603078961372375,
    "affinity_pred_value1": 1.5103892087936401,
    "affinity_probability_binary1": 0.27072566747665405,
    "affinity_pred_value2": 1.9412277936935425,
    "affinity_probability_binary2": 0.32133591175079346
}