{
    "confidence_score": 0.970970630645752,
    "ptm": 0.9626917243003845,
    "iptm": 0.9692176580429077,
    "ligand_iptm": 0.9692176580429077,
    "protein_iptm": 0.0,
    "complex_plddt": 0.9714089035987854,
    "complex_iplddt": 0.9676110744476318,
    "complex_pde": 0.31817102432250977,
    "complex_ipde": 0.38243189454078674,
    "chains_ptm": {
        "0": 0.9628120064735413,
        "1": 0.943263053894043
    },
    "pair_chains_iptm": {
        "0": {
            "0": 0.9628120064735413,
            "1": 0.7241184115409851
        },
        "1": {
            "0": 0.9692176580429077,
            "1": 0.943263053894043
        }
    }
}