{
    "confidence_score": 0.96913081407547,
    "ptm": 0.9658240079879761,
    "iptm": 0.9555601477622986,
    "ligand_iptm": 0.9555601477622986,
    "protein_iptm": 0.0,
    "complex_plddt": 0.9725235104560852,
    "complex_iplddt": 0.968010425567627,
    "complex_pde": 0.319646954536438,
    "complex_ipde": 0.4761824905872345,
    "chains_ptm": {
        "0": 0.9684427976608276,
        "1": 0.9292743802070618
    },
    "pair_chains_iptm": {
        "0": {
            "0": 0.9684427976608276,
            "1": 0.6290289163589478
        },
        "1": {
            "0": 0.9555601477622986,
            "1": 0.9292743802070618
        }
    }
}