{
    "confidence_score": 0.9728392958641052,
    "ptm": 0.9769706130027771,
    "iptm": 0.9783008098602295,
    "ligand_iptm": 0.9783008098602295,
    "protein_iptm": 0.0,
    "complex_plddt": 0.9714738726615906,
    "complex_iplddt": 0.9710001945495605,
    "complex_pde": 0.2836289405822754,
    "complex_ipde": 0.36295178532600403,
    "chains_ptm": {
        "0": 0.9776749014854431,
        "1": 0.9432973861694336
    },
    "pair_chains_iptm": {
        "0": {
            "0": 0.9776749014854431,
            "1": 0.7052273154258728
        },
        "1": {
            "0": 0.9783008098602295,
            "1": 0.9432973861694336
        }
    }
}