{
    "confidence_score": 0.8771915435791016,
    "ptm": 0.909397304058075,
    "iptm": 0.7978259325027466,
    "ligand_iptm": 0.7978259325027466,
    "protein_iptm": 0.0,
    "complex_plddt": 0.8970329165458679,
    "complex_iplddt": 0.7340605854988098,
    "complex_pde": 0.5150994658470154,
    "complex_ipde": 1.141177773475647,
    "chains_ptm": {
        "0": 0.938130259513855,
        "1": 0.8996033072471619
    },
    "pair_chains_iptm": {
        "0": {
            "0": 0.938130259513855,
            "1": 0.4501975178718567
        },
        "1": {
            "0": 0.7978259325027466,
            "1": 0.8996033072471619
        }
    }
}