{
    "confidence_score": 0.9530555009841919,
    "ptm": 0.9520302414894104,
    "iptm": 0.9215437769889832,
    "ligand_iptm": 0.9215437769889832,
    "protein_iptm": 0.0,
    "complex_plddt": 0.9609333872795105,
    "complex_iplddt": 0.9295071363449097,
    "complex_pde": 0.35626962780952454,
    "complex_ipde": 0.6085106730461121,
    "chains_ptm": {
        "0": 0.965169370174408,
        "1": 0.9265443086624146
    },
    "pair_chains_iptm": {
        "0": {
            "0": 0.965169370174408,
            "1": 0.5696828961372375
        },
        "1": {
            "0": 0.9215437769889832,
            "1": 0.9265443086624146
        }
    }
}