{
    "affinity_pred_value": 0.7039942741394043,
    "affinity_probability_binary": 0.2447723150253296,
    "affinity_pred_value1": 0.978107213973999,
    "affinity_probability_binary1": 0.11524403840303421,
    "affinity_pred_value2": 0.4298813045024872,
    "affinity_probability_binary2": 0.37430059909820557
}