{
    "confidence_score": 0.912051796913147,
    "ptm": 0.8987180590629578,
    "iptm": 0.8411015272140503,
    "ligand_iptm": 0.8411015272140503,
    "protein_iptm": 0.0,
    "complex_plddt": 0.9297893047332764,
    "complex_iplddt": 0.8754998445510864,
    "complex_pde": 0.540490984916687,
    "complex_ipde": 1.048822283744812,
    "chains_ptm": {
        "0": 0.919253945350647,
        "1": 0.8945662975311279
    },
    "pair_chains_iptm": {
        "0": {
            "0": 0.919253945350647,
            "1": 0.5378492474555969
        },
        "1": {
            "0": 0.8411015272140503,
            "1": 0.8945662975311279
        }
    }
}