{
    "confidence_score": 0.9542545676231384,
    "ptm": 0.9635247588157654,
    "iptm": 0.9322500228881836,
    "ligand_iptm": 0.9322500228881836,
    "protein_iptm": 0.0,
    "complex_plddt": 0.9597556591033936,
    "complex_iplddt": 0.9341067671775818,
    "complex_pde": 0.37421610951423645,
    "complex_ipde": 0.6124314069747925,
    "chains_ptm": {
        "0": 0.9704617261886597,
        "1": 0.8532938957214355
    },
    "pair_chains_iptm": {
        "0": {
            "0": 0.9704617261886597,
            "1": 0.5852687954902649
        },
        "1": {
            "0": 0.9322500228881836,
            "1": 0.8532938957214355
        }
    }
}