{
    "affinity_pred_value": 1.7017149925231934,
    "affinity_probability_binary": 0.17669638991355896,
    "affinity_pred_value1": 1.2173553705215454,
    "affinity_probability_binary1": 0.13285626471042633,
    "affinity_pred_value2": 2.1860744953155518,
    "affinity_probability_binary2": 0.2205365002155304
}