{
    "confidence_score": 0.8779506683349609,
    "ptm": 0.9294154644012451,
    "iptm": 0.8567594885826111,
    "ligand_iptm": 0.8567594885826111,
    "protein_iptm": 0.0,
    "complex_plddt": 0.883248507976532,
    "complex_iplddt": 0.7619704008102417,
    "complex_pde": 0.47466591000556946,
    "complex_ipde": 0.7910674810409546,
    "chains_ptm": {
        "0": 0.9566627144813538,
        "1": 0.8052222728729248
    },
    "pair_chains_iptm": {
        "0": {
            "0": 0.9566627144813538,
            "1": 0.49336692690849304
        },
        "1": {
            "0": 0.8567594885826111,
            "1": 0.8052222728729248
        }
    }
}