{
    "affinity_pred_value": 1.1671388149261475,
    "affinity_probability_binary": 0.28433874249458313,
    "affinity_pred_value1": 1.1390076875686646,
    "affinity_probability_binary1": 0.2699243128299713,
    "affinity_pred_value2": 1.1952698230743408,
    "affinity_probability_binary2": 0.29875317215919495
}