{
    "confidence_score": 0.9609754681587219,
    "ptm": 0.9535672068595886,
    "iptm": 0.9434601068496704,
    "ligand_iptm": 0.9434601068496704,
    "protein_iptm": 0.0,
    "complex_plddt": 0.9653542637825012,
    "complex_iplddt": 0.9522413611412048,
    "complex_pde": 0.3609558343887329,
    "complex_ipde": 0.5814109444618225,
    "chains_ptm": {
        "0": 0.9559024572372437,
        "1": 0.9317463040351868
    },
    "pair_chains_iptm": {
        "0": {
            "0": 0.9559024572372437,
            "1": 0.6517773866653442
        },
        "1": {
            "0": 0.9434601068496704,
            "1": 0.9317463040351868
        }
    }
}