{
    "affinity_pred_value": 1.3801316022872925,
    "affinity_probability_binary": 0.26304128766059875,
    "affinity_pred_value1": 1.0044960975646973,
    "affinity_probability_binary1": 0.28346696496009827,
    "affinity_pred_value2": 1.7557671070098877,
    "affinity_probability_binary2": 0.24261562526226044
}