{
    "confidence_score": 0.9364124536514282,
    "ptm": 0.9449204206466675,
    "iptm": 0.9145817756652832,
    "ligand_iptm": 0.9145817756652832,
    "protein_iptm": 0.0,
    "complex_plddt": 0.9418701529502869,
    "complex_iplddt": 0.9217028021812439,
    "complex_pde": 0.39488542079925537,
    "complex_ipde": 0.7208847403526306,
    "chains_ptm": {
        "0": 0.9516194462776184,
        "1": 0.9349529147148132
    },
    "pair_chains_iptm": {
        "0": {
            "0": 0.9516194462776184,
            "1": 0.5824508666992188
        },
        "1": {
            "0": 0.9145817756652832,
            "1": 0.9349529147148132
        }
    }
}