{
    "affinity_pred_value": 0.9102190136909485,
    "affinity_probability_binary": 0.3461373746395111,
    "affinity_pred_value1": 1.0171135663986206,
    "affinity_probability_binary1": 0.32160958647727966,
    "affinity_pred_value2": 0.8033244609832764,
    "affinity_probability_binary2": 0.37066516280174255
}