{
    "confidence_score": 0.9159340262413025,
    "ptm": 0.9473385214805603,
    "iptm": 0.8791377544403076,
    "ligand_iptm": 0.8791377544403076,
    "protein_iptm": 0.0,
    "complex_plddt": 0.9251329898834229,
    "complex_iplddt": 0.8472548127174377,
    "complex_pde": 0.45605573058128357,
    "complex_ipde": 1.0191110372543335,
    "chains_ptm": {
        "0": 0.9617029428482056,
        "1": 0.8142844438552856
    },
    "pair_chains_iptm": {
        "0": {
            "0": 0.9617029428482056,
            "1": 0.46953627467155457
        },
        "1": {
            "0": 0.8791377544403076,
            "1": 0.8142844438552856
        }
    }
}