{
    "affinity_pred_value": 1.677614450454712,
    "affinity_probability_binary": 0.2584339380264282,
    "affinity_pred_value1": 1.6219650506973267,
    "affinity_probability_binary1": 0.2618483006954193,
    "affinity_pred_value2": 1.7332639694213867,
    "affinity_probability_binary2": 0.25501957535743713
}