{
    "confidence_score": 0.7619295716285706,
    "ptm": 0.8954989910125732,
    "iptm": 0.8040605187416077,
    "ligand_iptm": 0.8040605187416077,
    "protein_iptm": 0.0,
    "complex_plddt": 0.7513968348503113,
    "complex_iplddt": 0.5509100556373596,
    "complex_pde": 0.6476131677627563,
    "complex_ipde": 1.2531753778457642,
    "chains_ptm": {
        "0": 0.9364926815032959,
        "1": 0.7763505578041077
    },
    "pair_chains_iptm": {
        "0": {
            "0": 0.9364926815032959,
            "1": 0.451829731464386
        },
        "1": {
            "0": 0.8040605187416077,
            "1": 0.7763505578041077
        }
    }
}