{
    "affinity_pred_value": 1.3228461742401123,
    "affinity_probability_binary": 0.1711265742778778,
    "affinity_pred_value1": 1.0281428098678589,
    "affinity_probability_binary1": 0.17070679366588593,
    "affinity_pred_value2": 1.6175494194030762,
    "affinity_probability_binary2": 0.1715463548898697
}