{
    "confidence_score": 0.9362160563468933,
    "ptm": 0.9357275366783142,
    "iptm": 0.8889279961585999,
    "ligand_iptm": 0.8889279961585999,
    "protein_iptm": 0.0,
    "complex_plddt": 0.9480381011962891,
    "complex_iplddt": 0.9110421538352966,
    "complex_pde": 0.4477974474430084,
    "complex_ipde": 0.7263852953910828,
    "chains_ptm": {
        "0": 0.9544007182121277,
        "1": 0.8407101631164551
    },
    "pair_chains_iptm": {
        "0": {
            "0": 0.9544007182121277,
            "1": 0.5938905477523804
        },
        "1": {
            "0": 0.8889279961585999,
            "1": 0.8407101631164551
        }
    }
}