{
    "affinity_pred_value": 2.1814756393432617,
    "affinity_probability_binary": 0.1739974319934845,
    "affinity_pred_value1": 2.017834186553955,
    "affinity_probability_binary1": 0.12912356853485107,
    "affinity_pred_value2": 2.3451170921325684,
    "affinity_probability_binary2": 0.21887128055095673
}