{
    "affinity_pred_value": 0.20700377225875854,
    "affinity_probability_binary": 0.4425557255744934,
    "affinity_pred_value1": 0.579711377620697,
    "affinity_probability_binary1": 0.38528329133987427,
    "affinity_pred_value2": -0.16570384800434113,
    "affinity_probability_binary2": 0.49982815980911255
}