{
    "affinity_pred_value": 1.3121452331542969,
    "affinity_probability_binary": 0.2111668884754181,
    "affinity_pred_value1": 1.2172359228134155,
    "affinity_probability_binary1": 0.10626023262739182,
    "affinity_pred_value2": 1.4070546627044678,
    "affinity_probability_binary2": 0.31607353687286377
}