{
    "affinity_pred_value": 1.5130441188812256,
    "affinity_probability_binary": 0.17319142818450928,
    "affinity_pred_value1": 1.2463488578796387,
    "affinity_probability_binary1": 0.08269345760345459,
    "affinity_pred_value2": 1.7797393798828125,
    "affinity_probability_binary2": 0.26368939876556396
}