{
    "affinity_pred_value": 1.1367652416229248,
    "affinity_probability_binary": 0.16747330129146576,
    "affinity_pred_value1": 1.6008156538009644,
    "affinity_probability_binary1": 0.13072437047958374,
    "affinity_pred_value2": 0.6727147102355957,
    "affinity_probability_binary2": 0.20422223210334778
}