{
    "affinity_pred_value": 1.8206831216812134,
    "affinity_probability_binary": 0.2015029340982437,
    "affinity_pred_value1": 1.866577386856079,
    "affinity_probability_binary1": 0.1027054563164711,
    "affinity_pred_value2": 1.7747888565063477,
    "affinity_probability_binary2": 0.3003004193305969
}