{
    "confidence_score": 0.938546359539032,
    "ptm": 0.9566950798034668,
    "iptm": 0.920253336429596,
    "ligand_iptm": 0.920253336429596,
    "protein_iptm": 0.0,
    "complex_plddt": 0.9431196451187134,
    "complex_iplddt": 0.8857468366622925,
    "complex_pde": 0.37728020548820496,
    "complex_ipde": 0.7129123210906982,
    "chains_ptm": {
        "0": 0.9631819725036621,
        "1": 0.9185953736305237
    },
    "pair_chains_iptm": {
        "0": {
            "0": 0.9631819725036621,
            "1": 0.5864189267158508
        },
        "1": {
            "0": 0.920253336429596,
            "1": 0.9185953736305237
        }
    }
}