{
    "affinity_pred_value": 0.6418510675430298,
    "affinity_probability_binary": 0.3957759141921997,
    "affinity_pred_value1": 0.4875357151031494,
    "affinity_probability_binary1": 0.39174631237983704,
    "affinity_pred_value2": 0.7961664199829102,
    "affinity_probability_binary2": 0.39980554580688477
}