{
    "confidence_score": 0.9804081320762634,
    "ptm": 0.9569382071495056,
    "iptm": 0.976254940032959,
    "ligand_iptm": 0.976254940032959,
    "protein_iptm": 0.0,
    "complex_plddt": 0.981446385383606,
    "complex_iplddt": 0.9824149012565613,
    "complex_pde": 0.31312665343284607,
    "complex_ipde": 0.37461742758750916,
    "chains_ptm": {
        "0": 0.9527750611305237,
        "1": 0.9311092495918274
    },
    "pair_chains_iptm": {
        "0": {
            "0": 0.9527750611305237,
            "1": 0.7661327719688416
        },
        "1": {
            "0": 0.976254940032959,
            "1": 0.9311092495918274
        }
    }
}