{
    "affinity_pred_value": 1.7338061332702637,
    "affinity_probability_binary": 0.25873684883117676,
    "affinity_pred_value1": 1.7603847980499268,
    "affinity_probability_binary1": 0.2904018759727478,
    "affinity_pred_value2": 1.7072275876998901,
    "affinity_probability_binary2": 0.2270718216896057
}