{
    "confidence_score": 0.9662107825279236,
    "ptm": 0.9710140228271484,
    "iptm": 0.9668135046958923,
    "ligand_iptm": 0.9668135046958923,
    "protein_iptm": 0.0,
    "complex_plddt": 0.9660600423812866,
    "complex_iplddt": 0.9480137228965759,
    "complex_pde": 0.3354884088039398,
    "complex_ipde": 0.46220946311950684,
    "chains_ptm": {
        "0": 0.972806990146637,
        "1": 0.9567086696624756
    },
    "pair_chains_iptm": {
        "0": {
            "0": 0.972806990146637,
            "1": 0.7962813377380371
        },
        "1": {
            "0": 0.9668135046958923,
            "1": 0.9567086696624756
        }
    }
}