{
    "confidence_score": 0.9646422266960144,
    "ptm": 0.9590699672698975,
    "iptm": 0.9424960017204285,
    "ligand_iptm": 0.9424960017204285,
    "protein_iptm": 0.0,
    "complex_plddt": 0.9701788425445557,
    "complex_iplddt": 0.9563180804252625,
    "complex_pde": 0.3369707763195038,
    "complex_ipde": 0.5228703022003174,
    "chains_ptm": {
        "0": 0.9632311463356018,
        "1": 0.921293318271637
    },
    "pair_chains_iptm": {
        "0": {
            "0": 0.9632311463356018,
            "1": 0.670944333076477
        },
        "1": {
            "0": 0.9424960017204285,
            "1": 0.921293318271637
        }
    }
}