{
    "affinity_pred_value": 0.6612802147865295,
    "affinity_probability_binary": 0.11683438718318939,
    "affinity_pred_value1": 0.8212716579437256,
    "affinity_probability_binary1": 0.030476218089461327,
    "affinity_pred_value2": 0.5012887716293335,
    "affinity_probability_binary2": 0.2031925618648529
}