{
    "confidence_score": 0.7548986673355103,
    "ptm": 0.8704789280891418,
    "iptm": 0.5875239372253418,
    "ligand_iptm": 0.5875239372253418,
    "protein_iptm": 0.0,
    "complex_plddt": 0.79674232006073,
    "complex_iplddt": 0.3665556311607361,
    "complex_pde": 0.7827262282371521,
    "complex_ipde": 3.3754897117614746,
    "chains_ptm": {
        "0": 0.9653077125549316,
        "1": 0.7088261246681213
    },
    "pair_chains_iptm": {
        "0": {
            "0": 0.9653077125549316,
            "1": 0.21680393815040588
        },
        "1": {
            "0": 0.5875239372253418,
            "1": 0.7088261246681213
        }
    }
}