{
    "affinity_pred_value": 0.9607344269752502,
    "affinity_probability_binary": 0.10304345190525055,
    "affinity_pred_value1": 0.817449688911438,
    "affinity_probability_binary1": 0.0951709970831871,
    "affinity_pred_value2": 1.1040191650390625,
    "affinity_probability_binary2": 0.110915906727314
}