{
    "confidence_score": 0.9481357932090759,
    "ptm": 0.9748879671096802,
    "iptm": 0.955451250076294,
    "ligand_iptm": 0.955451250076294,
    "protein_iptm": 0.0,
    "complex_plddt": 0.9463069438934326,
    "complex_iplddt": 0.8828681707382202,
    "complex_pde": 0.3743438720703125,
    "complex_ipde": 0.7052633166313171,
    "chains_ptm": {
        "0": 0.977448582649231,
        "1": 0.9080641865730286
    },
    "pair_chains_iptm": {
        "0": {
            "0": 0.977448582649231,
            "1": 0.6632920503616333
        },
        "1": {
            "0": 0.955451250076294,
            "1": 0.9080641865730286
        }
    }
}