{
    "confidence_score": 0.8573963046073914,
    "ptm": 0.9370783567428589,
    "iptm": 0.8505747318267822,
    "ligand_iptm": 0.8505747318267822,
    "protein_iptm": 0.0,
    "complex_plddt": 0.8591017127037048,
    "complex_iplddt": 0.6975911855697632,
    "complex_pde": 0.5332919359207153,
    "complex_ipde": 0.9659398794174194,
    "chains_ptm": {
        "0": 0.9676291942596436,
        "1": 0.8343992829322815
    },
    "pair_chains_iptm": {
        "0": {
            "0": 0.9676291942596436,
            "1": 0.6195412874221802
        },
        "1": {
            "0": 0.8505747318267822,
            "1": 0.8343992829322815
        }
    }
}