{
    "affinity_pred_value": 0.7202622294425964,
    "affinity_probability_binary": 0.5152016282081604,
    "affinity_pred_value1": 0.4086228907108307,
    "affinity_probability_binary1": 0.6113113760948181,
    "affinity_pred_value2": 1.0319015979766846,
    "affinity_probability_binary2": 0.4190918505191803
}