{
    "confidence_score": 0.8835813403129578,
    "ptm": 0.9132859706878662,
    "iptm": 0.8144751787185669,
    "ligand_iptm": 0.8144751787185669,
    "protein_iptm": 0.0,
    "complex_plddt": 0.9008579254150391,
    "complex_iplddt": 0.8058373332023621,
    "complex_pde": 0.5724191069602966,
    "complex_ipde": 1.1362321376800537,
    "chains_ptm": {
        "0": 0.9376091361045837,
        "1": 0.7939112782478333
    },
    "pair_chains_iptm": {
        "0": {
            "0": 0.9376091361045837,
            "1": 0.4106006324291229
        },
        "1": {
            "0": 0.8144751787185669,
            "1": 0.7939112782478333
        }
    }
}