{
    "affinity_pred_value": 1.7627432346343994,
    "affinity_probability_binary": 0.2502235174179077,
    "affinity_pred_value1": 1.6953569650650024,
    "affinity_probability_binary1": 0.24335244297981262,
    "affinity_pred_value2": 1.8301295042037964,
    "affinity_probability_binary2": 0.2570945918560028
}