{
    "confidence_score": 0.9296553730964661,
    "ptm": 0.9356415271759033,
    "iptm": 0.8979007005691528,
    "ligand_iptm": 0.8979007005691528,
    "protein_iptm": 0.0,
    "complex_plddt": 0.9375940561294556,
    "complex_iplddt": 0.8953665494918823,
    "complex_pde": 0.4305022358894348,
    "complex_ipde": 0.7021408081054688,
    "chains_ptm": {
        "0": 0.9479696750640869,
        "1": 0.9242169857025146
    },
    "pair_chains_iptm": {
        "0": {
            "0": 0.9479696750640869,
            "1": 0.6104490160942078
        },
        "1": {
            "0": 0.8979007005691528,
            "1": 0.9242169857025146
        }
    }
}