{
    "affinity_pred_value": 1.6182496547698975,
    "affinity_probability_binary": 0.294281929731369,
    "affinity_pred_value1": 1.679618239402771,
    "affinity_probability_binary1": 0.23600943386554718,
    "affinity_pred_value2": 1.556881070137024,
    "affinity_probability_binary2": 0.35255444049835205
}