{
    "confidence_score": 0.8763454556465149,
    "ptm": 0.9346168041229248,
    "iptm": 0.8876575231552124,
    "ligand_iptm": 0.8876575231552124,
    "protein_iptm": 0.0,
    "complex_plddt": 0.8735174536705017,
    "complex_iplddt": 0.7606585025787354,
    "complex_pde": 0.5137459635734558,
    "complex_ipde": 0.8669794797897339,
    "chains_ptm": {
        "0": 0.9484056234359741,
        "1": 0.8704813718795776
    },
    "pair_chains_iptm": {
        "0": {
            "0": 0.9484056234359741,
            "1": 0.6478422284126282
        },
        "1": {
            "0": 0.8876575231552124,
            "1": 0.8704813718795776
        }
    }
}