{
    "confidence_score": 0.9054180383682251,
    "ptm": 0.9359971284866333,
    "iptm": 0.9197477698326111,
    "ligand_iptm": 0.9197477698326111,
    "protein_iptm": 0.0,
    "complex_plddt": 0.9018356204032898,
    "complex_iplddt": 0.8496174812316895,
    "complex_pde": 0.42898231744766235,
    "complex_ipde": 0.6044626832008362,
    "chains_ptm": {
        "0": 0.9428291320800781,
        "1": 0.8956077694892883
    },
    "pair_chains_iptm": {
        "0": {
            "0": 0.9428291320800781,
            "1": 0.7123959064483643
        },
        "1": {
            "0": 0.9197477698326111,
            "1": 0.8956077694892883
        }
    }
}