{
    "affinity_pred_value": 1.5689016580581665,
    "affinity_probability_binary": 0.19242778420448303,
    "affinity_pred_value1": 1.829124093055725,
    "affinity_probability_binary1": 0.12983357906341553,
    "affinity_pred_value2": 1.308679223060608,
    "affinity_probability_binary2": 0.25502198934555054
}