{
    "affinity_pred_value": 0.7477409839630127,
    "affinity_probability_binary": 0.2942570149898529,
    "affinity_pred_value1": 0.8256176710128784,
    "affinity_probability_binary1": 0.24062949419021606,
    "affinity_pred_value2": 0.6698642373085022,
    "affinity_probability_binary2": 0.34788453578948975
}