{
    "affinity_pred_value": 0.6317446231842041,
    "affinity_probability_binary": 0.2562580704689026,
    "affinity_pred_value1": 0.8147590160369873,
    "affinity_probability_binary1": 0.10271055996417999,
    "affinity_pred_value2": 0.4487302899360657,
    "affinity_probability_binary2": 0.4098055958747864
}