{
    "affinity_pred_value": 1.2636711597442627,
    "affinity_probability_binary": 0.18196766078472137,
    "affinity_pred_value1": 1.4618306159973145,
    "affinity_probability_binary1": 0.05787014588713646,
    "affinity_pred_value2": 1.0655115842819214,
    "affinity_probability_binary2": 0.306065171957016
}