{
    "affinity_pred_value": 1.06062912940979,
    "affinity_probability_binary": 0.3062754273414612,
    "affinity_pred_value1": 1.2284456491470337,
    "affinity_probability_binary1": 0.254071444272995,
    "affinity_pred_value2": 0.8928125500679016,
    "affinity_probability_binary2": 0.35847944021224976
}