{
    "confidence_score": 0.9429206252098083,
    "ptm": 0.9491802453994751,
    "iptm": 0.9507125020027161,
    "ligand_iptm": 0.9507125020027161,
    "protein_iptm": 0.0,
    "complex_plddt": 0.940972626209259,
    "complex_iplddt": 0.8878396153450012,
    "complex_pde": 0.3541066348552704,
    "complex_ipde": 0.5417781472206116,
    "chains_ptm": {
        "0": 0.9489005208015442,
        "1": 0.9203925728797913
    },
    "pair_chains_iptm": {
        "0": {
            "0": 0.9489005208015442,
            "1": 0.7121225595474243
        },
        "1": {
            "0": 0.9507125020027161,
            "1": 0.9203925728797913
        }
    }
}