{
    "confidence_score": 0.9194739460945129,
    "ptm": 0.9242414236068726,
    "iptm": 0.8157520890235901,
    "ligand_iptm": 0.8157520890235901,
    "protein_iptm": 0.0,
    "complex_plddt": 0.9454044103622437,
    "complex_iplddt": 0.8704553246498108,
    "complex_pde": 0.46281149983406067,
    "complex_ipde": 1.0476479530334473,
    "chains_ptm": {
        "0": 0.9720251560211182,
        "1": 0.8137189149856567
    },
    "pair_chains_iptm": {
        "0": {
            "0": 0.9720251560211182,
            "1": 0.5369608998298645
        },
        "1": {
            "0": 0.8157520890235901,
            "1": 0.8137189149856567
        }
    }
}