{
    "affinity_pred_value": 1.015694499015808,
    "affinity_probability_binary": 0.20239625871181488,
    "affinity_pred_value1": 1.0495506525039673,
    "affinity_probability_binary1": 0.0695396438241005,
    "affinity_pred_value2": 0.9818384051322937,
    "affinity_probability_binary2": 0.33525288105010986
}