{
    "affinity_pred_value": 1.0891225337982178,
    "affinity_probability_binary": 0.25331589579582214,
    "affinity_pred_value1": 1.074781894683838,
    "affinity_probability_binary1": 0.2271098643541336,
    "affinity_pred_value2": 1.103463053703308,
    "affinity_probability_binary2": 0.2795219421386719
}