{
    "confidence_score": 0.8639921545982361,
    "ptm": 0.9252417087554932,
    "iptm": 0.7717074155807495,
    "ligand_iptm": 0.7717074155807495,
    "protein_iptm": 0.0,
    "complex_plddt": 0.8870632648468018,
    "complex_iplddt": 0.7153691649436951,
    "complex_pde": 0.45621946454048157,
    "complex_ipde": 1.1978251934051514,
    "chains_ptm": {
        "0": 0.9676274657249451,
        "1": 0.8045008778572083
    },
    "pair_chains_iptm": {
        "0": {
            "0": 0.9676274657249451,
            "1": 0.40893471240997314
        },
        "1": {
            "0": 0.7717074155807495,
            "1": 0.8045008778572083
        }
    }
}