{
    "affinity_pred_value": -0.7255285978317261,
    "affinity_probability_binary": 0.7672703266143799,
    "affinity_pred_value1": -0.5975478291511536,
    "affinity_probability_binary1": 0.7833279967308044,
    "affinity_pred_value2": -0.8535093665122986,
    "affinity_probability_binary2": 0.7512125968933105
}