{
    "affinity_pred_value": 1.524430751800537,
    "affinity_probability_binary": 0.33809423446655273,
    "affinity_pred_value1": 1.370258092880249,
    "affinity_probability_binary1": 0.25191590189933777,
    "affinity_pred_value2": 1.6786034107208252,
    "affinity_probability_binary2": 0.4242725372314453
}