{
    "confidence_score": 0.9728342294692993,
    "ptm": 0.9596094489097595,
    "iptm": 0.9655361175537109,
    "ligand_iptm": 0.9655361175537109,
    "protein_iptm": 0.0,
    "complex_plddt": 0.974658727645874,
    "complex_iplddt": 0.9698828458786011,
    "complex_pde": 0.3320532441139221,
    "complex_ipde": 0.427991658449173,
    "chains_ptm": {
        "0": 0.9611561298370361,
        "1": 0.9549552798271179
    },
    "pair_chains_iptm": {
        "0": {
            "0": 0.9611561298370361,
            "1": 0.7533915042877197
        },
        "1": {
            "0": 0.9655361175537109,
            "1": 0.9549552798271179
        }
    }
}