{
    "affinity_pred_value": 1.0791702270507812,
    "affinity_probability_binary": 0.11667738854885101,
    "affinity_pred_value1": 1.3827530145645142,
    "affinity_probability_binary1": 0.009872828610241413,
    "affinity_pred_value2": 0.7755874395370483,
    "affinity_probability_binary2": 0.2234819531440735
}