{
    "confidence_score": 0.9676856994628906,
    "ptm": 0.9555720090866089,
    "iptm": 0.9523480534553528,
    "ligand_iptm": 0.9523480534553528,
    "protein_iptm": 0.0,
    "complex_plddt": 0.9715200662612915,
    "complex_iplddt": 0.9587544798851013,
    "complex_pde": 0.34170860052108765,
    "complex_ipde": 0.5197669863700867,
    "chains_ptm": {
        "0": 0.9563438296318054,
        "1": 0.9198551774024963
    },
    "pair_chains_iptm": {
        "0": {
            "0": 0.9563438296318054,
            "1": 0.7196413278579712
        },
        "1": {
            "0": 0.9523480534553528,
            "1": 0.9198551774024963
        }
    }
}