{
    "affinity_pred_value": 0.8113027215003967,
    "affinity_probability_binary": 0.47642529010772705,
    "affinity_pred_value1": 0.3956714868545532,
    "affinity_probability_binary1": 0.5789400935173035,
    "affinity_pred_value2": 1.2269339561462402,
    "affinity_probability_binary2": 0.37391045689582825
}