{
    "affinity_pred_value": 1.2724823951721191,
    "affinity_probability_binary": 0.4304952919483185,
    "affinity_pred_value1": 1.333686113357544,
    "affinity_probability_binary1": 0.5002405643463135,
    "affinity_pred_value2": 1.2112786769866943,
    "affinity_probability_binary2": 0.3607500195503235
}