{
    "affinity_pred_value": 1.0290554761886597,
    "affinity_probability_binary": 0.3030150234699249,
    "affinity_pred_value1": 1.3813503980636597,
    "affinity_probability_binary1": 0.18339206278324127,
    "affinity_pred_value2": 0.6767604947090149,
    "affinity_probability_binary2": 0.4226379692554474
}