{
    "confidence_score": 0.9404150247573853,
    "ptm": 0.9668602347373962,
    "iptm": 0.9584704041481018,
    "ligand_iptm": 0.9584704041481018,
    "protein_iptm": 0.0,
    "complex_plddt": 0.9359011650085449,
    "complex_iplddt": 0.8558177947998047,
    "complex_pde": 0.3289257287979126,
    "complex_ipde": 0.5322726368904114,
    "chains_ptm": {
        "0": 0.9687588810920715,
        "1": 0.9297002553939819
    },
    "pair_chains_iptm": {
        "0": {
            "0": 0.9687588810920715,
            "1": 0.7121903300285339
        },
        "1": {
            "0": 0.9584704041481018,
            "1": 0.9297002553939819
        }
    }
}