{
    "confidence_score": 0.9460999369621277,
    "ptm": 0.9529253244400024,
    "iptm": 0.8465428948402405,
    "ligand_iptm": 0.8465428948402405,
    "protein_iptm": 0.0,
    "complex_plddt": 0.9709892272949219,
    "complex_iplddt": 0.9534018039703369,
    "complex_pde": 0.4713495373725891,
    "complex_ipde": 1.1574749946594238,
    "chains_ptm": {
        "0": 0.9711757898330688,
        "1": 0.9080774784088135
    },
    "pair_chains_iptm": {
        "0": {
            "0": 0.9711757898330688,
            "1": 0.47997725009918213
        },
        "1": {
            "0": 0.8465428948402405,
            "1": 0.9080774784088135
        }
    }
}