{
    "affinity_pred_value": 1.6940810680389404,
    "affinity_probability_binary": 0.17677772045135498,
    "affinity_pred_value1": 2.121516704559326,
    "affinity_probability_binary1": 0.09806811809539795,
    "affinity_pred_value2": 1.2666454315185547,
    "affinity_probability_binary2": 0.255487322807312
}