{
    "affinity_pred_value": 1.3003281354904175,
    "affinity_probability_binary": 0.10729046165943146,
    "affinity_pred_value1": 1.380871295928955,
    "affinity_probability_binary1": 0.06191571056842804,
    "affinity_pred_value2": 1.2197849750518799,
    "affinity_probability_binary2": 0.15266521275043488
}