{
    "confidence_score": 0.853482723236084,
    "ptm": 0.9205365777015686,
    "iptm": 0.7315788865089417,
    "ligand_iptm": 0.7315788865089417,
    "protein_iptm": 0.0,
    "complex_plddt": 0.883958637714386,
    "complex_iplddt": 0.6587883830070496,
    "complex_pde": 0.5356431603431702,
    "complex_ipde": 2.3373286724090576,
    "chains_ptm": {
        "0": 0.9623686671257019,
        "1": 0.9057915806770325
    },
    "pair_chains_iptm": {
        "0": {
            "0": 0.9623686671257019,
            "1": 0.351374089717865
        },
        "1": {
            "0": 0.7315788865089417,
            "1": 0.9057915806770325
        }
    }
}