{
    "affinity_pred_value": 1.5864289999008179,
    "affinity_probability_binary": 0.22632691264152527,
    "affinity_pred_value1": 1.7256327867507935,
    "affinity_probability_binary1": 0.1531514674425125,
    "affinity_pred_value2": 1.4472252130508423,
    "affinity_probability_binary2": 0.29950234293937683
}