{
    "confidence_score": 0.9375077486038208,
    "ptm": 0.9158177375793457,
    "iptm": 0.8539642095565796,
    "ligand_iptm": 0.8539642095565796,
    "protein_iptm": 0.0,
    "complex_plddt": 0.9583936333656311,
    "complex_iplddt": 0.9248877167701721,
    "complex_pde": 0.47031453251838684,
    "complex_ipde": 0.95075523853302,
    "chains_ptm": {
        "0": 0.9322420358657837,
        "1": 0.9025880098342896
    },
    "pair_chains_iptm": {
        "0": {
            "0": 0.9322420358657837,
            "1": 0.48530787229537964
        },
        "1": {
            "0": 0.8539642095565796,
            "1": 0.9025880098342896
        }
    }
}