{
    "affinity_pred_value": 0.8751145005226135,
    "affinity_probability_binary": 0.570990264415741,
    "affinity_pred_value1": 0.871177613735199,
    "affinity_probability_binary1": 0.6695948839187622,
    "affinity_pred_value2": 0.8790513873100281,
    "affinity_probability_binary2": 0.4723856747150421
}