{
    "confidence_score": 0.931326687335968,
    "ptm": 0.9344565868377686,
    "iptm": 0.9079599976539612,
    "ligand_iptm": 0.9079599976539612,
    "protein_iptm": 0.0,
    "complex_plddt": 0.9371683597564697,
    "complex_iplddt": 0.9056848883628845,
    "complex_pde": 0.4406614601612091,
    "complex_ipde": 0.724696934223175,
    "chains_ptm": {
        "0": 0.9444324970245361,
        "1": 0.8534337282180786
    },
    "pair_chains_iptm": {
        "0": {
            "0": 0.9444324970245361,
            "1": 0.5667126774787903
        },
        "1": {
            "0": 0.9079599976539612,
            "1": 0.8534337282180786
        }
    }
}