{
    "confidence_score": 0.9435340762138367,
    "ptm": 0.9493134021759033,
    "iptm": 0.8714680671691895,
    "ligand_iptm": 0.8714680671691895,
    "protein_iptm": 0.0,
    "complex_plddt": 0.9615506529808044,
    "complex_iplddt": 0.920651912689209,
    "complex_pde": 0.44693470001220703,
    "complex_ipde": 0.9159328937530518,
    "chains_ptm": {
        "0": 0.9771952033042908,
        "1": 0.8368505239486694
    },
    "pair_chains_iptm": {
        "0": {
            "0": 0.9771952033042908,
            "1": 0.515516459941864
        },
        "1": {
            "0": 0.8714680671691895,
            "1": 0.8368505239486694
        }
    }
}