{
    "affinity_pred_value": 2.0272672176361084,
    "affinity_probability_binary": 0.3627641797065735,
    "affinity_pred_value1": 2.0860118865966797,
    "affinity_probability_binary1": 0.21499386429786682,
    "affinity_pred_value2": 1.968522548675537,
    "affinity_probability_binary2": 0.5105344653129578
}