{
    "confidence_score": 0.9418092966079712,
    "ptm": 0.9569725394248962,
    "iptm": 0.9399092793464661,
    "ligand_iptm": 0.9399092793464661,
    "protein_iptm": 0.0,
    "complex_plddt": 0.9422842264175415,
    "complex_iplddt": 0.91935133934021,
    "complex_pde": 0.35812175273895264,
    "complex_ipde": 0.5493592619895935,
    "chains_ptm": {
        "0": 0.9613195061683655,
        "1": 0.9227285981178284
    },
    "pair_chains_iptm": {
        "0": {
            "0": 0.9613195061683655,
            "1": 0.6211593747138977
        },
        "1": {
            "0": 0.9399092793464661,
            "1": 0.9227285981178284
        }
    }
}