{
    "confidence_score": 0.9546977281570435,
    "ptm": 0.9327764511108398,
    "iptm": 0.861577570438385,
    "ligand_iptm": 0.861577570438385,
    "protein_iptm": 0.0,
    "complex_plddt": 0.9779776930809021,
    "complex_iplddt": 0.9632270336151123,
    "complex_pde": 0.4639272093772888,
    "complex_ipde": 0.9706898927688599,
    "chains_ptm": {
        "0": 0.9449963569641113,
        "1": 0.89431232213974
    },
    "pair_chains_iptm": {
        "0": {
            "0": 0.9449963569641113,
            "1": 0.4750393331050873
        },
        "1": {
            "0": 0.861577570438385,
            "1": 0.89431232213974
        }
    }
}