{
    "affinity_pred_value": 1.1906821727752686,
    "affinity_probability_binary": 0.250621497631073,
    "affinity_pred_value1": 0.6916041374206543,
    "affinity_probability_binary1": 0.23789182305335999,
    "affinity_pred_value2": 1.6897603273391724,
    "affinity_probability_binary2": 0.2633511424064636
}