{
    "affinity_pred_value": 1.943281650543213,
    "affinity_probability_binary": 0.23094519972801208,
    "affinity_pred_value1": 1.765855312347412,
    "affinity_probability_binary1": 0.2208591103553772,
    "affinity_pred_value2": 2.1207079887390137,
    "affinity_probability_binary2": 0.24103128910064697
}