{
    "affinity_pred_value": 1.1267257928848267,
    "affinity_probability_binary": 0.49735382199287415,
    "affinity_pred_value1": 1.1603831052780151,
    "affinity_probability_binary1": 0.6336585879325867,
    "affinity_pred_value2": 1.0930684804916382,
    "affinity_probability_binary2": 0.3610490560531616
}