{
    "affinity_pred_value": 1.3704627752304077,
    "affinity_probability_binary": 0.1646222323179245,
    "affinity_pred_value1": 0.8991830945014954,
    "affinity_probability_binary1": 0.08701220154762268,
    "affinity_pred_value2": 1.8417423963546753,
    "affinity_probability_binary2": 0.24223226308822632
}