{
    "affinity_pred_value": 0.5001093149185181,
    "affinity_probability_binary": 0.3327863812446594,
    "affinity_pred_value1": 0.37221559882164,
    "affinity_probability_binary1": 0.3863987922668457,
    "affinity_pred_value2": 0.6280030608177185,
    "affinity_probability_binary2": 0.27917397022247314
}