{
    "affinity_pred_value": -0.12235715240240097,
    "affinity_probability_binary": 0.6404831409454346,
    "affinity_pred_value1": 0.059324994683265686,
    "affinity_probability_binary1": 0.5173408389091492,
    "affinity_pred_value2": -0.3040392994880676,
    "affinity_probability_binary2": 0.7636255025863647
}