{
    "confidence_score": 0.9726907014846802,
    "ptm": 0.9660628437995911,
    "iptm": 0.9766968488693237,
    "ligand_iptm": 0.9766968488693237,
    "protein_iptm": 0.0,
    "complex_plddt": 0.9716891050338745,
    "complex_iplddt": 0.9734066724777222,
    "complex_pde": 0.29157590866088867,
    "complex_ipde": 0.36350736021995544,
    "chains_ptm": {
        "0": 0.9648258686065674,
        "1": 0.9317550659179688
    },
    "pair_chains_iptm": {
        "0": {
            "0": 0.9648258686065674,
            "1": 0.7928516268730164
        },
        "1": {
            "0": 0.9766968488693237,
            "1": 0.9317550659179688
        }
    }
}