{
    "affinity_pred_value": 0.3502436876296997,
    "affinity_probability_binary": 0.8139193654060364,
    "affinity_pred_value1": 0.6617650985717773,
    "affinity_probability_binary1": 0.8181050419807434,
    "affinity_pred_value2": 0.03872230648994446,
    "affinity_probability_binary2": 0.8097336888313293
}