{
    "affinity_pred_value": 1.3285069465637207,
    "affinity_probability_binary": 0.34144702553749084,
    "affinity_pred_value1": 1.1207177639007568,
    "affinity_probability_binary1": 0.3076927661895752,
    "affinity_pred_value2": 1.5362961292266846,
    "affinity_probability_binary2": 0.3752012848854065
}