{
    "confidence_score": 0.9210659265518188,
    "ptm": 0.9213998317718506,
    "iptm": 0.8909869194030762,
    "ligand_iptm": 0.8909869194030762,
    "protein_iptm": 0.0,
    "complex_plddt": 0.9285856485366821,
    "complex_iplddt": 0.8816487193107605,
    "complex_pde": 0.4342837333679199,
    "complex_ipde": 0.8250858783721924,
    "chains_ptm": {
        "0": 0.9270973801612854,
        "1": 0.9196386337280273
    },
    "pair_chains_iptm": {
        "0": {
            "0": 0.9270973801612854,
            "1": 0.5666706562042236
        },
        "1": {
            "0": 0.8909869194030762,
            "1": 0.9196386337280273
        }
    }
}