{
    "confidence_score": 0.8438965082168579,
    "ptm": 0.8739999532699585,
    "iptm": 0.7274101972579956,
    "ligand_iptm": 0.7274101972579956,
    "protein_iptm": 0.0,
    "complex_plddt": 0.8730180859565735,
    "complex_iplddt": 0.7281860709190369,
    "complex_pde": 0.8342741131782532,
    "complex_ipde": 2.01472806930542,
    "chains_ptm": {
        "0": 0.9166524410247803,
        "1": 0.722154438495636
    },
    "pair_chains_iptm": {
        "0": {
            "0": 0.9166524410247803,
            "1": 0.3662893772125244
        },
        "1": {
            "0": 0.7274101972579956,
            "1": 0.722154438495636
        }
    }
}