{
    "affinity_pred_value": 1.2221816778182983,
    "affinity_probability_binary": 0.3385218381881714,
    "affinity_pred_value1": 1.106502890586853,
    "affinity_probability_binary1": 0.3643175959587097,
    "affinity_pred_value2": 1.3378604650497437,
    "affinity_probability_binary2": 0.31272611021995544
}