{
    "affinity_pred_value": 1.2109594345092773,
    "affinity_probability_binary": 0.3581043481826782,
    "affinity_pred_value1": 1.284920334815979,
    "affinity_probability_binary1": 0.39728838205337524,
    "affinity_pred_value2": 1.1369984149932861,
    "affinity_probability_binary2": 0.3189203441143036
}