{
    "confidence_score": 0.8282238245010376,
    "ptm": 0.9468501210212708,
    "iptm": 0.8495374321937561,
    "ligand_iptm": 0.8495374321937561,
    "protein_iptm": 0.0,
    "complex_plddt": 0.822895348072052,
    "complex_iplddt": 0.5486758947372437,
    "complex_pde": 0.41689369082450867,
    "complex_ipde": 1.449633240699768,
    "chains_ptm": {
        "0": 0.9660595059394836,
        "1": 0.9237987995147705
    },
    "pair_chains_iptm": {
        "0": {
            "0": 0.9660595059394836,
            "1": 0.4818095862865448
        },
        "1": {
            "0": 0.8495374321937561,
            "1": 0.9237987995147705
        }
    }
}