{
    "confidence_score": 0.9446808099746704,
    "ptm": 0.9489667415618896,
    "iptm": 0.9168315529823303,
    "ligand_iptm": 0.9168315529823303,
    "protein_iptm": 0.0,
    "complex_plddt": 0.9516431093215942,
    "complex_iplddt": 0.912762463092804,
    "complex_pde": 0.4037259519100189,
    "complex_ipde": 0.7506941556930542,
    "chains_ptm": {
        "0": 0.954788327217102,
        "1": 0.9033812880516052
    },
    "pair_chains_iptm": {
        "0": {
            "0": 0.954788327217102,
            "1": 0.6180935502052307
        },
        "1": {
            "0": 0.9168315529823303,
            "1": 0.9033812880516052
        }
    }
}