{
    "affinity_pred_value": 1.2432276010513306,
    "affinity_probability_binary": 0.3475603759288788,
    "affinity_pred_value1": 1.621536135673523,
    "affinity_probability_binary1": 0.21918468177318573,
    "affinity_pred_value2": 0.864919126033783,
    "affinity_probability_binary2": 0.47593605518341064
}