{
    "confidence_score": 0.9206016659736633,
    "ptm": 0.9436842799186707,
    "iptm": 0.8978850245475769,
    "ligand_iptm": 0.8978850245475769,
    "protein_iptm": 0.0,
    "complex_plddt": 0.9262808561325073,
    "complex_iplddt": 0.8247570395469666,
    "complex_pde": 0.3981471359729767,
    "complex_ipde": 0.8244126439094543,
    "chains_ptm": {
        "0": 0.9526786804199219,
        "1": 0.9049055576324463
    },
    "pair_chains_iptm": {
        "0": {
            "0": 0.9526786804199219,
            "1": 0.5178098082542419
        },
        "1": {
            "0": 0.8978850245475769,
            "1": 0.9049055576324463
        }
    }
}