{
    "affinity_pred_value": 1.7159397602081299,
    "affinity_probability_binary": 0.27819305658340454,
    "affinity_pred_value1": 1.8596487045288086,
    "affinity_probability_binary1": 0.2929103970527649,
    "affinity_pred_value2": 1.5722308158874512,
    "affinity_probability_binary2": 0.2634757161140442
}