{
    "confidence_score": 0.9039382934570312,
    "ptm": 0.9538989067077637,
    "iptm": 0.929943323135376,
    "ligand_iptm": 0.929943323135376,
    "protein_iptm": 0.0,
    "complex_plddt": 0.8974370956420898,
    "complex_iplddt": 0.7532523274421692,
    "complex_pde": 0.3321020007133484,
    "complex_ipde": 0.5533570647239685,
    "chains_ptm": {
        "0": 0.9642797708511353,
        "1": 0.9227635860443115
    },
    "pair_chains_iptm": {
        "0": {
            "0": 0.9642797708511353,
            "1": 0.5938899517059326
        },
        "1": {
            "0": 0.929943323135376,
            "1": 0.9227635860443115
        }
    }
}