{
    "affinity_pred_value": 1.4393048286437988,
    "affinity_probability_binary": 0.323861300945282,
    "affinity_pred_value1": 1.1656509637832642,
    "affinity_probability_binary1": 0.25678735971450806,
    "affinity_pred_value2": 1.712958574295044,
    "affinity_probability_binary2": 0.3909352123737335
}