{
    "confidence_score": 0.9700334668159485,
    "ptm": 0.971388578414917,
    "iptm": 0.9768378734588623,
    "ligand_iptm": 0.9768378734588623,
    "protein_iptm": 0.0,
    "complex_plddt": 0.9683324098587036,
    "complex_iplddt": 0.9688422083854675,
    "complex_pde": 0.2867809534072876,
    "complex_ipde": 0.37489596009254456,
    "chains_ptm": {
        "0": 0.9709581136703491,
        "1": 0.9573935866355896
    },
    "pair_chains_iptm": {
        "0": {
            "0": 0.9709581136703491,
            "1": 0.7684808969497681
        },
        "1": {
            "0": 0.9768378734588623,
            "1": 0.9573935866355896
        }
    }
}