{
    "affinity_pred_value": 2.012345314025879,
    "affinity_probability_binary": 0.33243995904922485,
    "affinity_pred_value1": 2.392057418823242,
    "affinity_probability_binary1": 0.36321118474006653,
    "affinity_pred_value2": 1.6326334476470947,
    "affinity_probability_binary2": 0.30166876316070557
}