{
    "confidence_score": 0.7970647215843201,
    "ptm": 0.9217343330383301,
    "iptm": 0.8404448628425598,
    "ligand_iptm": 0.8404448628425598,
    "protein_iptm": 0.0,
    "complex_plddt": 0.7862197160720825,
    "complex_iplddt": 0.5567876696586609,
    "complex_pde": 0.530723512172699,
    "complex_ipde": 0.893645703792572,
    "chains_ptm": {
        "0": 0.9549011588096619,
        "1": 0.8128225207328796
    },
    "pair_chains_iptm": {
        "0": {
            "0": 0.9549011588096619,
            "1": 0.6203941106796265
        },
        "1": {
            "0": 0.8404448628425598,
            "1": 0.8128225207328796
        }
    }
}