{
    "affinity_pred_value": 1.7054699659347534,
    "affinity_probability_binary": 0.2923051118850708,
    "affinity_pred_value1": 1.8778860569000244,
    "affinity_probability_binary1": 0.3543994128704071,
    "affinity_pred_value2": 1.5330538749694824,
    "affinity_probability_binary2": 0.2302108258008957
}