{
    "confidence_score": 0.806928813457489,
    "ptm": 0.9165010452270508,
    "iptm": 0.7312629222869873,
    "ligand_iptm": 0.7312629222869873,
    "protein_iptm": 0.0,
    "complex_plddt": 0.8258453011512756,
    "complex_iplddt": 0.4401857554912567,
    "complex_pde": 0.5157315731048584,
    "complex_ipde": 2.106945753097534,
    "chains_ptm": {
        "0": 0.9560573101043701,
        "1": 0.8936468958854675
    },
    "pair_chains_iptm": {
        "0": {
            "0": 0.9560573101043701,
            "1": 0.3230062425136566
        },
        "1": {
            "0": 0.7312629222869873,
            "1": 0.8936468958854675
        }
    }
}