{
    "confidence_score": 0.9244535565376282,
    "ptm": 0.9472590088844299,
    "iptm": 0.8608967065811157,
    "ligand_iptm": 0.8608967065811157,
    "protein_iptm": 0.0,
    "complex_plddt": 0.9403427839279175,
    "complex_iplddt": 0.8351043462753296,
    "complex_pde": 0.3876565098762512,
    "complex_ipde": 1.053030014038086,
    "chains_ptm": {
        "0": 0.9657810926437378,
        "1": 0.9057738780975342
    },
    "pair_chains_iptm": {
        "0": {
            "0": 0.9657810926437378,
            "1": 0.49961772561073303
        },
        "1": {
            "0": 0.8608967065811157,
            "1": 0.9057738780975342
        }
    }
}