{
    "confidence_score": 0.9155179858207703,
    "ptm": 0.9323341846466064,
    "iptm": 0.8137052655220032,
    "ligand_iptm": 0.8137052655220032,
    "protein_iptm": 0.0,
    "complex_plddt": 0.9409711360931396,
    "complex_iplddt": 0.901574432849884,
    "complex_pde": 0.48749008774757385,
    "complex_ipde": 1.1808700561523438,
    "chains_ptm": {
        "0": 0.9534491300582886,
        "1": 0.9010655879974365
    },
    "pair_chains_iptm": {
        "0": {
            "0": 0.9534491300582886,
            "1": 0.4058364927768707
        },
        "1": {
            "0": 0.8137052655220032,
            "1": 0.9010655879974365
        }
    }
}