{
    "confidence_score": 0.9659761786460876,
    "ptm": 0.9398781657218933,
    "iptm": 0.9445229768753052,
    "ligand_iptm": 0.9445229768753052,
    "protein_iptm": 0.0,
    "complex_plddt": 0.9713394641876221,
    "complex_iplddt": 0.965137779712677,
    "complex_pde": 0.3525693118572235,
    "complex_ipde": 0.47066524624824524,
    "chains_ptm": {
        "0": 0.940615713596344,
        "1": 0.848300576210022
    },
    "pair_chains_iptm": {
        "0": {
            "0": 0.940615713596344,
            "1": 0.621346652507782
        },
        "1": {
            "0": 0.9445229768753052,
            "1": 0.848300576210022
        }
    }
}