{
    "confidence_score": 0.7960626482963562,
    "ptm": 0.8704735040664673,
    "iptm": 0.7417411804199219,
    "ligand_iptm": 0.7417411804199219,
    "protein_iptm": 0.0,
    "complex_plddt": 0.8096429705619812,
    "complex_iplddt": 0.5625673532485962,
    "complex_pde": 0.8276232481002808,
    "complex_ipde": 2.1953396797180176,
    "chains_ptm": {
        "0": 0.9414483904838562,
        "1": 0.7884697318077087
    },
    "pair_chains_iptm": {
        "0": {
            "0": 0.9414483904838562,
            "1": 0.3801722526550293
        },
        "1": {
            "0": 0.7417411804199219,
            "1": 0.7884697318077087
        }
    }
}