{
    "affinity_pred_value": 1.2304983139038086,
    "affinity_probability_binary": 0.2280789613723755,
    "affinity_pred_value1": 1.336598515510559,
    "affinity_probability_binary1": 0.17158980667591095,
    "affinity_pred_value2": 1.1243979930877686,
    "affinity_probability_binary2": 0.28456810116767883
}