{
    "affinity_pred_value": 1.7621238231658936,
    "affinity_probability_binary": 0.23512008786201477,
    "affinity_pred_value1": 2.025580883026123,
    "affinity_probability_binary1": 0.18949680030345917,
    "affinity_pred_value2": 1.498666763305664,
    "affinity_probability_binary2": 0.2807433605194092
}