{
    "confidence_score": 0.8144407272338867,
    "ptm": 0.9209679365158081,
    "iptm": 0.798520565032959,
    "ligand_iptm": 0.798520565032959,
    "protein_iptm": 0.0,
    "complex_plddt": 0.8184207081794739,
    "complex_iplddt": 0.4880162477493286,
    "complex_pde": 0.49917298555374146,
    "complex_ipde": 1.6065447330474854,
    "chains_ptm": {
        "0": 0.9466355443000793,
        "1": 0.8990589380264282
    },
    "pair_chains_iptm": {
        "0": {
            "0": 0.9466355443000793,
            "1": 0.4104095697402954
        },
        "1": {
            "0": 0.798520565032959,
            "1": 0.8990589380264282
        }
    }
}