{
    "affinity_pred_value": 1.465224266052246,
    "affinity_probability_binary": 0.1741480827331543,
    "affinity_pred_value1": 1.4149227142333984,
    "affinity_probability_binary1": 0.21655909717082977,
    "affinity_pred_value2": 1.5155258178710938,
    "affinity_probability_binary2": 0.13173708319664001
}