{
    "confidence_score": 0.8728313446044922,
    "ptm": 0.8768443465232849,
    "iptm": 0.7589244246482849,
    "ligand_iptm": 0.7589244246482849,
    "protein_iptm": 0.0,
    "complex_plddt": 0.9013081192970276,
    "complex_iplddt": 0.8039243817329407,
    "complex_pde": 0.7909666299819946,
    "complex_ipde": 1.55892014503479,
    "chains_ptm": {
        "0": 0.9104536771774292,
        "1": 0.7014943957328796
    },
    "pair_chains_iptm": {
        "0": {
            "0": 0.9104536771774292,
            "1": 0.3413928151130676
        },
        "1": {
            "0": 0.7589244246482849,
            "1": 0.7014943957328796
        }
    }
}