{
    "confidence_score": 0.9576839804649353,
    "ptm": 0.9712311625480652,
    "iptm": 0.9750363826751709,
    "ligand_iptm": 0.9750363826751709,
    "protein_iptm": 0.0,
    "complex_plddt": 0.9533458948135376,
    "complex_iplddt": 0.9410094618797302,
    "complex_pde": 0.2964874505996704,
    "complex_ipde": 0.38192877173423767,
    "chains_ptm": {
        "0": 0.9714404940605164,
        "1": 0.953931987285614
    },
    "pair_chains_iptm": {
        "0": {
            "0": 0.9714404940605164,
            "1": 0.7530730962753296
        },
        "1": {
            "0": 0.9750363826751709,
            "1": 0.953931987285614
        }
    }
}