{
    "affinity_pred_value": 1.404918909072876,
    "affinity_probability_binary": 0.14748355746269226,
    "affinity_pred_value1": 1.4980767965316772,
    "affinity_probability_binary1": 0.1094316691160202,
    "affinity_pred_value2": 1.3117609024047852,
    "affinity_probability_binary2": 0.18553543090820312
}