{
    "affinity_pred_value": 1.6877853870391846,
    "affinity_probability_binary": 0.14955446124076843,
    "affinity_pred_value1": 2.120476245880127,
    "affinity_probability_binary1": 0.08640825748443604,
    "affinity_pred_value2": 1.2550945281982422,
    "affinity_probability_binary2": 0.21270066499710083
}