{
    "confidence_score": 0.9251047968864441,
    "ptm": 0.937755286693573,
    "iptm": 0.92457515001297,
    "ligand_iptm": 0.92457515001297,
    "protein_iptm": 0.0,
    "complex_plddt": 0.925237238407135,
    "complex_iplddt": 0.8538739681243896,
    "complex_pde": 0.37830373644828796,
    "complex_ipde": 0.6120482087135315,
    "chains_ptm": {
        "0": 0.9465623497962952,
        "1": 0.9090759754180908
    },
    "pair_chains_iptm": {
        "0": {
            "0": 0.9465623497962952,
            "1": 0.6485985517501831
        },
        "1": {
            "0": 0.92457515001297,
            "1": 0.9090759754180908
        }
    }
}