{
    "affinity_pred_value": 0.8629137277603149,
    "affinity_probability_binary": 0.23689942061901093,
    "affinity_pred_value1": 1.3024429082870483,
    "affinity_probability_binary1": 0.12286359071731567,
    "affinity_pred_value2": 0.4233846068382263,
    "affinity_probability_binary2": 0.3509352505207062
}