{
    "confidence_score": 0.9321390986442566,
    "ptm": 0.9533779621124268,
    "iptm": 0.9186628460884094,
    "ligand_iptm": 0.9186628460884094,
    "protein_iptm": 0.0,
    "complex_plddt": 0.935508131980896,
    "complex_iplddt": 0.8827996850013733,
    "complex_pde": 0.3891077935695648,
    "complex_ipde": 0.6591905355453491,
    "chains_ptm": {
        "0": 0.9618374109268188,
        "1": 0.9061084985733032
    },
    "pair_chains_iptm": {
        "0": {
            "0": 0.9618374109268188,
            "1": 0.6390684247016907
        },
        "1": {
            "0": 0.9186628460884094,
            "1": 0.9061084985733032
        }
    }
}