{
    "confidence_score": 0.8239839673042297,
    "ptm": 0.9183135628700256,
    "iptm": 0.7845782041549683,
    "ligand_iptm": 0.7845782041549683,
    "protein_iptm": 0.0,
    "complex_plddt": 0.8338354229927063,
    "complex_iplddt": 0.6185742616653442,
    "complex_pde": 0.4484877288341522,
    "complex_ipde": 1.1594998836517334,
    "chains_ptm": {
        "0": 0.9561082720756531,
        "1": 0.8107820749282837
    },
    "pair_chains_iptm": {
        "0": {
            "0": 0.9561082720756531,
            "1": 0.34305697679519653
        },
        "1": {
            "0": 0.7845782041549683,
            "1": 0.8107820749282837
        }
    }
}