{
    "affinity_pred_value": 0.742107093334198,
    "affinity_probability_binary": 0.6801449060440063,
    "affinity_pred_value1": 0.34972143173217773,
    "affinity_probability_binary1": 0.6707569360733032,
    "affinity_pred_value2": 1.1344927549362183,
    "affinity_probability_binary2": 0.6895329356193542
}