{
    "affinity_pred_value": 1.197533130645752,
    "affinity_probability_binary": 0.2534761130809784,
    "affinity_pred_value1": 1.2656300067901611,
    "affinity_probability_binary1": 0.25797390937805176,
    "affinity_pred_value2": 1.1294362545013428,
    "affinity_probability_binary2": 0.24897833168506622
}