{
    "affinity_pred_value": 1.5467945337295532,
    "affinity_probability_binary": 0.2108260989189148,
    "affinity_pred_value1": 1.1282989978790283,
    "affinity_probability_binary1": 0.22290915250778198,
    "affinity_pred_value2": 1.9652900695800781,
    "affinity_probability_binary2": 0.1987430304288864
}