{
    "affinity_pred_value": 0.9502155184745789,
    "affinity_probability_binary": 0.23260533809661865,
    "affinity_pred_value1": 0.14660634100437164,
    "affinity_probability_binary1": 0.15836475789546967,
    "affinity_pred_value2": 1.7538247108459473,
    "affinity_probability_binary2": 0.30684590339660645
}