{
    "confidence_score": 0.9069997072219849,
    "ptm": 0.952308177947998,
    "iptm": 0.9299282431602478,
    "ligand_iptm": 0.9299282431602478,
    "protein_iptm": 0.0,
    "complex_plddt": 0.9012675285339355,
    "complex_iplddt": 0.826198160648346,
    "complex_pde": 0.4181305766105652,
    "complex_ipde": 0.6769340634346008,
    "chains_ptm": {
        "0": 0.9618358016014099,
        "1": 0.9078726172447205
    },
    "pair_chains_iptm": {
        "0": {
            "0": 0.9618358016014099,
            "1": 0.7615000605583191
        },
        "1": {
            "0": 0.9299282431602478,
            "1": 0.9078726172447205
        }
    }
}