{
    "affinity_pred_value": 1.4741054773330688,
    "affinity_probability_binary": 0.21041572093963623,
    "affinity_pred_value1": 1.550290822982788,
    "affinity_probability_binary1": 0.10881273448467255,
    "affinity_pred_value2": 1.3979201316833496,
    "affinity_probability_binary2": 0.3120187222957611
}