{
    "confidence_score": 0.9571964144706726,
    "ptm": 0.9602511525154114,
    "iptm": 0.9655675888061523,
    "ligand_iptm": 0.9655675888061523,
    "protein_iptm": 0.0,
    "complex_plddt": 0.9551036357879639,
    "complex_iplddt": 0.9496012330055237,
    "complex_pde": 0.32582709193229675,
    "complex_ipde": 0.4663006663322449,
    "chains_ptm": {
        "0": 0.9607451558113098,
        "1": 0.9412136077880859
    },
    "pair_chains_iptm": {
        "0": {
            "0": 0.9607451558113098,
            "1": 0.7151037454605103
        },
        "1": {
            "0": 0.9655675888061523,
            "1": 0.9412136077880859
        }
    }
}