{
    "confidence_score": 0.8745099902153015,
    "ptm": 0.9515685439109802,
    "iptm": 0.8718174695968628,
    "ligand_iptm": 0.8718174695968628,
    "protein_iptm": 0.0,
    "complex_plddt": 0.87518310546875,
    "complex_iplddt": 0.6847391128540039,
    "complex_pde": 0.4704630374908447,
    "complex_ipde": 0.9315857887268066,
    "chains_ptm": {
        "0": 0.9727970957756042,
        "1": 0.8176252841949463
    },
    "pair_chains_iptm": {
        "0": {
            "0": 0.9727970957756042,
            "1": 0.483137845993042
        },
        "1": {
            "0": 0.8718174695968628,
            "1": 0.8176252841949463
        }
    }
}