{
    "confidence_score": 0.9199926257133484,
    "ptm": 0.9388506412506104,
    "iptm": 0.8582391738891602,
    "ligand_iptm": 0.8582391738891602,
    "protein_iptm": 0.0,
    "complex_plddt": 0.9354309439659119,
    "complex_iplddt": 0.8792101740837097,
    "complex_pde": 0.5120015740394592,
    "complex_ipde": 1.0105067491531372,
    "chains_ptm": {
        "0": 0.9637576341629028,
        "1": 0.8009937405586243
    },
    "pair_chains_iptm": {
        "0": {
            "0": 0.9637576341629028,
            "1": 0.538171112537384
        },
        "1": {
            "0": 0.8582391738891602,
            "1": 0.8009937405586243
        }
    }
}