{
    "affinity_pred_value": 1.1938977241516113,
    "affinity_probability_binary": 0.1992707997560501,
    "affinity_pred_value1": 1.428531527519226,
    "affinity_probability_binary1": 0.1180446520447731,
    "affinity_pred_value2": 0.9592639803886414,
    "affinity_probability_binary2": 0.2804969549179077
}