{
    "confidence_score": 0.8319386839866638,
    "ptm": 0.9230921268463135,
    "iptm": 0.7945868372917175,
    "ligand_iptm": 0.7945868372917175,
    "protein_iptm": 0.0,
    "complex_plddt": 0.8412765860557556,
    "complex_iplddt": 0.5509827733039856,
    "complex_pde": 0.523301362991333,
    "complex_ipde": 1.3348755836486816,
    "chains_ptm": {
        "0": 0.9688084125518799,
        "1": 0.8134381175041199
    },
    "pair_chains_iptm": {
        "0": {
            "0": 0.9688084125518799,
            "1": 0.4306983947753906
        },
        "1": {
            "0": 0.7945868372917175,
            "1": 0.8134381175041199
        }
    }
}