{
    "affinity_pred_value": 1.245208740234375,
    "affinity_probability_binary": 0.17449629306793213,
    "affinity_pred_value1": 1.7202883958816528,
    "affinity_probability_binary1": 0.12104425579309464,
    "affinity_pred_value2": 0.7701292037963867,
    "affinity_probability_binary2": 0.22794833779335022
}