{
    "confidence_score": 0.9163054823875427,
    "ptm": 0.9438043832778931,
    "iptm": 0.901127278804779,
    "ligand_iptm": 0.901127278804779,
    "protein_iptm": 0.0,
    "complex_plddt": 0.9201000332832336,
    "complex_iplddt": 0.8445740938186646,
    "complex_pde": 0.3850562870502472,
    "complex_ipde": 0.7199096083641052,
    "chains_ptm": {
        "0": 0.9541376233100891,
        "1": 0.9121407866477966
    },
    "pair_chains_iptm": {
        "0": {
            "0": 0.9541376233100891,
            "1": 0.5924959182739258
        },
        "1": {
            "0": 0.901127278804779,
            "1": 0.9121407866477966
        }
    }
}