{
    "affinity_pred_value": 0.9982239007949829,
    "affinity_probability_binary": 0.20165906846523285,
    "affinity_pred_value1": 1.35171639919281,
    "affinity_probability_binary1": 0.1420840620994568,
    "affinity_pred_value2": 0.6447314620018005,
    "affinity_probability_binary2": 0.2612340748310089
}