{
    "confidence_score": 0.92840176820755,
    "ptm": 0.9662115573883057,
    "iptm": 0.9514790773391724,
    "ligand_iptm": 0.9514790773391724,
    "protein_iptm": 0.0,
    "complex_plddt": 0.9226323962211609,
    "complex_iplddt": 0.8438366651535034,
    "complex_pde": 0.32380595803260803,
    "complex_ipde": 0.44432997703552246,
    "chains_ptm": {
        "0": 0.9721915125846863,
        "1": 0.8824147582054138
    },
    "pair_chains_iptm": {
        "0": {
            "0": 0.9721915125846863,
            "1": 0.697480320930481
        },
        "1": {
            "0": 0.9514790773391724,
            "1": 0.8824147582054138
        }
    }
}