{
    "affinity_pred_value": 1.2935798168182373,
    "affinity_probability_binary": 0.30036336183547974,
    "affinity_pred_value1": 1.0276168584823608,
    "affinity_probability_binary1": 0.3091762065887451,
    "affinity_pred_value2": 1.5595427751541138,
    "affinity_probability_binary2": 0.29155054688453674
}