{
    "confidence_score": 0.9621211290359497,
    "ptm": 0.9478404521942139,
    "iptm": 0.9550679922103882,
    "ligand_iptm": 0.9550679922103882,
    "protein_iptm": 0.0,
    "complex_plddt": 0.9638844132423401,
    "complex_iplddt": 0.9464755058288574,
    "complex_pde": 0.3719176650047302,
    "complex_ipde": 0.5419151186943054,
    "chains_ptm": {
        "0": 0.9465118050575256,
        "1": 0.9225702285766602
    },
    "pair_chains_iptm": {
        "0": {
            "0": 0.9465118050575256,
            "1": 0.7334077954292297
        },
        "1": {
            "0": 0.9550679922103882,
            "1": 0.9225702285766602
        }
    }
}