{
    "confidence_score": 0.8839513659477234,
    "ptm": 0.94305020570755,
    "iptm": 0.8743864893913269,
    "ligand_iptm": 0.8743864893913269,
    "protein_iptm": 0.0,
    "complex_plddt": 0.8863425850868225,
    "complex_iplddt": 0.7664492726325989,
    "complex_pde": 0.5261349081993103,
    "complex_ipde": 0.9752751588821411,
    "chains_ptm": {
        "0": 0.9649853706359863,
        "1": 0.840842604637146
    },
    "pair_chains_iptm": {
        "0": {
            "0": 0.9649853706359863,
            "1": 0.5509256720542908
        },
        "1": {
            "0": 0.8743864893913269,
            "1": 0.840842604637146
        }
    }
}