{
    "affinity_pred_value": 1.740679383277893,
    "affinity_probability_binary": 0.2183147668838501,
    "affinity_pred_value1": 1.8015477657318115,
    "affinity_probability_binary1": 0.27856120467185974,
    "affinity_pred_value2": 1.6798110008239746,
    "affinity_probability_binary2": 0.15806834399700165
}