{
    "confidence_score": 0.8633179068565369,
    "ptm": 0.9112959504127502,
    "iptm": 0.7603103518486023,
    "ligand_iptm": 0.7603103518486023,
    "protein_iptm": 0.0,
    "complex_plddt": 0.8890697956085205,
    "complex_iplddt": 0.74394690990448,
    "complex_pde": 0.4363090395927429,
    "complex_ipde": 1.2728757858276367,
    "chains_ptm": {
        "0": 0.9457598924636841,
        "1": 0.8957421779632568
    },
    "pair_chains_iptm": {
        "0": {
            "0": 0.9457598924636841,
            "1": 0.3684752583503723
        },
        "1": {
            "0": 0.7603103518486023,
            "1": 0.8957421779632568
        }
    }
}