{
    "affinity_pred_value": 1.5041959285736084,
    "affinity_probability_binary": 0.2316173017024994,
    "affinity_pred_value1": 1.6015599966049194,
    "affinity_probability_binary1": 0.21408560872077942,
    "affinity_pred_value2": 1.4068317413330078,
    "affinity_probability_binary2": 0.24914897978305817
}