{
    "affinity_pred_value": 0.5056583881378174,
    "affinity_probability_binary": 0.24476057291030884,
    "affinity_pred_value1": 0.2719310522079468,
    "affinity_probability_binary1": 0.2984905242919922,
    "affinity_pred_value2": 0.7393856644630432,
    "affinity_probability_binary2": 0.1910306066274643
}