{
    "confidence_score": 0.9595813155174255,
    "ptm": 0.9809508323669434,
    "iptm": 0.989521324634552,
    "ligand_iptm": 0.989521324634552,
    "protein_iptm": 0.0,
    "complex_plddt": 0.9520962238311768,
    "complex_iplddt": 0.9310041666030884,
    "complex_pde": 0.3080344498157501,
    "complex_ipde": 0.35961395502090454,
    "chains_ptm": {
        "0": 0.9805928468704224,
        "1": 0.9786900281906128
    },
    "pair_chains_iptm": {
        "0": {
            "0": 0.9805928468704224,
            "1": 0.8673739433288574
        },
        "1": {
            "0": 0.989521324634552,
            "1": 0.9786900281906128
        }
    }
}