{
    "affinity_pred_value": 1.444201111793518,
    "affinity_probability_binary": 0.17833594977855682,
    "affinity_pred_value1": 0.9895495176315308,
    "affinity_probability_binary1": 0.07795675843954086,
    "affinity_pred_value2": 1.8988527059555054,
    "affinity_probability_binary2": 0.2787151336669922
}