{
    "confidence_score": 0.935939610004425,
    "ptm": 0.9400627613067627,
    "iptm": 0.9049201011657715,
    "ligand_iptm": 0.9049201011657715,
    "protein_iptm": 0.0,
    "complex_plddt": 0.9436944127082825,
    "complex_iplddt": 0.9121165871620178,
    "complex_pde": 0.4008041024208069,
    "complex_ipde": 0.7044469714164734,
    "chains_ptm": {
        "0": 0.9508471488952637,
        "1": 0.9072365760803223
    },
    "pair_chains_iptm": {
        "0": {
            "0": 0.9508471488952637,
            "1": 0.5224157571792603
        },
        "1": {
            "0": 0.9049201011657715,
            "1": 0.9072365760803223
        }
    }
}