{
    "affinity_pred_value": 1.975149154663086,
    "affinity_probability_binary": 0.26582232117652893,
    "affinity_pred_value1": 1.6698380708694458,
    "affinity_probability_binary1": 0.29880520701408386,
    "affinity_pred_value2": 2.2804603576660156,
    "affinity_probability_binary2": 0.2328394204378128
}