{
    "affinity_pred_value": 1.4840260744094849,
    "affinity_probability_binary": 0.22460606694221497,
    "affinity_pred_value1": 1.6986886262893677,
    "affinity_probability_binary1": 0.21846994757652283,
    "affinity_pred_value2": 1.269363522529602,
    "affinity_probability_binary2": 0.2307421863079071
}