{
    "confidence_score": 0.9750286936759949,
    "ptm": 0.9739079475402832,
    "iptm": 0.9651268720626831,
    "ligand_iptm": 0.9651268720626831,
    "protein_iptm": 0.0,
    "complex_plddt": 0.9775041937828064,
    "complex_iplddt": 0.9710636138916016,
    "complex_pde": 0.30900105834007263,
    "complex_ipde": 0.4532530605792999,
    "chains_ptm": {
        "0": 0.9758783578872681,
        "1": 0.9340009689331055
    },
    "pair_chains_iptm": {
        "0": {
            "0": 0.9758783578872681,
            "1": 0.671613335609436
        },
        "1": {
            "0": 0.9651268720626831,
            "1": 0.9340009689331055
        }
    }
}