{
    "affinity_pred_value": 1.0548495054244995,
    "affinity_probability_binary": 0.3120836913585663,
    "affinity_pred_value1": 1.2676490545272827,
    "affinity_probability_binary1": 0.23901216685771942,
    "affinity_pred_value2": 0.8420500159263611,
    "affinity_probability_binary2": 0.38515523076057434
}