{
    "confidence_score": 0.9083016514778137,
    "ptm": 0.9563905000686646,
    "iptm": 0.9033578634262085,
    "ligand_iptm": 0.9033578634262085,
    "protein_iptm": 0.0,
    "complex_plddt": 0.9095375537872314,
    "complex_iplddt": 0.7626078128814697,
    "complex_pde": 0.380364328622818,
    "complex_ipde": 0.7163695096969604,
    "chains_ptm": {
        "0": 0.9689726233482361,
        "1": 0.8338460326194763
    },
    "pair_chains_iptm": {
        "0": {
            "0": 0.9689726233482361,
            "1": 0.5002430081367493
        },
        "1": {
            "0": 0.9033578634262085,
            "1": 0.8338460326194763
        }
    }
}