{
    "confidence_score": 0.7980977296829224,
    "ptm": 0.8947070837020874,
    "iptm": 0.671160876750946,
    "ligand_iptm": 0.671160876750946,
    "protein_iptm": 0.0,
    "complex_plddt": 0.8298318982124329,
    "complex_iplddt": 0.5124983787536621,
    "complex_pde": 0.6447312831878662,
    "complex_ipde": 2.8684399127960205,
    "chains_ptm": {
        "0": 0.9418777823448181,
        "1": 0.8909263014793396
    },
    "pair_chains_iptm": {
        "0": {
            "0": 0.9418777823448181,
            "1": 0.33398985862731934
        },
        "1": {
            "0": 0.671160876750946,
            "1": 0.8909263014793396
        }
    }
}