{
    "affinity_pred_value": 0.9623201489448547,
    "affinity_probability_binary": 0.1695849746465683,
    "affinity_pred_value1": 0.9771629571914673,
    "affinity_probability_binary1": 0.09990982711315155,
    "affinity_pred_value2": 0.9474773406982422,
    "affinity_probability_binary2": 0.23926012217998505
}