{
    "affinity_pred_value": 1.2206757068634033,
    "affinity_probability_binary": 0.33395522832870483,
    "affinity_pred_value1": 0.8574410080909729,
    "affinity_probability_binary1": 0.43280601501464844,
    "affinity_pred_value2": 1.5839104652404785,
    "affinity_probability_binary2": 0.23510445654392242
}