{
    "affinity_pred_value": 0.9433785676956177,
    "affinity_probability_binary": 0.12664157152175903,
    "affinity_pred_value1": 0.8800589442253113,
    "affinity_probability_binary1": 0.08867219090461731,
    "affinity_pred_value2": 1.0066982507705688,
    "affinity_probability_binary2": 0.16461093723773956
}