{
    "confidence_score": 0.9343706965446472,
    "ptm": 0.9356183409690857,
    "iptm": 0.9288924932479858,
    "ligand_iptm": 0.9288924932479858,
    "protein_iptm": 0.0,
    "complex_plddt": 0.9357402324676514,
    "complex_iplddt": 0.9024216532707214,
    "complex_pde": 0.4392823576927185,
    "complex_ipde": 0.6489229798316956,
    "chains_ptm": {
        "0": 0.9380626082420349,
        "1": 0.9085425734519958
    },
    "pair_chains_iptm": {
        "0": {
            "0": 0.9380626082420349,
            "1": 0.7629088759422302
        },
        "1": {
            "0": 0.9288924932479858,
            "1": 0.9085425734519958
        }
    }
}