{
    "confidence_score": 0.8136075139045715,
    "ptm": 0.9424958825111389,
    "iptm": 0.7515228390693665,
    "ligand_iptm": 0.7515228390693665,
    "protein_iptm": 0.0,
    "complex_plddt": 0.829128623008728,
    "complex_iplddt": 0.4182755947113037,
    "complex_pde": 0.4741832911968231,
    "complex_ipde": 1.7723314762115479,
    "chains_ptm": {
        "0": 0.9773913621902466,
        "1": 0.9244997501373291
    },
    "pair_chains_iptm": {
        "0": {
            "0": 0.9773913621902466,
            "1": 0.37128934264183044
        },
        "1": {
            "0": 0.7515228390693665,
            "1": 0.9244997501373291
        }
    }
}