{
    "confidence_score": 0.9346675872802734,
    "ptm": 0.9510126709938049,
    "iptm": 0.9253552556037903,
    "ligand_iptm": 0.9253552556037903,
    "protein_iptm": 0.0,
    "complex_plddt": 0.9369956851005554,
    "complex_iplddt": 0.9007003903388977,
    "complex_pde": 0.4080418646335602,
    "complex_ipde": 0.6803082823753357,
    "chains_ptm": {
        "0": 0.9574454426765442,
        "1": 0.8301583528518677
    },
    "pair_chains_iptm": {
        "0": {
            "0": 0.9574454426765442,
            "1": 0.5259493589401245
        },
        "1": {
            "0": 0.9253552556037903,
            "1": 0.8301583528518677
        }
    }
}