{
    "affinity_pred_value": 1.0450843572616577,
    "affinity_probability_binary": 0.3269423246383667,
    "affinity_pred_value1": 1.210795521736145,
    "affinity_probability_binary1": 0.36459001898765564,
    "affinity_pred_value2": 0.8793732523918152,
    "affinity_probability_binary2": 0.28929460048675537
}