{
    "confidence_score": 0.8862334489822388,
    "ptm": 0.9210115671157837,
    "iptm": 0.8902972936630249,
    "ligand_iptm": 0.8902972936630249,
    "protein_iptm": 0.0,
    "complex_plddt": 0.8852174282073975,
    "complex_iplddt": 0.7695189118385315,
    "complex_pde": 0.4920530915260315,
    "complex_ipde": 0.8134229183197021,
    "chains_ptm": {
        "0": 0.9324078559875488,
        "1": 0.8399169445037842
    },
    "pair_chains_iptm": {
        "0": {
            "0": 0.9324078559875488,
            "1": 0.5543642044067383
        },
        "1": {
            "0": 0.8902972936630249,
            "1": 0.8399169445037842
        }
    }
}