{
    "affinity_pred_value": 1.1065622568130493,
    "affinity_probability_binary": 0.156998410820961,
    "affinity_pred_value1": 0.9065616130828857,
    "affinity_probability_binary1": 0.0632186308503151,
    "affinity_pred_value2": 1.306562900543213,
    "affinity_probability_binary2": 0.2507781982421875
}