{
    "confidence_score": 0.9649369120597839,
    "ptm": 0.9606490135192871,
    "iptm": 0.9436690807342529,
    "ligand_iptm": 0.9436690807342529,
    "protein_iptm": 0.0,
    "complex_plddt": 0.9702538847923279,
    "complex_iplddt": 0.95357346534729,
    "complex_pde": 0.34375542402267456,
    "complex_ipde": 0.5565618276596069,
    "chains_ptm": {
        "0": 0.9655031561851501,
        "1": 0.9130209684371948
    },
    "pair_chains_iptm": {
        "0": {
            "0": 0.9655031561851501,
            "1": 0.658370852470398
        },
        "1": {
            "0": 0.9436690807342529,
            "1": 0.9130209684371948
        }
    }
}