{
    "affinity_pred_value": 1.3414026498794556,
    "affinity_probability_binary": 0.17163704335689545,
    "affinity_pred_value1": 1.187909483909607,
    "affinity_probability_binary1": 0.07106205821037292,
    "affinity_pred_value2": 1.4948958158493042,
    "affinity_probability_binary2": 0.27221202850341797
}