{
    "confidence_score": 0.8989845514297485,
    "ptm": 0.9337142705917358,
    "iptm": 0.8915398120880127,
    "ligand_iptm": 0.8915398120880127,
    "protein_iptm": 0.0,
    "complex_plddt": 0.9008456468582153,
    "complex_iplddt": 0.802666187286377,
    "complex_pde": 0.4895066022872925,
    "complex_ipde": 0.9078243970870972,
    "chains_ptm": {
        "0": 0.9514643549919128,
        "1": 0.881974458694458
    },
    "pair_chains_iptm": {
        "0": {
            "0": 0.9514643549919128,
            "1": 0.731124997138977
        },
        "1": {
            "0": 0.8915398120880127,
            "1": 0.881974458694458
        }
    }
}