{
    "confidence_score": 0.9286472201347351,
    "ptm": 0.9654068350791931,
    "iptm": 0.9558310508728027,
    "ligand_iptm": 0.9558310508728027,
    "protein_iptm": 0.0,
    "complex_plddt": 0.9218512773513794,
    "complex_iplddt": 0.8738346099853516,
    "complex_pde": 0.34470006823539734,
    "complex_ipde": 0.43144673109054565,
    "chains_ptm": {
        "0": 0.9705898761749268,
        "1": 0.9293603897094727
    },
    "pair_chains_iptm": {
        "0": {
            "0": 0.9705898761749268,
            "1": 0.8014605045318604
        },
        "1": {
            "0": 0.9558310508728027,
            "1": 0.9293603897094727
        }
    }
}