{
    "affinity_pred_value": 1.044009804725647,
    "affinity_probability_binary": 0.2126028835773468,
    "affinity_pred_value1": 0.7226938009262085,
    "affinity_probability_binary1": 0.09398938715457916,
    "affinity_pred_value2": 1.3653258085250854,
    "affinity_probability_binary2": 0.33121636509895325
}