{
    "affinity_pred_value": 1.1846705675125122,
    "affinity_probability_binary": 0.1714409589767456,
    "affinity_pred_value1": 0.8756586313247681,
    "affinity_probability_binary1": 0.07829971611499786,
    "affinity_pred_value2": 1.4936825037002563,
    "affinity_probability_binary2": 0.26458218693733215
}