{
    "confidence_score": 0.8993026614189148,
    "ptm": 0.9247145652770996,
    "iptm": 0.8576589226722717,
    "ligand_iptm": 0.8576589226722717,
    "protein_iptm": 0.0,
    "complex_plddt": 0.909713625907898,
    "complex_iplddt": 0.838577151298523,
    "complex_pde": 0.514315128326416,
    "complex_ipde": 1.0025713443756104,
    "chains_ptm": {
        "0": 0.9523051381111145,
        "1": 0.821405291557312
    },
    "pair_chains_iptm": {
        "0": {
            "0": 0.9523051381111145,
            "1": 0.5017091631889343
        },
        "1": {
            "0": 0.8576589226722717,
            "1": 0.821405291557312
        }
    }
}