{
    "confidence_score": 0.9495378732681274,
    "ptm": 0.9232068657875061,
    "iptm": 0.8930670619010925,
    "ligand_iptm": 0.8930670619010925,
    "protein_iptm": 0.0,
    "complex_plddt": 0.9636555910110474,
    "complex_iplddt": 0.9328500628471375,
    "complex_pde": 0.439814031124115,
    "complex_ipde": 0.8036026954650879,
    "chains_ptm": {
        "0": 0.9301861524581909,
        "1": 0.9238343238830566
    },
    "pair_chains_iptm": {
        "0": {
            "0": 0.9301861524581909,
            "1": 0.5911890268325806
        },
        "1": {
            "0": 0.8930670619010925,
            "1": 0.9238343238830566
        }
    }
}