{
    "affinity_pred_value": 1.289670705795288,
    "affinity_probability_binary": 0.19310101866722107,
    "affinity_pred_value1": 1.3984440565109253,
    "affinity_probability_binary1": 0.20570775866508484,
    "affinity_pred_value2": 1.1808973550796509,
    "affinity_probability_binary2": 0.1804942637681961
}