{
    "affinity_pred_value": 1.340954303741455,
    "affinity_probability_binary": 0.0842311754822731,
    "affinity_pred_value1": 1.789643406867981,
    "affinity_probability_binary1": 0.008445833809673786,
    "affinity_pred_value2": 0.892265260219574,
    "affinity_probability_binary2": 0.1600165218114853
}