{
    "affinity_pred_value": 1.2230039834976196,
    "affinity_probability_binary": 0.19305375218391418,
    "affinity_pred_value1": 0.8699012994766235,
    "affinity_probability_binary1": 0.17984560132026672,
    "affinity_pred_value2": 1.5761066675186157,
    "affinity_probability_binary2": 0.20626191794872284
}