{
    "affinity_pred_value": 1.5002527236938477,
    "affinity_probability_binary": 0.28998833894729614,
    "affinity_pred_value1": 1.5159757137298584,
    "affinity_probability_binary1": 0.30393096804618835,
    "affinity_pred_value2": 1.4845298528671265,
    "affinity_probability_binary2": 0.27604568004608154
}