{
    "confidence_score": 0.9393447041511536,
    "ptm": 0.9664971232414246,
    "iptm": 0.9508829116821289,
    "ligand_iptm": 0.9508829116821289,
    "protein_iptm": 0.0,
    "complex_plddt": 0.9364601373672485,
    "complex_iplddt": 0.901630699634552,
    "complex_pde": 0.3657507300376892,
    "complex_ipde": 0.5818131566047668,
    "chains_ptm": {
        "0": 0.9737033247947693,
        "1": 0.925369381904602
    },
    "pair_chains_iptm": {
        "0": {
            "0": 0.9737033247947693,
            "1": 0.7863339781761169
        },
        "1": {
            "0": 0.9508829116821289,
            "1": 0.925369381904602
        }
    }
}