{
    "affinity_pred_value": 1.2455615997314453,
    "affinity_probability_binary": 0.1682722121477127,
    "affinity_pred_value1": 1.3298871517181396,
    "affinity_probability_binary1": 0.10986588150262833,
    "affinity_pred_value2": 1.161236047744751,
    "affinity_probability_binary2": 0.22667855024337769
}