{
    "affinity_pred_value": 1.092868685722351,
    "affinity_probability_binary": 0.2871553599834442,
    "affinity_pred_value1": 0.8520401120185852,
    "affinity_probability_binary1": 0.278073251247406,
    "affinity_pred_value2": 1.3336973190307617,
    "affinity_probability_binary2": 0.2962374687194824
}