{
    "confidence_score": 0.868199348449707,
    "ptm": 0.9200610518455505,
    "iptm": 0.6905745267868042,
    "ligand_iptm": 0.6905745267868042,
    "protein_iptm": 0.0,
    "complex_plddt": 0.9126055240631104,
    "complex_iplddt": 0.7143137454986572,
    "complex_pde": 0.5583276748657227,
    "complex_ipde": 2.4917919635772705,
    "chains_ptm": {
        "0": 0.9598074555397034,
        "1": 0.8980206251144409
    },
    "pair_chains_iptm": {
        "0": {
            "0": 0.9598074555397034,
            "1": 0.28317826986312866
        },
        "1": {
            "0": 0.6905745267868042,
            "1": 0.8980206251144409
        }
    }
}