{
    "confidence_score": 0.9196438789367676,
    "ptm": 0.9357149004936218,
    "iptm": 0.8647990226745605,
    "ligand_iptm": 0.8647990226745605,
    "protein_iptm": 0.0,
    "complex_plddt": 0.9333550930023193,
    "complex_iplddt": 0.8810891509056091,
    "complex_pde": 0.478386253118515,
    "complex_ipde": 1.1013240814208984,
    "chains_ptm": {
        "0": 0.9550033807754517,
        "1": 0.8290615081787109
    },
    "pair_chains_iptm": {
        "0": {
            "0": 0.9550033807754517,
            "1": 0.41992831230163574
        },
        "1": {
            "0": 0.8647990226745605,
            "1": 0.8290615081787109
        }
    }
}