{
    "affinity_pred_value": 1.4510486125946045,
    "affinity_probability_binary": 0.17015250027179718,
    "affinity_pred_value1": 2.104687213897705,
    "affinity_probability_binary1": 0.07816484570503235,
    "affinity_pred_value2": 0.7974099516868591,
    "affinity_probability_binary2": 0.262140154838562
}