{
    "confidence_score": 0.8325344920158386,
    "ptm": 0.9373974204063416,
    "iptm": 0.8211711049079895,
    "ligand_iptm": 0.8211711049079895,
    "protein_iptm": 0.0,
    "complex_plddt": 0.8353753685951233,
    "complex_iplddt": 0.4485979378223419,
    "complex_pde": 0.43723776936531067,
    "complex_ipde": 1.5204845666885376,
    "chains_ptm": {
        "0": 0.9640522003173828,
        "1": 0.9114190340042114
    },
    "pair_chains_iptm": {
        "0": {
            "0": 0.9640522003173828,
            "1": 0.43430212140083313
        },
        "1": {
            "0": 0.8211711049079895,
            "1": 0.9114190340042114
        }
    }
}