{
    "affinity_pred_value": 1.4166605472564697,
    "affinity_probability_binary": 0.38919341564178467,
    "affinity_pred_value1": 1.5806804895401,
    "affinity_probability_binary1": 0.4256247580051422,
    "affinity_pred_value2": 1.2526406049728394,
    "affinity_probability_binary2": 0.3527621030807495
}