{
    "confidence_score": 0.8750293850898743,
    "ptm": 0.9615280032157898,
    "iptm": 0.951939046382904,
    "ligand_iptm": 0.951939046382904,
    "protein_iptm": 0.0,
    "complex_plddt": 0.8558019995689392,
    "complex_iplddt": 0.8357821106910706,
    "complex_pde": 0.34975749254226685,
    "complex_ipde": 0.46106067299842834,
    "chains_ptm": {
        "0": 0.9664275646209717,
        "1": 0.9313113689422607
    },
    "pair_chains_iptm": {
        "0": {
            "0": 0.9664275646209717,
            "1": 0.8225385546684265
        },
        "1": {
            "0": 0.951939046382904,
            "1": 0.9313113689422607
        }
    }
}