{
    "affinity_pred_value": 0.818924069404602,
    "affinity_probability_binary": 0.06135198846459389,
    "affinity_pred_value1": 1.0941510200500488,
    "affinity_probability_binary1": 0.07311535626649857,
    "affinity_pred_value2": 0.5436971783638,
    "affinity_probability_binary2": 0.04958862066268921
}