{
    "confidence_score": 0.9352141618728638,
    "ptm": 0.9761581420898438,
    "iptm": 0.936481237411499,
    "ligand_iptm": 0.936481237411499,
    "protein_iptm": 0.0,
    "complex_plddt": 0.9348973631858826,
    "complex_iplddt": 0.8535615801811218,
    "complex_pde": 0.38835573196411133,
    "complex_ipde": 0.9372556805610657,
    "chains_ptm": {
        "0": 0.9801928997039795,
        "1": 0.8917404413223267
    },
    "pair_chains_iptm": {
        "0": {
            "0": 0.9801928997039795,
            "1": 0.5416586399078369
        },
        "1": {
            "0": 0.936481237411499,
            "1": 0.8917404413223267
        }
    }
}