{
    "affinity_pred_value": 1.228026270866394,
    "affinity_probability_binary": 0.2113204300403595,
    "affinity_pred_value1": 1.4577678442001343,
    "affinity_probability_binary1": 0.13673602044582367,
    "affinity_pred_value2": 0.9982847571372986,
    "affinity_probability_binary2": 0.28590482473373413
}