{
    "confidence_score": 0.9214618802070618,
    "ptm": 0.9462077617645264,
    "iptm": 0.8875568509101868,
    "ligand_iptm": 0.8875568509101868,
    "protein_iptm": 0.0,
    "complex_plddt": 0.9299381375312805,
    "complex_iplddt": 0.8387161493301392,
    "complex_pde": 0.3956277668476105,
    "complex_ipde": 0.8077521324157715,
    "chains_ptm": {
        "0": 0.9565561413764954,
        "1": 0.9167301654815674
    },
    "pair_chains_iptm": {
        "0": {
            "0": 0.9565561413764954,
            "1": 0.5528881549835205
        },
        "1": {
            "0": 0.8875568509101868,
            "1": 0.9167301654815674
        }
    }
}