{
    "affinity_pred_value": 0.951647162437439,
    "affinity_probability_binary": 0.4108807444572449,
    "affinity_pred_value1": 1.1576682329177856,
    "affinity_probability_binary1": 0.3953845500946045,
    "affinity_pred_value2": 0.7456260323524475,
    "affinity_probability_binary2": 0.42637693881988525
}