{
    "confidence_score": 0.9574763178825378,
    "ptm": 0.9559255838394165,
    "iptm": 0.9261314272880554,
    "ligand_iptm": 0.9261314272880554,
    "protein_iptm": 0.0,
    "complex_plddt": 0.9653125405311584,
    "complex_iplddt": 0.9335763454437256,
    "complex_pde": 0.3677563965320587,
    "complex_ipde": 0.6360116600990295,
    "chains_ptm": {
        "0": 0.9621763825416565,
        "1": 0.8730983734130859
    },
    "pair_chains_iptm": {
        "0": {
            "0": 0.9621763825416565,
            "1": 0.584749162197113
        },
        "1": {
            "0": 0.9261314272880554,
            "1": 0.8730983734130859
        }
    }
}