{
    "affinity_pred_value": 1.1476553678512573,
    "affinity_probability_binary": 0.14936469495296478,
    "affinity_pred_value1": 1.434941053390503,
    "affinity_probability_binary1": 0.09424807876348495,
    "affinity_pred_value2": 0.8603696227073669,
    "affinity_probability_binary2": 0.204481303691864
}