{
    "affinity_pred_value": 1.236372470855713,
    "affinity_probability_binary": 0.1368463784456253,
    "affinity_pred_value1": 1.3892565965652466,
    "affinity_probability_binary1": 0.02401200868189335,
    "affinity_pred_value2": 1.0834882259368896,
    "affinity_probability_binary2": 0.24968074262142181
}