{
    "confidence_score": 0.7184731364250183,
    "ptm": 0.861065685749054,
    "iptm": 0.6891887784004211,
    "ligand_iptm": 0.6891887784004211,
    "protein_iptm": 0.0,
    "complex_plddt": 0.72579425573349,
    "complex_iplddt": 0.37368839979171753,
    "complex_pde": 0.6107373833656311,
    "complex_ipde": 1.7971400022506714,
    "chains_ptm": {
        "0": 0.9325792789459229,
        "1": 0.7690466642379761
    },
    "pair_chains_iptm": {
        "0": {
            "0": 0.9325792789459229,
            "1": 0.3868322968482971
        },
        "1": {
            "0": 0.6891887784004211,
            "1": 0.7690466642379761
        }
    }
}