{
    "affinity_pred_value": 1.3608028888702393,
    "affinity_probability_binary": 0.2649034261703491,
    "affinity_pred_value1": 1.5615204572677612,
    "affinity_probability_binary1": 0.28815799951553345,
    "affinity_pred_value2": 1.1600852012634277,
    "affinity_probability_binary2": 0.2416488230228424
}