{
    "confidence_score": 0.9707649350166321,
    "ptm": 0.9591142535209656,
    "iptm": 0.9473084211349487,
    "ligand_iptm": 0.9473084211349487,
    "protein_iptm": 0.0,
    "complex_plddt": 0.9766290187835693,
    "complex_iplddt": 0.979871392250061,
    "complex_pde": 0.3395603895187378,
    "complex_ipde": 0.5476353764533997,
    "chains_ptm": {
        "0": 0.9622712731361389,
        "1": 0.9375656843185425
    },
    "pair_chains_iptm": {
        "0": {
            "0": 0.9622712731361389,
            "1": 0.6814494729042053
        },
        "1": {
            "0": 0.9473084211349487,
            "1": 0.9375656843185425
        }
    }
}