{
    "confidence_score": 0.6790914535522461,
    "ptm": 0.8578686714172363,
    "iptm": 0.7943095564842224,
    "ligand_iptm": 0.7943095564842224,
    "protein_iptm": 0.0,
    "complex_plddt": 0.6502869129180908,
    "complex_iplddt": 0.537550687789917,
    "complex_pde": 0.670096755027771,
    "complex_ipde": 1.2497994899749756,
    "chains_ptm": {
        "0": 0.8723816871643066,
        "1": 0.9101057648658752
    },
    "pair_chains_iptm": {
        "0": {
            "0": 0.8723816871643066,
            "1": 0.4099447727203369
        },
        "1": {
            "0": 0.7943095564842224,
            "1": 0.9101057648658752
        }
    }
}