{
    "confidence_score": 0.9676842093467712,
    "ptm": 0.9751641750335693,
    "iptm": 0.9488993883132935,
    "ligand_iptm": 0.9488993883132935,
    "protein_iptm": 0.0,
    "complex_plddt": 0.9723803997039795,
    "complex_iplddt": 0.9522584676742554,
    "complex_pde": 0.3204905688762665,
    "complex_ipde": 0.48212355375289917,
    "chains_ptm": {
        "0": 0.9816030859947205,
        "1": 0.8775988221168518
    },
    "pair_chains_iptm": {
        "0": {
            "0": 0.9816030859947205,
            "1": 0.6496059894561768
        },
        "1": {
            "0": 0.9488993883132935,
            "1": 0.8775988221168518
        }
    }
}