{
    "affinity_pred_value": 1.3031644821166992,
    "affinity_probability_binary": 0.2736336886882782,
    "affinity_pred_value1": 1.1603405475616455,
    "affinity_probability_binary1": 0.22166550159454346,
    "affinity_pred_value2": 1.445988416671753,
    "affinity_probability_binary2": 0.32560187578201294
}