{
    "confidence_score": 0.8209217190742493,
    "ptm": 0.8990911245346069,
    "iptm": 0.6513636112213135,
    "ligand_iptm": 0.6513636112213135,
    "protein_iptm": 0.0,
    "complex_plddt": 0.8633111715316772,
    "complex_iplddt": 0.5870910286903381,
    "complex_pde": 0.6045252084732056,
    "complex_ipde": 2.9584274291992188,
    "chains_ptm": {
        "0": 0.9412868618965149,
        "1": 0.8919236660003662
    },
    "pair_chains_iptm": {
        "0": {
            "0": 0.9412868618965149,
            "1": 0.2607629895210266
        },
        "1": {
            "0": 0.6513636112213135,
            "1": 0.8919236660003662
        }
    }
}