{
    "confidence_score": 0.9050283432006836,
    "ptm": 0.9085890650749207,
    "iptm": 0.8102127909660339,
    "ligand_iptm": 0.8102127909660339,
    "protein_iptm": 0.0,
    "complex_plddt": 0.9287322163581848,
    "complex_iplddt": 0.835035502910614,
    "complex_pde": 0.5225986838340759,
    "complex_ipde": 1.0919413566589355,
    "chains_ptm": {
        "0": 0.9297756552696228,
        "1": 0.8774611949920654
    },
    "pair_chains_iptm": {
        "0": {
            "0": 0.9297756552696228,
            "1": 0.4157080352306366
        },
        "1": {
            "0": 0.8102127909660339,
            "1": 0.8774611949920654
        }
    }
}