{
    "affinity_pred_value": 1.0015273094177246,
    "affinity_probability_binary": 0.209096759557724,
    "affinity_pred_value1": 1.2005702257156372,
    "affinity_probability_binary1": 0.2601524889469147,
    "affinity_pred_value2": 0.8024843335151672,
    "affinity_probability_binary2": 0.15804101526737213
}