{
    "confidence_score": 0.9346781969070435,
    "ptm": 0.9783559441566467,
    "iptm": 0.9472382664680481,
    "ligand_iptm": 0.9472382664680481,
    "protein_iptm": 0.0,
    "complex_plddt": 0.9315381646156311,
    "complex_iplddt": 0.8268560171127319,
    "complex_pde": 0.3903234302997589,
    "complex_ipde": 0.8951606750488281,
    "chains_ptm": {
        "0": 0.98164302110672,
        "1": 0.9300459027290344
    },
    "pair_chains_iptm": {
        "0": {
            "0": 0.98164302110672,
            "1": 0.6466436982154846
        },
        "1": {
            "0": 0.9472382664680481,
            "1": 0.9300459027290344
        }
    }
}