{
    "affinity_pred_value": 1.7904460430145264,
    "affinity_probability_binary": 0.20956414937973022,
    "affinity_pred_value1": 2.1976070404052734,
    "affinity_probability_binary1": 0.12536191940307617,
    "affinity_pred_value2": 1.3832851648330688,
    "affinity_probability_binary2": 0.2937663793563843
}