{
    "confidence_score": 0.8613333106040955,
    "ptm": 0.9589673280715942,
    "iptm": 0.8339269757270813,
    "ligand_iptm": 0.8339269757270813,
    "protein_iptm": 0.0,
    "complex_plddt": 0.8681848645210266,
    "complex_iplddt": 0.49522846937179565,
    "complex_pde": 0.43769800662994385,
    "complex_ipde": 1.778419017791748,
    "chains_ptm": {
        "0": 0.9804177284240723,
        "1": 0.9367935061454773
    },
    "pair_chains_iptm": {
        "0": {
            "0": 0.9804177284240723,
            "1": 0.5205996036529541
        },
        "1": {
            "0": 0.8339269757270813,
            "1": 0.9367935061454773
        }
    }
}