{
    "affinity_pred_value": 1.719266653060913,
    "affinity_probability_binary": 0.16591274738311768,
    "affinity_pred_value1": 2.015087604522705,
    "affinity_probability_binary1": 0.21292825043201447,
    "affinity_pred_value2": 1.423445701599121,
    "affinity_probability_binary2": 0.11889723688364029
}