{
    "confidence_score": 0.8841062784194946,
    "ptm": 0.9317453503608704,
    "iptm": 0.8850023746490479,
    "ligand_iptm": 0.8850023746490479,
    "protein_iptm": 0.0,
    "complex_plddt": 0.8838822841644287,
    "complex_iplddt": 0.7423033714294434,
    "complex_pde": 0.4087327718734741,
    "complex_ipde": 0.8893688321113586,
    "chains_ptm": {
        "0": 0.9457758069038391,
        "1": 0.9129599928855896
    },
    "pair_chains_iptm": {
        "0": {
            "0": 0.9457758069038391,
            "1": 0.5181911587715149
        },
        "1": {
            "0": 0.8850023746490479,
            "1": 0.9129599928855896
        }
    }
}