{
    "affinity_pred_value": 0.7748360633850098,
    "affinity_probability_binary": 0.5647929906845093,
    "affinity_pred_value1": 0.47825413942337036,
    "affinity_probability_binary1": 0.7504791021347046,
    "affinity_pred_value2": 1.071418046951294,
    "affinity_probability_binary2": 0.37910690903663635
}