{
    "affinity_pred_value": 1.6269927024841309,
    "affinity_probability_binary": 0.218736469745636,
    "affinity_pred_value1": 2.013211727142334,
    "affinity_probability_binary1": 0.09191004931926727,
    "affinity_pred_value2": 1.2407735586166382,
    "affinity_probability_binary2": 0.3455628752708435
}