{
    "confidence_score": 0.9259340167045593,
    "ptm": 0.9543461203575134,
    "iptm": 0.8770095109939575,
    "ligand_iptm": 0.8770095109939575,
    "protein_iptm": 0.0,
    "complex_plddt": 0.9381651878356934,
    "complex_iplddt": 0.874221920967102,
    "complex_pde": 0.37050843238830566,
    "complex_ipde": 0.7845861315727234,
    "chains_ptm": {
        "0": 0.9744521379470825,
        "1": 0.9179283976554871
    },
    "pair_chains_iptm": {
        "0": {
            "0": 0.9744521379470825,
            "1": 0.5295695066452026
        },
        "1": {
            "0": 0.8770095109939575,
            "1": 0.9179283976554871
        }
    }
}