{
    "confidence_score": 0.957209587097168,
    "ptm": 0.9646714329719543,
    "iptm": 0.9608314633369446,
    "ligand_iptm": 0.9608314633369446,
    "protein_iptm": 0.0,
    "complex_plddt": 0.956304132938385,
    "complex_iplddt": 0.9348741769790649,
    "complex_pde": 0.3233453929424286,
    "complex_ipde": 0.41101038455963135,
    "chains_ptm": {
        "0": 0.9665409326553345,
        "1": 0.9273636937141418
    },
    "pair_chains_iptm": {
        "0": {
            "0": 0.9665409326553345,
            "1": 0.755611002445221
        },
        "1": {
            "0": 0.9608314633369446,
            "1": 0.9273636937141418
        }
    }
}