{
    "affinity_pred_value": 0.8571590185165405,
    "affinity_probability_binary": 0.2816344201564789,
    "affinity_pred_value1": 1.2802101373672485,
    "affinity_probability_binary1": 0.3146285116672516,
    "affinity_pred_value2": 0.4341079592704773,
    "affinity_probability_binary2": 0.24864034354686737
}