{
    "confidence_score": 0.8146319389343262,
    "ptm": 0.930299699306488,
    "iptm": 0.8531338572502136,
    "ligand_iptm": 0.8531338572502136,
    "protein_iptm": 0.0,
    "complex_plddt": 0.8050064444541931,
    "complex_iplddt": 0.6241230964660645,
    "complex_pde": 0.510349690914154,
    "complex_ipde": 0.9418433904647827,
    "chains_ptm": {
        "0": 0.9546968936920166,
        "1": 0.7992947101593018
    },
    "pair_chains_iptm": {
        "0": {
            "0": 0.9546968936920166,
            "1": 0.49990102648735046
        },
        "1": {
            "0": 0.8531338572502136,
            "1": 0.7992947101593018
        }
    }
}