{
    "confidence_score": 0.8568190932273865,
    "ptm": 0.9407923221588135,
    "iptm": 0.8495327830314636,
    "ligand_iptm": 0.8495327830314636,
    "protein_iptm": 0.0,
    "complex_plddt": 0.8586406111717224,
    "complex_iplddt": 0.6141219139099121,
    "complex_pde": 0.46386590600013733,
    "complex_ipde": 1.2041516304016113,
    "chains_ptm": {
        "0": 0.9607654809951782,
        "1": 0.9123350381851196
    },
    "pair_chains_iptm": {
        "0": {
            "0": 0.9607654809951782,
            "1": 0.521457850933075
        },
        "1": {
            "0": 0.8495327830314636,
            "1": 0.9123350381851196
        }
    }
}