{
    "confidence_score": 0.7988154888153076,
    "ptm": 0.9435491561889648,
    "iptm": 0.8756635785102844,
    "ligand_iptm": 0.8756635785102844,
    "protein_iptm": 0.0,
    "complex_plddt": 0.7796034812927246,
    "complex_iplddt": 0.4165841042995453,
    "complex_pde": 0.4378368556499481,
    "complex_ipde": 1.0777788162231445,
    "chains_ptm": {
        "0": 0.9719207286834717,
        "1": 0.88161700963974
    },
    "pair_chains_iptm": {
        "0": {
            "0": 0.9719207286834717,
            "1": 0.5210822224617004
        },
        "1": {
            "0": 0.8756635785102844,
            "1": 0.88161700963974
        }
    }
}