{
    "affinity_pred_value": 1.3100686073303223,
    "affinity_probability_binary": 0.2338939756155014,
    "affinity_pred_value1": 1.3201454877853394,
    "affinity_probability_binary1": 0.12106741219758987,
    "affinity_pred_value2": 1.2999916076660156,
    "affinity_probability_binary2": 0.34672054648399353
}