{
    "confidence_score": 0.9242758750915527,
    "ptm": 0.9340901374816895,
    "iptm": 0.8463546633720398,
    "ligand_iptm": 0.8463546633720398,
    "protein_iptm": 0.0,
    "complex_plddt": 0.9437562227249146,
    "complex_iplddt": 0.8905561566352844,
    "complex_pde": 0.509784996509552,
    "complex_ipde": 1.0240892171859741,
    "chains_ptm": {
        "0": 0.9506198167800903,
        "1": 0.804855465888977
    },
    "pair_chains_iptm": {
        "0": {
            "0": 0.9506198167800903,
            "1": 0.4052698016166687
        },
        "1": {
            "0": 0.8463546633720398,
            "1": 0.804855465888977
        }
    }
}