{
    "affinity_pred_value": 1.1801528930664062,
    "affinity_probability_binary": 0.2818940281867981,
    "affinity_pred_value1": 1.2768687009811401,
    "affinity_probability_binary1": 0.2430516481399536,
    "affinity_pred_value2": 1.0834369659423828,
    "affinity_probability_binary2": 0.32073643803596497
}