{
    "confidence_score": 0.8877865076065063,
    "ptm": 0.9489642381668091,
    "iptm": 0.873735785484314,
    "ligand_iptm": 0.873735785484314,
    "protein_iptm": 0.0,
    "complex_plddt": 0.8912991285324097,
    "complex_iplddt": 0.7285093069076538,
    "complex_pde": 0.3478049337863922,
    "complex_ipde": 0.6669392585754395,
    "chains_ptm": {
        "0": 0.9743446111679077,
        "1": 0.8923765420913696
    },
    "pair_chains_iptm": {
        "0": {
            "0": 0.9743446111679077,
            "1": 0.52167809009552
        },
        "1": {
            "0": 0.873735785484314,
            "1": 0.8923765420913696
        }
    }
}