{
    "confidence_score": 0.9542426466941833,
    "ptm": 0.9603410959243774,
    "iptm": 0.9522895216941833,
    "ligand_iptm": 0.9522895216941833,
    "protein_iptm": 0.0,
    "complex_plddt": 0.9547308683395386,
    "complex_iplddt": 0.9240569472312927,
    "complex_pde": 0.31703075766563416,
    "complex_ipde": 0.4691890776157379,
    "chains_ptm": {
        "0": 0.965251624584198,
        "1": 0.9182637333869934
    },
    "pair_chains_iptm": {
        "0": {
            "0": 0.965251624584198,
            "1": 0.686876654624939
        },
        "1": {
            "0": 0.9522895216941833,
            "1": 0.9182637333869934
        }
    }
}