{
    "confidence_score": 0.933955192565918,
    "ptm": 0.9510157704353333,
    "iptm": 0.9026758670806885,
    "ligand_iptm": 0.9026758670806885,
    "protein_iptm": 0.0,
    "complex_plddt": 0.9417750835418701,
    "complex_iplddt": 0.9071646928787231,
    "complex_pde": 0.3728359639644623,
    "complex_ipde": 0.6445153951644897,
    "chains_ptm": {
        "0": 0.9665845632553101,
        "1": 0.8198592662811279
    },
    "pair_chains_iptm": {
        "0": {
            "0": 0.9665845632553101,
            "1": 0.4855503737926483
        },
        "1": {
            "0": 0.9026758670806885,
            "1": 0.8198592662811279
        }
    }
}