{
    "confidence_score": 0.964326024055481,
    "ptm": 0.9435608386993408,
    "iptm": 0.9412386417388916,
    "ligand_iptm": 0.9412386417388916,
    "protein_iptm": 0.0,
    "complex_plddt": 0.9700978398323059,
    "complex_iplddt": 0.9546477794647217,
    "complex_pde": 0.37608152627944946,
    "complex_ipde": 0.6047338843345642,
    "chains_ptm": {
        "0": 0.9462630748748779,
        "1": 0.9209368228912354
    },
    "pair_chains_iptm": {
        "0": {
            "0": 0.9462630748748779,
            "1": 0.6910261511802673
        },
        "1": {
            "0": 0.9412386417388916,
            "1": 0.9209368228912354
        }
    }
}