{
    "confidence_score": 0.9104329347610474,
    "ptm": 0.9602175354957581,
    "iptm": 0.942463755607605,
    "ligand_iptm": 0.942463755607605,
    "protein_iptm": 0.0,
    "complex_plddt": 0.902425229549408,
    "complex_iplddt": 0.7810077667236328,
    "complex_pde": 0.35822537541389465,
    "complex_ipde": 0.5491895079612732,
    "chains_ptm": {
        "0": 0.9637144804000854,
        "1": 0.864533007144928
    },
    "pair_chains_iptm": {
        "0": {
            "0": 0.9637144804000854,
            "1": 0.6042777895927429
        },
        "1": {
            "0": 0.942463755607605,
            "1": 0.864533007144928
        }
    }
}