{
    "affinity_pred_value": 0.4391215443611145,
    "affinity_probability_binary": 0.2569044530391693,
    "affinity_pred_value1": 0.6120389699935913,
    "affinity_probability_binary1": 0.19934706389904022,
    "affinity_pred_value2": 0.2662041485309601,
    "affinity_probability_binary2": 0.3144618272781372
}