{
    "affinity_pred_value": 1.1411652565002441,
    "affinity_probability_binary": 0.22839325666427612,
    "affinity_pred_value1": 1.1589947938919067,
    "affinity_probability_binary1": 0.13921840488910675,
    "affinity_pred_value2": 1.123335838317871,
    "affinity_probability_binary2": 0.3175681233406067
}