{
    "confidence_score": 0.9601051211357117,
    "ptm": 0.9455395936965942,
    "iptm": 0.9314729571342468,
    "ligand_iptm": 0.9314729571342468,
    "protein_iptm": 0.0,
    "complex_plddt": 0.9672631621360779,
    "complex_iplddt": 0.9507264494895935,
    "complex_pde": 0.3840199112892151,
    "complex_ipde": 0.5492506623268127,
    "chains_ptm": {
        "0": 0.9522975087165833,
        "1": 0.832575261592865
    },
    "pair_chains_iptm": {
        "0": {
            "0": 0.9522975087165833,
            "1": 0.5530674457550049
        },
        "1": {
            "0": 0.9314729571342468,
            "1": 0.832575261592865
        }
    }
}