{
    "affinity_pred_value": 0.17701275646686554,
    "affinity_probability_binary": 0.2887992858886719,
    "affinity_pred_value1": 0.21577200293540955,
    "affinity_probability_binary1": 0.2015194594860077,
    "affinity_pred_value2": 0.13825350999832153,
    "affinity_probability_binary2": 0.37607908248901367
}