{
    "confidence_score": 0.9765518307685852,
    "ptm": 0.9604527950286865,
    "iptm": 0.960941731929779,
    "ligand_iptm": 0.960941731929779,
    "protein_iptm": 0.0,
    "complex_plddt": 0.9804543852806091,
    "complex_iplddt": 0.9775808453559875,
    "complex_pde": 0.33203136920928955,
    "complex_ipde": 0.47873568534851074,
    "chains_ptm": {
        "0": 0.9603602290153503,
        "1": 0.9242376089096069
    },
    "pair_chains_iptm": {
        "0": {
            "0": 0.9603602290153503,
            "1": 0.7289050817489624
        },
        "1": {
            "0": 0.960941731929779,
            "1": 0.9242376089096069
        }
    }
}