{
    "affinity_pred_value": 1.1545735597610474,
    "affinity_probability_binary": 0.3892078101634979,
    "affinity_pred_value1": 1.3166345357894897,
    "affinity_probability_binary1": 0.4341338276863098,
    "affinity_pred_value2": 0.9925125241279602,
    "affinity_probability_binary2": 0.34428179264068604
}