{
    "confidence_score": 0.8882956504821777,
    "ptm": 0.9620667695999146,
    "iptm": 0.8599075078964233,
    "ligand_iptm": 0.8599075078964233,
    "protein_iptm": 0.0,
    "complex_plddt": 0.8953927159309387,
    "complex_iplddt": 0.6565366983413696,
    "complex_pde": 0.38525229692459106,
    "complex_ipde": 1.099676489830017,
    "chains_ptm": {
        "0": 0.9817018508911133,
        "1": 0.9065365791320801
    },
    "pair_chains_iptm": {
        "0": {
            "0": 0.9817018508911133,
            "1": 0.5022329688072205
        },
        "1": {
            "0": 0.8599075078964233,
            "1": 0.9065365791320801
        }
    }
}