{
    "confidence_score": 0.8325576782226562,
    "ptm": 0.9012107849121094,
    "iptm": 0.7595405578613281,
    "ligand_iptm": 0.7595405578613281,
    "protein_iptm": 0.0,
    "complex_plddt": 0.8508119583129883,
    "complex_iplddt": 0.7324988842010498,
    "complex_pde": 0.6519317030906677,
    "complex_ipde": 1.3913383483886719,
    "chains_ptm": {
        "0": 0.960253119468689,
        "1": 0.7436274886131287
    },
    "pair_chains_iptm": {
        "0": {
            "0": 0.960253119468689,
            "1": 0.4192706048488617
        },
        "1": {
            "0": 0.7595405578613281,
            "1": 0.7436274886131287
        }
    }
}