{
    "affinity_pred_value": 0.9837233424186707,
    "affinity_probability_binary": 0.30559104681015015,
    "affinity_pred_value1": 0.7440128326416016,
    "affinity_probability_binary1": 0.2800736427307129,
    "affinity_pred_value2": 1.2234338521957397,
    "affinity_probability_binary2": 0.331108421087265
}