{
    "confidence_score": 0.876248836517334,
    "ptm": 0.9192132353782654,
    "iptm": 0.8811928629875183,
    "ligand_iptm": 0.8811928629875183,
    "protein_iptm": 0.0,
    "complex_plddt": 0.8750128746032715,
    "complex_iplddt": 0.7829364538192749,
    "complex_pde": 0.4753938913345337,
    "complex_ipde": 0.8498433828353882,
    "chains_ptm": {
        "0": 0.926489531993866,
        "1": 0.8295487761497498
    },
    "pair_chains_iptm": {
        "0": {
            "0": 0.926489531993866,
            "1": 0.46952781081199646
        },
        "1": {
            "0": 0.8811928629875183,
            "1": 0.8295487761497498
        }
    }
}