{
    "affinity_pred_value": 0.747497022151947,
    "affinity_probability_binary": 0.6116458773612976,
    "affinity_pred_value1": 0.7693952918052673,
    "affinity_probability_binary1": 0.7454976439476013,
    "affinity_pred_value2": 0.7255987524986267,
    "affinity_probability_binary2": 0.4777941405773163
}