{
    "confidence_score": 0.8021082282066345,
    "ptm": 0.9001925587654114,
    "iptm": 0.6555697917938232,
    "ligand_iptm": 0.6555697917938232,
    "protein_iptm": 0.0,
    "complex_plddt": 0.8387428522109985,
    "complex_iplddt": 0.5370079874992371,
    "complex_pde": 0.6580241918563843,
    "complex_ipde": 3.181396484375,
    "chains_ptm": {
        "0": 0.9613671898841858,
        "1": 0.8857351541519165
    },
    "pair_chains_iptm": {
        "0": {
            "0": 0.9613671898841858,
            "1": 0.3358219265937805
        },
        "1": {
            "0": 0.6555697917938232,
            "1": 0.8857351541519165
        }
    }
}