{
    "confidence_score": 0.9600110054016113,
    "ptm": 0.9702143669128418,
    "iptm": 0.9414791464805603,
    "ligand_iptm": 0.9414791464805603,
    "protein_iptm": 0.0,
    "complex_plddt": 0.9646440148353577,
    "complex_iplddt": 0.9366393089294434,
    "complex_pde": 0.3324815034866333,
    "complex_ipde": 0.576019287109375,
    "chains_ptm": {
        "0": 0.978354275226593,
        "1": 0.8661308884620667
    },
    "pair_chains_iptm": {
        "0": {
            "0": 0.978354275226593,
            "1": 0.580531656742096
        },
        "1": {
            "0": 0.9414791464805603,
            "1": 0.8661308884620667
        }
    }
}