{
    "affinity_pred_value": 1.7866812944412231,
    "affinity_probability_binary": 0.12939736247062683,
    "affinity_pred_value1": 1.6158032417297363,
    "affinity_probability_binary1": 0.07735167443752289,
    "affinity_pred_value2": 1.95755934715271,
    "affinity_probability_binary2": 0.18144303560256958
}