{
    "confidence_score": 0.7870689630508423,
    "ptm": 0.876671552658081,
    "iptm": 0.7926884889602661,
    "ligand_iptm": 0.7926884889602661,
    "protein_iptm": 0.0,
    "complex_plddt": 0.7856640815734863,
    "complex_iplddt": 0.6286670565605164,
    "complex_pde": 0.7491540312767029,
    "complex_ipde": 1.4899040460586548,
    "chains_ptm": {
        "0": 0.9111327528953552,
        "1": 0.7699159979820251
    },
    "pair_chains_iptm": {
        "0": {
            "0": 0.9111327528953552,
            "1": 0.48004165291786194
        },
        "1": {
            "0": 0.7926884889602661,
            "1": 0.7699159979820251
        }
    }
}