{
    "affinity_pred_value": 1.4266104698181152,
    "affinity_probability_binary": 0.28989899158477783,
    "affinity_pred_value1": 1.285892128944397,
    "affinity_probability_binary1": 0.19859838485717773,
    "affinity_pred_value2": 1.567328929901123,
    "affinity_probability_binary2": 0.38119959831237793
}