{
    "affinity_pred_value": 1.0766005516052246,
    "affinity_probability_binary": 0.12753671407699585,
    "affinity_pred_value1": 1.571374535560608,
    "affinity_probability_binary1": 0.031594254076480865,
    "affinity_pred_value2": 0.5818265080451965,
    "affinity_probability_binary2": 0.22347916662693024
}