{
    "confidence_score": 0.9608009457588196,
    "ptm": 0.9764330983161926,
    "iptm": 0.9580406546592712,
    "ligand_iptm": 0.9580406546592712,
    "protein_iptm": 0.0,
    "complex_plddt": 0.9614909887313843,
    "complex_iplddt": 0.9237328767776489,
    "complex_pde": 0.30380871891975403,
    "complex_ipde": 0.46170884370803833,
    "chains_ptm": {
        "0": 0.9824296236038208,
        "1": 0.9184650182723999
    },
    "pair_chains_iptm": {
        "0": {
            "0": 0.9824296236038208,
            "1": 0.6903272271156311
        },
        "1": {
            "0": 0.9580406546592712,
            "1": 0.9184650182723999
        }
    }
}