{
    "confidence_score": 0.909615695476532,
    "ptm": 0.9247303009033203,
    "iptm": 0.8576042056083679,
    "ligand_iptm": 0.8576042056083679,
    "protein_iptm": 0.0,
    "complex_plddt": 0.9226186275482178,
    "complex_iplddt": 0.8631487488746643,
    "complex_pde": 0.4828081727027893,
    "complex_ipde": 0.8726916313171387,
    "chains_ptm": {
        "0": 0.9526576995849609,
        "1": 0.8288454413414001
    },
    "pair_chains_iptm": {
        "0": {
            "0": 0.9526576995849609,
            "1": 0.5014351606369019
        },
        "1": {
            "0": 0.8576042056083679,
            "1": 0.8288454413414001
        }
    }
}