{
    "confidence_score": 0.8339639902114868,
    "ptm": 0.9279972314834595,
    "iptm": 0.6539205312728882,
    "ligand_iptm": 0.6539205312728882,
    "protein_iptm": 0.0,
    "complex_plddt": 0.8789747953414917,
    "complex_iplddt": 0.5260870456695557,
    "complex_pde": 0.5712226629257202,
    "complex_ipde": 2.9934980869293213,
    "chains_ptm": {
        "0": 0.9708021879196167,
        "1": 0.9038558602333069
    },
    "pair_chains_iptm": {
        "0": {
            "0": 0.9708021879196167,
            "1": 0.2715409994125366
        },
        "1": {
            "0": 0.6539205312728882,
            "1": 0.9038558602333069
        }
    }
}