{
    "confidence_score": 0.9315847754478455,
    "ptm": 0.9284175634384155,
    "iptm": 0.9018991589546204,
    "ligand_iptm": 0.9018991589546204,
    "protein_iptm": 0.0,
    "complex_plddt": 0.9390061497688293,
    "complex_iplddt": 0.9025509357452393,
    "complex_pde": 0.4222332835197449,
    "complex_ipde": 0.7167374491691589,
    "chains_ptm": {
        "0": 0.9365243911743164,
        "1": 0.9003333449363708
    },
    "pair_chains_iptm": {
        "0": {
            "0": 0.9365243911743164,
            "1": 0.6014798879623413
        },
        "1": {
            "0": 0.9018991589546204,
            "1": 0.9003333449363708
        }
    }
}