{
    "confidence_score": 0.8981391191482544,
    "ptm": 0.9507534503936768,
    "iptm": 0.8524383902549744,
    "ligand_iptm": 0.8524383902549744,
    "protein_iptm": 0.0,
    "complex_plddt": 0.9095642566680908,
    "complex_iplddt": 0.7715327739715576,
    "complex_pde": 0.4318585693836212,
    "complex_ipde": 0.8165541887283325,
    "chains_ptm": {
        "0": 0.9831832647323608,
        "1": 0.8340646624565125
    },
    "pair_chains_iptm": {
        "0": {
            "0": 0.9831832647323608,
            "1": 0.6048097610473633
        },
        "1": {
            "0": 0.8524383902549744,
            "1": 0.8340646624565125
        }
    }
}