{
    "affinity_pred_value": 0.887169599533081,
    "affinity_probability_binary": 0.2899872064590454,
    "affinity_pred_value1": 0.9203935861587524,
    "affinity_probability_binary1": 0.2862005829811096,
    "affinity_pred_value2": 0.8539455533027649,
    "affinity_probability_binary2": 0.2937738597393036
}