{
    "confidence_score": 0.8159198760986328,
    "ptm": 0.9268075823783875,
    "iptm": 0.7720772624015808,
    "ligand_iptm": 0.7720772624015808,
    "protein_iptm": 0.0,
    "complex_plddt": 0.8268805742263794,
    "complex_iplddt": 0.5249418616294861,
    "complex_pde": 0.5111240148544312,
    "complex_ipde": 1.8128761053085327,
    "chains_ptm": {
        "0": 0.9661538004875183,
        "1": 0.8067710399627686
    },
    "pair_chains_iptm": {
        "0": {
            "0": 0.9661538004875183,
            "1": 0.3715766370296478
        },
        "1": {
            "0": 0.7720772624015808,
            "1": 0.8067710399627686
        }
    }
}