{
    "affinity_pred_value": 2.2803032398223877,
    "affinity_probability_binary": 0.1551031917333603,
    "affinity_pred_value1": 2.2993621826171875,
    "affinity_probability_binary1": 0.09299532324075699,
    "affinity_pred_value2": 2.261244297027588,
    "affinity_probability_binary2": 0.2172110676765442
}