{
    "affinity_pred_value": 1.3639899492263794,
    "affinity_probability_binary": 0.27749955654144287,
    "affinity_pred_value1": 1.594286561012268,
    "affinity_probability_binary1": 0.2476329505443573,
    "affinity_pred_value2": 1.1336933374404907,
    "affinity_probability_binary2": 0.30736619234085083
}