{
    "confidence_score": 0.7431974411010742,
    "ptm": 0.8399423360824585,
    "iptm": 0.6870260238647461,
    "ligand_iptm": 0.6870260238647461,
    "protein_iptm": 0.0,
    "complex_plddt": 0.7572402954101562,
    "complex_iplddt": 0.5754064321517944,
    "complex_pde": 0.9589225649833679,
    "complex_ipde": 1.8617465496063232,
    "chains_ptm": {
        "0": 0.8990015387535095,
        "1": 0.7385303378105164
    },
    "pair_chains_iptm": {
        "0": {
            "0": 0.8990015387535095,
            "1": 0.4270589053630829
        },
        "1": {
            "0": 0.6870260238647461,
            "1": 0.7385303378105164
        }
    }
}