{
    "affinity_pred_value": 1.414696455001831,
    "affinity_probability_binary": 0.19377490878105164,
    "affinity_pred_value1": 1.6360374689102173,
    "affinity_probability_binary1": 0.14667350053787231,
    "affinity_pred_value2": 1.1933553218841553,
    "affinity_probability_binary2": 0.24087630212306976
}