{
    "affinity_pred_value": 1.294003963470459,
    "affinity_probability_binary": 0.16618353128433228,
    "affinity_pred_value1": 0.9910882711410522,
    "affinity_probability_binary1": 0.1780136227607727,
    "affinity_pred_value2": 1.5969197750091553,
    "affinity_probability_binary2": 0.15435345470905304
}