{
    "confidence_score": 0.9293670654296875,
    "ptm": 0.9310789108276367,
    "iptm": 0.8944193124771118,
    "ligand_iptm": 0.8944193124771118,
    "protein_iptm": 0.0,
    "complex_plddt": 0.938103973865509,
    "complex_iplddt": 0.9039781093597412,
    "complex_pde": 0.4681953191757202,
    "complex_ipde": 0.7894703149795532,
    "chains_ptm": {
        "0": 0.9431896805763245,
        "1": 0.8896114826202393
    },
    "pair_chains_iptm": {
        "0": {
            "0": 0.9431896805763245,
            "1": 0.6801826357841492
        },
        "1": {
            "0": 0.8944193124771118,
            "1": 0.8896114826202393
        }
    }
}