{
    "affinity_pred_value": 1.001786470413208,
    "affinity_probability_binary": 0.5689606666564941,
    "affinity_pred_value1": 0.5258574485778809,
    "affinity_probability_binary1": 0.6808554530143738,
    "affinity_pred_value2": 1.4777154922485352,
    "affinity_probability_binary2": 0.4570658504962921
}