{
    "affinity_pred_value": 1.3004214763641357,
    "affinity_probability_binary": 0.25310903787612915,
    "affinity_pred_value1": 1.2586630582809448,
    "affinity_probability_binary1": 0.277837336063385,
    "affinity_pred_value2": 1.3421800136566162,
    "affinity_probability_binary2": 0.22838075459003448
}