{
    "confidence_score": 0.8000211715698242,
    "ptm": 0.8909679055213928,
    "iptm": 0.7244089245796204,
    "ligand_iptm": 0.7244089245796204,
    "protein_iptm": 0.0,
    "complex_plddt": 0.8189241886138916,
    "complex_iplddt": 0.6212670207023621,
    "complex_pde": 0.6981112360954285,
    "complex_ipde": 1.4287679195404053,
    "chains_ptm": {
        "0": 0.9558885097503662,
        "1": 0.7291141748428345
    },
    "pair_chains_iptm": {
        "0": {
            "0": 0.9558885097503662,
            "1": 0.3650789260864258
        },
        "1": {
            "0": 0.7244089245796204,
            "1": 0.7291141748428345
        }
    }
}