{
    "affinity_pred_value": 0.8863285779953003,
    "affinity_probability_binary": 0.21072927117347717,
    "affinity_pred_value1": 0.8729232549667358,
    "affinity_probability_binary1": 0.15818285942077637,
    "affinity_pred_value2": 0.8997339606285095,
    "affinity_probability_binary2": 0.263275682926178
}