{
    "confidence_score": 0.8888440132141113,
    "ptm": 0.861822247505188,
    "iptm": 0.7358044385910034,
    "ligand_iptm": 0.7358044385910034,
    "protein_iptm": 0.0,
    "complex_plddt": 0.9271039366722107,
    "complex_iplddt": 0.8353353142738342,
    "complex_pde": 0.5571657419204712,
    "complex_ipde": 1.7414660453796387,
    "chains_ptm": {
        "0": 0.8972457051277161,
        "1": 0.8962899446487427
    },
    "pair_chains_iptm": {
        "0": {
            "0": 0.8972457051277161,
            "1": 0.3605043888092041
        },
        "1": {
            "0": 0.7358044385910034,
            "1": 0.8962899446487427
        }
    }
}