{
    "confidence_score": 0.9228710532188416,
    "ptm": 0.9519957900047302,
    "iptm": 0.908145010471344,
    "ligand_iptm": 0.908145010471344,
    "protein_iptm": 0.0,
    "complex_plddt": 0.9265525341033936,
    "complex_iplddt": 0.8493931293487549,
    "complex_pde": 0.40673571825027466,
    "complex_ipde": 0.785542368888855,
    "chains_ptm": {
        "0": 0.962452232837677,
        "1": 0.8245716691017151
    },
    "pair_chains_iptm": {
        "0": {
            "0": 0.962452232837677,
            "1": 0.5025060176849365
        },
        "1": {
            "0": 0.908145010471344,
            "1": 0.8245716691017151
        }
    }
}