{
    "affinity_pred_value": 1.5146139860153198,
    "affinity_probability_binary": 0.17622141540050507,
    "affinity_pred_value1": 1.3892619609832764,
    "affinity_probability_binary1": 0.1682579070329666,
    "affinity_pred_value2": 1.6399660110473633,
    "affinity_probability_binary2": 0.18418492376804352
}