{
    "affinity_pred_value": 2.1240320205688477,
    "affinity_probability_binary": 0.23143532872200012,
    "affinity_pred_value1": 2.084263801574707,
    "affinity_probability_binary1": 0.27414456009864807,
    "affinity_pred_value2": 2.1638002395629883,
    "affinity_probability_binary2": 0.18872609734535217
}