{
    "confidence_score": 0.8815765380859375,
    "ptm": 0.9674245119094849,
    "iptm": 0.9246097803115845,
    "ligand_iptm": 0.9246097803115845,
    "protein_iptm": 0.0,
    "complex_plddt": 0.8708181977272034,
    "complex_iplddt": 0.6400702595710754,
    "complex_pde": 0.3304036557674408,
    "complex_ipde": 0.6249050498008728,
    "chains_ptm": {
        "0": 0.9776504635810852,
        "1": 0.9117530584335327
    },
    "pair_chains_iptm": {
        "0": {
            "0": 0.9776504635810852,
            "1": 0.6382051110267639
        },
        "1": {
            "0": 0.9246097803115845,
            "1": 0.9117530584335327
        }
    }
}