{
    "affinity_pred_value": 2.1335062980651855,
    "affinity_probability_binary": 0.21659235656261444,
    "affinity_pred_value1": 2.3252954483032227,
    "affinity_probability_binary1": 0.22467996180057526,
    "affinity_pred_value2": 1.9417170286178589,
    "affinity_probability_binary2": 0.20850475132465363
}