{
    "confidence_score": 0.967909038066864,
    "ptm": 0.9604427218437195,
    "iptm": 0.9520516395568848,
    "ligand_iptm": 0.9520516395568848,
    "protein_iptm": 0.0,
    "complex_plddt": 0.9718733429908752,
    "complex_iplddt": 0.9596545100212097,
    "complex_pde": 0.3352404534816742,
    "complex_ipde": 0.4670076370239258,
    "chains_ptm": {
        "0": 0.9650845527648926,
        "1": 0.9260300397872925
    },
    "pair_chains_iptm": {
        "0": {
            "0": 0.9650845527648926,
            "1": 0.635804295539856
        },
        "1": {
            "0": 0.9520516395568848,
            "1": 0.9260300397872925
        }
    }
}