{
    "affinity_pred_value": 0.9211522340774536,
    "affinity_probability_binary": 0.341001033782959,
    "affinity_pred_value1": 1.3368686437606812,
    "affinity_probability_binary1": 0.3046019673347473,
    "affinity_pred_value2": 0.5054358839988708,
    "affinity_probability_binary2": 0.37740010023117065
}