{
    "affinity_pred_value": 1.7625290155410767,
    "affinity_probability_binary": 0.1631433665752411,
    "affinity_pred_value1": 1.8876516819000244,
    "affinity_probability_binary1": 0.1781350076198578,
    "affinity_pred_value2": 1.637406349182129,
    "affinity_probability_binary2": 0.1481517106294632
}