{
    "confidence_score": 0.8746505975723267,
    "ptm": 0.9261534214019775,
    "iptm": 0.7880059480667114,
    "ligand_iptm": 0.7880059480667114,
    "protein_iptm": 0.0,
    "complex_plddt": 0.8963117003440857,
    "complex_iplddt": 0.7330783009529114,
    "complex_pde": 0.4834425449371338,
    "complex_ipde": 1.2767564058303833,
    "chains_ptm": {
        "0": 0.9556909799575806,
        "1": 0.8992863297462463
    },
    "pair_chains_iptm": {
        "0": {
            "0": 0.9556909799575806,
            "1": 0.39573585987091064
        },
        "1": {
            "0": 0.7880059480667114,
            "1": 0.8992863297462463
        }
    }
}