{
    "affinity_pred_value": 0.8441514372825623,
    "affinity_probability_binary": 0.13307678699493408,
    "affinity_pred_value1": 0.38803836703300476,
    "affinity_probability_binary1": 0.04844371974468231,
    "affinity_pred_value2": 1.3002644777297974,
    "affinity_probability_binary2": 0.21770985424518585
}