{
    "affinity_pred_value": 1.6276142597198486,
    "affinity_probability_binary": 0.4003060460090637,
    "affinity_pred_value1": 1.3712276220321655,
    "affinity_probability_binary1": 0.2841782867908478,
    "affinity_pred_value2": 1.8840010166168213,
    "affinity_probability_binary2": 0.5164337754249573
}