{
    "confidence_score": 0.9496691823005676,
    "ptm": 0.9368468523025513,
    "iptm": 0.8851414918899536,
    "ligand_iptm": 0.8851414918899536,
    "protein_iptm": 0.0,
    "complex_plddt": 0.9658011198043823,
    "complex_iplddt": 0.9415632486343384,
    "complex_pde": 0.46110600233078003,
    "complex_ipde": 0.8667548894882202,
    "chains_ptm": {
        "0": 0.9483107924461365,
        "1": 0.8195118308067322
    },
    "pair_chains_iptm": {
        "0": {
            "0": 0.9483107924461365,
            "1": 0.4824431836605072
        },
        "1": {
            "0": 0.8851414918899536,
            "1": 0.8195118308067322
        }
    }
}