{
    "confidence_score": 0.9463726282119751,
    "ptm": 0.9440534114837646,
    "iptm": 0.9081203937530518,
    "ligand_iptm": 0.9081203937530518,
    "protein_iptm": 0.0,
    "complex_plddt": 0.9559357166290283,
    "complex_iplddt": 0.9257303476333618,
    "complex_pde": 0.44935858249664307,
    "complex_ipde": 0.8036515712738037,
    "chains_ptm": {
        "0": 0.9616217017173767,
        "1": 0.8867413401603699
    },
    "pair_chains_iptm": {
        "0": {
            "0": 0.9616217017173767,
            "1": 0.7102347016334534
        },
        "1": {
            "0": 0.9081203937530518,
            "1": 0.8867413401603699
        }
    }
}