{
    "affinity_pred_value": 0.3508514165878296,
    "affinity_probability_binary": 0.3435916304588318,
    "affinity_pred_value1": 0.6753587126731873,
    "affinity_probability_binary1": 0.2563525140285492,
    "affinity_pred_value2": 0.02634415030479431,
    "affinity_probability_binary2": 0.4308307468891144
}