{
    "confidence_score": 0.9670237898826599,
    "ptm": 0.9812721610069275,
    "iptm": 0.9619331359863281,
    "ligand_iptm": 0.9619331359863281,
    "protein_iptm": 0.0,
    "complex_plddt": 0.9682964086532593,
    "complex_iplddt": 0.9447205662727356,
    "complex_pde": 0.30440759658813477,
    "complex_ipde": 0.4457350969314575,
    "chains_ptm": {
        "0": 0.9871838092803955,
        "1": 0.8903365135192871
    },
    "pair_chains_iptm": {
        "0": {
            "0": 0.9871838092803955,
            "1": 0.6837100386619568
        },
        "1": {
            "0": 0.9619331359863281,
            "1": 0.8903365135192871
        }
    }
}