{
    "affinity_pred_value": 1.2234207391738892,
    "affinity_probability_binary": 0.5484343767166138,
    "affinity_pred_value1": 1.154425859451294,
    "affinity_probability_binary1": 0.539047360420227,
    "affinity_pred_value2": 1.2924156188964844,
    "affinity_probability_binary2": 0.5578214526176453
}