{
    "confidence_score": 0.911045491695404,
    "ptm": 0.9519065022468567,
    "iptm": 0.9057581424713135,
    "ligand_iptm": 0.9057581424713135,
    "protein_iptm": 0.0,
    "complex_plddt": 0.9123672246932983,
    "complex_iplddt": 0.8205912113189697,
    "complex_pde": 0.4071976840496063,
    "complex_ipde": 0.7946181297302246,
    "chains_ptm": {
        "0": 0.961761474609375,
        "1": 0.8426048159599304
    },
    "pair_chains_iptm": {
        "0": {
            "0": 0.961761474609375,
            "1": 0.5249350666999817
        },
        "1": {
            "0": 0.9057581424713135,
            "1": 0.8426048159599304
        }
    }
}