{
    "confidence_score": 0.869414746761322,
    "ptm": 0.9580700397491455,
    "iptm": 0.8798664212226868,
    "ligand_iptm": 0.8798664212226868,
    "protein_iptm": 0.0,
    "complex_plddt": 0.8668017983436584,
    "complex_iplddt": 0.7288544178009033,
    "complex_pde": 0.37206026911735535,
    "complex_ipde": 1.061894178390503,
    "chains_ptm": {
        "0": 0.9735965132713318,
        "1": 0.9168971180915833
    },
    "pair_chains_iptm": {
        "0": {
            "0": 0.9735965132713318,
            "1": 0.5244038105010986
        },
        "1": {
            "0": 0.8798664212226868,
            "1": 0.9168971180915833
        }
    }
}