{
    "affinity_pred_value": 0.7233765125274658,
    "affinity_probability_binary": 0.28457534313201904,
    "affinity_pred_value1": 0.9064100980758667,
    "affinity_probability_binary1": 0.22331956028938293,
    "affinity_pred_value2": 0.5403429865837097,
    "affinity_probability_binary2": 0.34583115577697754
}