{
    "confidence_score": 0.9595440030097961,
    "ptm": 0.9642610549926758,
    "iptm": 0.9696044921875,
    "ligand_iptm": 0.9696044921875,
    "protein_iptm": 0.0,
    "complex_plddt": 0.9570289254188538,
    "complex_iplddt": 0.9493394494056702,
    "complex_pde": 0.32032617926597595,
    "complex_ipde": 0.4295209050178528,
    "chains_ptm": {
        "0": 0.9645044207572937,
        "1": 0.9284542202949524
    },
    "pair_chains_iptm": {
        "0": {
            "0": 0.9645044207572937,
            "1": 0.745388388633728
        },
        "1": {
            "0": 0.9696044921875,
            "1": 0.9284542202949524
        }
    }
}