{
    "confidence_score": 0.8941823244094849,
    "ptm": 0.9516084790229797,
    "iptm": 0.8783249258995056,
    "ligand_iptm": 0.8783249258995056,
    "protein_iptm": 0.0,
    "complex_plddt": 0.8981466293334961,
    "complex_iplddt": 0.7391474843025208,
    "complex_pde": 0.40863510966300964,
    "complex_ipde": 0.9837061166763306,
    "chains_ptm": {
        "0": 0.9643246531486511,
        "1": 0.9147445559501648
    },
    "pair_chains_iptm": {
        "0": {
            "0": 0.9643246531486511,
            "1": 0.5238665342330933
        },
        "1": {
            "0": 0.8783249258995056,
            "1": 0.9147445559501648
        }
    }
}