{
    "affinity_pred_value": 1.2863881587982178,
    "affinity_probability_binary": 0.24783524870872498,
    "affinity_pred_value1": 1.44884192943573,
    "affinity_probability_binary1": 0.15515783429145813,
    "affinity_pred_value2": 1.1239343881607056,
    "affinity_probability_binary2": 0.3405126631259918
}