{
    "confidence_score": 0.8714759945869446,
    "ptm": 0.9330935478210449,
    "iptm": 0.9196932315826416,
    "ligand_iptm": 0.9196932315826416,
    "protein_iptm": 0.0,
    "complex_plddt": 0.8594217300415039,
    "complex_iplddt": 0.7511653304100037,
    "complex_pde": 0.4060940742492676,
    "complex_ipde": 0.6737857460975647,
    "chains_ptm": {
        "0": 0.9360248446464539,
        "1": 0.927228569984436
    },
    "pair_chains_iptm": {
        "0": {
            "0": 0.9360248446464539,
            "1": 0.6222583055496216
        },
        "1": {
            "0": 0.9196932315826416,
            "1": 0.927228569984436
        }
    }
}