{
    "affinity_pred_value": 1.508671522140503,
    "affinity_probability_binary": 0.2344968020915985,
    "affinity_pred_value1": 1.590995192527771,
    "affinity_probability_binary1": 0.23211778700351715,
    "affinity_pred_value2": 1.4263477325439453,
    "affinity_probability_binary2": 0.23687580227851868
}