{
    "affinity_pred_value": 1.1593677997589111,
    "affinity_probability_binary": 0.22517791390419006,
    "affinity_pred_value1": 1.449946641921997,
    "affinity_probability_binary1": 0.24750226736068726,
    "affinity_pred_value2": 0.8687890768051147,
    "affinity_probability_binary2": 0.20285357534885406
}