{
    "affinity_pred_value": 1.5394229888916016,
    "affinity_probability_binary": 0.19271273910999298,
    "affinity_pred_value1": 1.2951239347457886,
    "affinity_probability_binary1": 0.20835590362548828,
    "affinity_pred_value2": 1.783722162246704,
    "affinity_probability_binary2": 0.17706957459449768
}