{
    "confidence_score": 0.9412795305252075,
    "ptm": 0.9541801810264587,
    "iptm": 0.9370607137680054,
    "ligand_iptm": 0.9370607137680054,
    "protein_iptm": 0.0,
    "complex_plddt": 0.9423342347145081,
    "complex_iplddt": 0.9010717868804932,
    "complex_pde": 0.36833861470222473,
    "complex_ipde": 0.5255205631256104,
    "chains_ptm": {
        "0": 0.9614368081092834,
        "1": 0.9117253422737122
    },
    "pair_chains_iptm": {
        "0": {
            "0": 0.9614368081092834,
            "1": 0.7248266935348511
        },
        "1": {
            "0": 0.9370607137680054,
            "1": 0.9117253422737122
        }
    }
}