{
    "affinity_pred_value": 0.7179595232009888,
    "affinity_probability_binary": 0.15222123265266418,
    "affinity_pred_value1": 0.22263723611831665,
    "affinity_probability_binary1": 0.06661529093980789,
    "affinity_pred_value2": 1.2132817506790161,
    "affinity_probability_binary2": 0.23782718181610107
}