{
    "affinity_pred_value": 2.1183671951293945,
    "affinity_probability_binary": 0.16383111476898193,
    "affinity_pred_value1": 1.7912403345108032,
    "affinity_probability_binary1": 0.19071467220783234,
    "affinity_pred_value2": 2.4454941749572754,
    "affinity_probability_binary2": 0.13694754242897034
}