{
    "confidence_score": 0.9195938110351562,
    "ptm": 0.9479775428771973,
    "iptm": 0.8149710893630981,
    "ligand_iptm": 0.8149710893630981,
    "protein_iptm": 0.0,
    "complex_plddt": 0.9457494616508484,
    "complex_iplddt": 0.8828014135360718,
    "complex_pde": 0.4634972810745239,
    "complex_ipde": 1.2947264909744263,
    "chains_ptm": {
        "0": 0.9699512720108032,
        "1": 0.9176807999610901
    },
    "pair_chains_iptm": {
        "0": {
            "0": 0.9699512720108032,
            "1": 0.4466886818408966
        },
        "1": {
            "0": 0.8149710893630981,
            "1": 0.9176807999610901
        }
    }
}