{
    "confidence_score": 0.9567283987998962,
    "ptm": 0.9647127389907837,
    "iptm": 0.9723366498947144,
    "ligand_iptm": 0.9723366498947144,
    "protein_iptm": 0.0,
    "complex_plddt": 0.9528262615203857,
    "complex_iplddt": 0.9327460527420044,
    "complex_pde": 0.32387956976890564,
    "complex_ipde": 0.4056403934955597,
    "chains_ptm": {
        "0": 0.9648339748382568,
        "1": 0.9257618188858032
    },
    "pair_chains_iptm": {
        "0": {
            "0": 0.9648339748382568,
            "1": 0.7431814074516296
        },
        "1": {
            "0": 0.9723366498947144,
            "1": 0.9257618188858032
        }
    }
}