{
    "confidence_score": 0.8308510780334473,
    "ptm": 0.9059419631958008,
    "iptm": 0.7694708108901978,
    "ligand_iptm": 0.7694708108901978,
    "protein_iptm": 0.0,
    "complex_plddt": 0.8461961150169373,
    "complex_iplddt": 0.6795925498008728,
    "complex_pde": 0.5914257168769836,
    "complex_ipde": 1.2462106943130493,
    "chains_ptm": {
        "0": 0.9624419808387756,
        "1": 0.7224552035331726
    },
    "pair_chains_iptm": {
        "0": {
            "0": 0.9624419808387756,
            "1": 0.3467836380004883
        },
        "1": {
            "0": 0.7694708108901978,
            "1": 0.7224552035331726
        }
    }
}