{
    "confidence_score": 0.9502647519111633,
    "ptm": 0.9398862719535828,
    "iptm": 0.8881474137306213,
    "ligand_iptm": 0.8881474137306213,
    "protein_iptm": 0.0,
    "complex_plddt": 0.965794026851654,
    "complex_iplddt": 0.9420607089996338,
    "complex_pde": 0.4258251488208771,
    "complex_ipde": 0.780842661857605,
    "chains_ptm": {
        "0": 0.9571683406829834,
        "1": 0.8786153793334961
    },
    "pair_chains_iptm": {
        "0": {
            "0": 0.9571683406829834,
            "1": 0.5362932682037354
        },
        "1": {
            "0": 0.8881474137306213,
            "1": 0.8786153793334961
        }
    }
}