{
    "affinity_pred_value": 1.1313133239746094,
    "affinity_probability_binary": 0.35408639907836914,
    "affinity_pred_value1": 1.169582486152649,
    "affinity_probability_binary1": 0.3174324631690979,
    "affinity_pred_value2": 1.0930440425872803,
    "affinity_probability_binary2": 0.39074036478996277
}