{
    "confidence_score": 0.969343364238739,
    "ptm": 0.9180529713630676,
    "iptm": 0.9419472217559814,
    "ligand_iptm": 0.9419472217559814,
    "protein_iptm": 0.0,
    "complex_plddt": 0.9761923551559448,
    "complex_iplddt": 0.9754149913787842,
    "complex_pde": 0.34621551632881165,
    "complex_ipde": 0.45989274978637695,
    "chains_ptm": {
        "0": 0.9194168448448181,
        "1": 0.9372908473014832
    },
    "pair_chains_iptm": {
        "0": {
            "0": 0.9194168448448181,
            "1": 0.6939991116523743
        },
        "1": {
            "0": 0.9419472217559814,
            "1": 0.9372908473014832
        }
    }
}