{
    "affinity_pred_value": 0.9773029685020447,
    "affinity_probability_binary": 0.2092934399843216,
    "affinity_pred_value1": 1.315304160118103,
    "affinity_probability_binary1": 0.23653511703014374,
    "affinity_pred_value2": 0.6393017768859863,
    "affinity_probability_binary2": 0.18205176293849945
}