{
    "confidence_score": 0.818332314491272,
    "ptm": 0.8372233510017395,
    "iptm": 0.6598135232925415,
    "ligand_iptm": 0.6598135232925415,
    "protein_iptm": 0.0,
    "complex_plddt": 0.8579619526863098,
    "complex_iplddt": 0.7519227266311646,
    "complex_pde": 1.031278133392334,
    "complex_ipde": 2.2228243350982666,
    "chains_ptm": {
        "0": 0.9042902588844299,
        "1": 0.6508433222770691
    },
    "pair_chains_iptm": {
        "0": {
            "0": 0.9042902588844299,
            "1": 0.39797860383987427
        },
        "1": {
            "0": 0.6598135232925415,
            "1": 0.6508433222770691
        }
    }
}