{
    "affinity_pred_value": 0.6211671829223633,
    "affinity_probability_binary": 0.19130003452301025,
    "affinity_pred_value1": 0.8059322834014893,
    "affinity_probability_binary1": 0.18243363499641418,
    "affinity_pred_value2": 0.4364021420478821,
    "affinity_probability_binary2": 0.20016641914844513
}