{
    "confidence_score": 0.9432901740074158,
    "ptm": 0.9779327511787415,
    "iptm": 0.9632116556167603,
    "ligand_iptm": 0.9632116556167603,
    "protein_iptm": 0.0,
    "complex_plddt": 0.9383097290992737,
    "complex_iplddt": 0.8509293794631958,
    "complex_pde": 0.3520243763923645,
    "complex_ipde": 0.615899920463562,
    "chains_ptm": {
        "0": 0.9795920252799988,
        "1": 0.9554765224456787
    },
    "pair_chains_iptm": {
        "0": {
            "0": 0.9795920252799988,
            "1": 0.6774791479110718
        },
        "1": {
            "0": 0.9632116556167603,
            "1": 0.9554765224456787
        }
    }
}