{
    "affinity_pred_value": 1.7796473503112793,
    "affinity_probability_binary": 0.19914479553699493,
    "affinity_pred_value1": 2.0381784439086914,
    "affinity_probability_binary1": 0.11377174407243729,
    "affinity_pred_value2": 1.5211163759231567,
    "affinity_probability_binary2": 0.2845178544521332
}