{
    "confidence_score": 0.9006523489952087,
    "ptm": 0.9517601728439331,
    "iptm": 0.8907806277275085,
    "ligand_iptm": 0.8907806277275085,
    "protein_iptm": 0.0,
    "complex_plddt": 0.9031202793121338,
    "complex_iplddt": 0.7727612257003784,
    "complex_pde": 0.43167510628700256,
    "complex_ipde": 0.8798185586929321,
    "chains_ptm": {
        "0": 0.9655941724777222,
        "1": 0.8298242688179016
    },
    "pair_chains_iptm": {
        "0": {
            "0": 0.9655941724777222,
            "1": 0.485662043094635
        },
        "1": {
            "0": 0.8907806277275085,
            "1": 0.8298242688179016
        }
    }
}