{
    "affinity_pred_value": 1.1572555303573608,
    "affinity_probability_binary": 0.14039702713489532,
    "affinity_pred_value1": 1.3103358745574951,
    "affinity_probability_binary1": 0.10068286210298538,
    "affinity_pred_value2": 1.0041751861572266,
    "affinity_probability_binary2": 0.18011119961738586
}