{
    "confidence_score": 0.8610026240348816,
    "ptm": 0.8782252073287964,
    "iptm": 0.7292680144309998,
    "ligand_iptm": 0.7292680144309998,
    "protein_iptm": 0.0,
    "complex_plddt": 0.893936276435852,
    "complex_iplddt": 0.7797285914421082,
    "complex_pde": 0.8457134366035461,
    "complex_ipde": 1.8186967372894287,
    "chains_ptm": {
        "0": 0.9206333160400391,
        "1": 0.696814775466919
    },
    "pair_chains_iptm": {
        "0": {
            "0": 0.9206333160400391,
            "1": 0.3678864538669586
        },
        "1": {
            "0": 0.7292680144309998,
            "1": 0.696814775466919
        }
    }
}