{
    "affinity_pred_value": 1.4537150859832764,
    "affinity_probability_binary": 0.27958884835243225,
    "affinity_pred_value1": 1.42052161693573,
    "affinity_probability_binary1": 0.24352245032787323,
    "affinity_pred_value2": 1.4869084358215332,
    "affinity_probability_binary2": 0.31565526127815247
}