{
    "confidence_score": 0.9254504442214966,
    "ptm": 0.9208564162254333,
    "iptm": 0.8711676597595215,
    "ligand_iptm": 0.8711676597595215,
    "protein_iptm": 0.0,
    "complex_plddt": 0.939021110534668,
    "complex_iplddt": 0.8783062100410461,
    "complex_pde": 0.4530685245990753,
    "complex_ipde": 0.8883163332939148,
    "chains_ptm": {
        "0": 0.9289478659629822,
        "1": 0.9030686616897583
    },
    "pair_chains_iptm": {
        "0": {
            "0": 0.9289478659629822,
            "1": 0.4930616021156311
        },
        "1": {
            "0": 0.8711676597595215,
            "1": 0.9030686616897583
        }
    }
}