{
    "affinity_pred_value": 2.054939031600952,
    "affinity_probability_binary": 0.15791594982147217,
    "affinity_pred_value1": 2.0805721282958984,
    "affinity_probability_binary1": 0.11076517403125763,
    "affinity_pred_value2": 2.029305934906006,
    "affinity_probability_binary2": 0.2050667107105255
}