{
    "confidence_score": 0.9450052380561829,
    "ptm": 0.9350183010101318,
    "iptm": 0.9073336124420166,
    "ligand_iptm": 0.9073336124420166,
    "protein_iptm": 0.0,
    "complex_plddt": 0.9544230699539185,
    "complex_iplddt": 0.9352031946182251,
    "complex_pde": 0.45775362849235535,
    "complex_ipde": 0.8285070657730103,
    "chains_ptm": {
        "0": 0.9393330812454224,
        "1": 0.9275742173194885
    },
    "pair_chains_iptm": {
        "0": {
            "0": 0.9393330812454224,
            "1": 0.5915907025337219
        },
        "1": {
            "0": 0.9073336124420166,
            "1": 0.9275742173194885
        }
    }
}