{
    "affinity_pred_value": 1.6502004861831665,
    "affinity_probability_binary": 0.20509789884090424,
    "affinity_pred_value1": 1.8286081552505493,
    "affinity_probability_binary1": 0.12030148506164551,
    "affinity_pred_value2": 1.4717928171157837,
    "affinity_probability_binary2": 0.28989431262016296
}