{
    "affinity_pred_value": 1.699995756149292,
    "affinity_probability_binary": 0.21885573863983154,
    "affinity_pred_value1": 1.7724655866622925,
    "affinity_probability_binary1": 0.20275980234146118,
    "affinity_pred_value2": 1.6275259256362915,
    "affinity_probability_binary2": 0.2349516898393631
}