{
    "confidence_score": 0.9503405690193176,
    "ptm": 0.9552896022796631,
    "iptm": 0.9118121266365051,
    "ligand_iptm": 0.9118121266365051,
    "protein_iptm": 0.0,
    "complex_plddt": 0.9599726796150208,
    "complex_iplddt": 0.9204438924789429,
    "complex_pde": 0.356181263923645,
    "complex_ipde": 0.5923535227775574,
    "chains_ptm": {
        "0": 0.9686608910560608,
        "1": 0.9200733304023743
    },
    "pair_chains_iptm": {
        "0": {
            "0": 0.9686608910560608,
            "1": 0.5811474919319153
        },
        "1": {
            "0": 0.9118121266365051,
            "1": 0.9200733304023743
        }
    }
}