{
    "affinity_pred_value": 1.2510395050048828,
    "affinity_probability_binary": 0.10360231250524521,
    "affinity_pred_value1": 0.8422006368637085,
    "affinity_probability_binary1": 0.061865270137786865,
    "affinity_pred_value2": 1.6598784923553467,
    "affinity_probability_binary2": 0.14533935487270355
}