{
    "confidence_score": 0.9207051396369934,
    "ptm": 0.9267827272415161,
    "iptm": 0.9128031730651855,
    "ligand_iptm": 0.9128031730651855,
    "protein_iptm": 0.0,
    "complex_plddt": 0.9226806163787842,
    "complex_iplddt": 0.8791275024414062,
    "complex_pde": 0.4096504747867584,
    "complex_ipde": 0.7091498374938965,
    "chains_ptm": {
        "0": 0.9304335117340088,
        "1": 0.9175419807434082
    },
    "pair_chains_iptm": {
        "0": {
            "0": 0.9304335117340088,
            "1": 0.6562383770942688
        },
        "1": {
            "0": 0.9128031730651855,
            "1": 0.9175419807434082
        }
    }
}