{
    "confidence_score": 0.9528918266296387,
    "ptm": 0.9328192472457886,
    "iptm": 0.9359331727027893,
    "ligand_iptm": 0.9359331727027893,
    "protein_iptm": 0.0,
    "complex_plddt": 0.9571314454078674,
    "complex_iplddt": 0.928073525428772,
    "complex_pde": 0.39290550351142883,
    "complex_ipde": 0.6379362344741821,
    "chains_ptm": {
        "0": 0.9364244937896729,
        "1": 0.9183196425437927
    },
    "pair_chains_iptm": {
        "0": {
            "0": 0.9364244937896729,
            "1": 0.6755677461624146
        },
        "1": {
            "0": 0.9359331727027893,
            "1": 0.9183196425437927
        }
    }
}