{
    "affinity_pred_value": 1.5740665197372437,
    "affinity_probability_binary": 0.1796477735042572,
    "affinity_pred_value1": 1.7864160537719727,
    "affinity_probability_binary1": 0.16907837986946106,
    "affinity_pred_value2": 1.3617169857025146,
    "affinity_probability_binary2": 0.19021718204021454
}