{
    "affinity_pred_value": 1.3671269416809082,
    "affinity_probability_binary": 0.24639330804347992,
    "affinity_pred_value1": 1.7485151290893555,
    "affinity_probability_binary1": 0.22000962495803833,
    "affinity_pred_value2": 0.9857386350631714,
    "affinity_probability_binary2": 0.2727769911289215
}