{
    "confidence_score": 0.9675032496452332,
    "ptm": 0.9620406031608582,
    "iptm": 0.9545022249221802,
    "ligand_iptm": 0.9545022249221802,
    "protein_iptm": 0.0,
    "complex_plddt": 0.9707534909248352,
    "complex_iplddt": 0.9610779285430908,
    "complex_pde": 0.298941433429718,
    "complex_ipde": 0.3975459635257721,
    "chains_ptm": {
        "0": 0.9675281047821045,
        "1": 0.9285396933555603
    },
    "pair_chains_iptm": {
        "0": {
            "0": 0.9675281047821045,
            "1": 0.6866943836212158
        },
        "1": {
            "0": 0.9545022249221802,
            "1": 0.9285396933555603
        }
    }
}