{
    "confidence_score": 0.922685444355011,
    "ptm": 0.9122556447982788,
    "iptm": 0.802435576915741,
    "ligand_iptm": 0.802435576915741,
    "protein_iptm": 0.0,
    "complex_plddt": 0.9527479410171509,
    "complex_iplddt": 0.9149519801139832,
    "complex_pde": 0.5952699780464172,
    "complex_ipde": 1.1766107082366943,
    "chains_ptm": {
        "0": 0.944364607334137,
        "1": 0.7624512314796448
    },
    "pair_chains_iptm": {
        "0": {
            "0": 0.944364607334137,
            "1": 0.3967764377593994
        },
        "1": {
            "0": 0.802435576915741,
            "1": 0.7624512314796448
        }
    }
}