{
    "affinity_pred_value": 1.1755764484405518,
    "affinity_probability_binary": 0.10436344146728516,
    "affinity_pred_value1": 1.3619602918624878,
    "affinity_probability_binary1": 0.04941476136445999,
    "affinity_pred_value2": 0.9891927242279053,
    "affinity_probability_binary2": 0.15931212902069092
}