{
    "confidence_score": 0.9189635515213013,
    "ptm": 0.9200114607810974,
    "iptm": 0.9250522255897522,
    "ligand_iptm": 0.9250522255897522,
    "protein_iptm": 0.0,
    "complex_plddt": 0.9174413084983826,
    "complex_iplddt": 0.8641901612281799,
    "complex_pde": 0.4132920205593109,
    "complex_ipde": 0.5921197533607483,
    "chains_ptm": {
        "0": 0.9281737208366394,
        "1": 0.9001091122627258
    },
    "pair_chains_iptm": {
        "0": {
            "0": 0.9281737208366394,
            "1": 0.6675402522087097
        },
        "1": {
            "0": 0.9250522255897522,
            "1": 0.9001091122627258
        }
    }
}