{
    "affinity_pred_value": 0.8430252075195312,
    "affinity_probability_binary": 0.37785768508911133,
    "affinity_pred_value1": 0.6456260681152344,
    "affinity_probability_binary1": 0.37139222025871277,
    "affinity_pred_value2": 1.0404243469238281,
    "affinity_probability_binary2": 0.3843231797218323
}