{
    "confidence_score": 0.9181944131851196,
    "ptm": 0.9193198084831238,
    "iptm": 0.807147741317749,
    "ligand_iptm": 0.807147741317749,
    "protein_iptm": 0.0,
    "complex_plddt": 0.9459560513496399,
    "complex_iplddt": 0.8837775588035583,
    "complex_pde": 0.5650421380996704,
    "complex_ipde": 1.2076256275177002,
    "chains_ptm": {
        "0": 0.9433987736701965,
        "1": 0.7764638066291809
    },
    "pair_chains_iptm": {
        "0": {
            "0": 0.9433987736701965,
            "1": 0.3498738706111908
        },
        "1": {
            "0": 0.807147741317749,
            "1": 0.7764638066291809
        }
    }
}