{
    "affinity_pred_value": 1.1314502954483032,
    "affinity_probability_binary": 0.23626956343650818,
    "affinity_pred_value1": 1.0755919218063354,
    "affinity_probability_binary1": 0.1375403106212616,
    "affinity_pred_value2": 1.187308669090271,
    "affinity_probability_binary2": 0.33499881625175476
}