{
    "affinity_pred_value": 1.3519656658172607,
    "affinity_probability_binary": 0.36994999647140503,
    "affinity_pred_value1": 1.6506097316741943,
    "affinity_probability_binary1": 0.392878919839859,
    "affinity_pred_value2": 1.0533215999603271,
    "affinity_probability_binary2": 0.34702110290527344
}