{
    "affinity_pred_value": 1.2278101444244385,
    "affinity_probability_binary": 0.13547612726688385,
    "affinity_pred_value1": 0.9569641351699829,
    "affinity_probability_binary1": 0.049206554889678955,
    "affinity_pred_value2": 1.4986562728881836,
    "affinity_probability_binary2": 0.22174569964408875
}