{
    "confidence_score": 0.8914670348167419,
    "ptm": 0.9380166530609131,
    "iptm": 0.8695203065872192,
    "ligand_iptm": 0.8695203065872192,
    "protein_iptm": 0.0,
    "complex_plddt": 0.8969536423683167,
    "complex_iplddt": 0.7880062460899353,
    "complex_pde": 0.5111244916915894,
    "complex_ipde": 0.900986909866333,
    "chains_ptm": {
        "0": 0.956440269947052,
        "1": 0.8404391407966614
    },
    "pair_chains_iptm": {
        "0": {
            "0": 0.956440269947052,
            "1": 0.5969945192337036
        },
        "1": {
            "0": 0.8695203065872192,
            "1": 0.8404391407966614
        }
    }
}