{
    "affinity_pred_value": 0.9518643617630005,
    "affinity_probability_binary": 0.19709418714046478,
    "affinity_pred_value1": 1.2166317701339722,
    "affinity_probability_binary1": 0.08584320545196533,
    "affinity_pred_value2": 0.687096893787384,
    "affinity_probability_binary2": 0.30834516882896423
}