{
    "confidence_score": 0.9301585555076599,
    "ptm": 0.9126306772232056,
    "iptm": 0.7667582631111145,
    "ligand_iptm": 0.7667582631111145,
    "protein_iptm": 0.0,
    "complex_plddt": 0.9710085391998291,
    "complex_iplddt": 0.9487853050231934,
    "complex_pde": 0.594565212726593,
    "complex_ipde": 1.4736735820770264,
    "chains_ptm": {
        "0": 0.9496752619743347,
        "1": 0.894411027431488
    },
    "pair_chains_iptm": {
        "0": {
            "0": 0.9496752619743347,
            "1": 0.3917990028858185
        },
        "1": {
            "0": 0.7667582631111145,
            "1": 0.894411027431488
        }
    }
}