{
    "affinity_pred_value": 1.1511695384979248,
    "affinity_probability_binary": 0.28061750531196594,
    "affinity_pred_value1": 0.8818508386611938,
    "affinity_probability_binary1": 0.34995201230049133,
    "affinity_pred_value2": 1.4204883575439453,
    "affinity_probability_binary2": 0.21128299832344055
}