{
    "affinity_pred_value": 1.329219102859497,
    "affinity_probability_binary": 0.15255649387836456,
    "affinity_pred_value1": 1.2643126249313354,
    "affinity_probability_binary1": 0.060331545770168304,
    "affinity_pred_value2": 1.3941254615783691,
    "affinity_probability_binary2": 0.24478143453598022
}