{
    "confidence_score": 0.8120167851448059,
    "ptm": 0.8856639266014099,
    "iptm": 0.7406428456306458,
    "ligand_iptm": 0.7406428456306458,
    "protein_iptm": 0.0,
    "complex_plddt": 0.8298602104187012,
    "complex_iplddt": 0.691563069820404,
    "complex_pde": 0.8327656388282776,
    "complex_ipde": 1.9494025707244873,
    "chains_ptm": {
        "0": 0.9347217082977295,
        "1": 0.7425960898399353
    },
    "pair_chains_iptm": {
        "0": {
            "0": 0.9347217082977295,
            "1": 0.4023095667362213
        },
        "1": {
            "0": 0.7406428456306458,
            "1": 0.7425960898399353
        }
    }
}