{
    "confidence_score": 0.9035431146621704,
    "ptm": 0.9340788125991821,
    "iptm": 0.9014976024627686,
    "ligand_iptm": 0.9014976024627686,
    "protein_iptm": 0.0,
    "complex_plddt": 0.9040545225143433,
    "complex_iplddt": 0.8356345295906067,
    "complex_pde": 0.4344446659088135,
    "complex_ipde": 0.7523221969604492,
    "chains_ptm": {
        "0": 0.9439312219619751,
        "1": 0.8973531723022461
    },
    "pair_chains_iptm": {
        "0": {
            "0": 0.9439312219619751,
            "1": 0.5267852544784546
        },
        "1": {
            "0": 0.9014976024627686,
            "1": 0.8973531723022461
        }
    }
}