{
    "confidence_score": 0.9407612681388855,
    "ptm": 0.9411830306053162,
    "iptm": 0.8829385042190552,
    "ligand_iptm": 0.8829385042190552,
    "protein_iptm": 0.0,
    "complex_plddt": 0.9552169442176819,
    "complex_iplddt": 0.9280251264572144,
    "complex_pde": 0.4219588339328766,
    "complex_ipde": 0.711337685585022,
    "chains_ptm": {
        "0": 0.9637804627418518,
        "1": 0.8278822302818298
    },
    "pair_chains_iptm": {
        "0": {
            "0": 0.9637804627418518,
            "1": 0.5370388031005859
        },
        "1": {
            "0": 0.8829385042190552,
            "1": 0.8278822302818298
        }
    }
}