{
    "confidence_score": 0.8281053900718689,
    "ptm": 0.8686057925224304,
    "iptm": 0.6410135626792908,
    "ligand_iptm": 0.6410135626792908,
    "protein_iptm": 0.0,
    "complex_plddt": 0.8748782873153687,
    "complex_iplddt": 0.7250967025756836,
    "complex_pde": 0.8601290583610535,
    "complex_ipde": 2.109340190887451,
    "chains_ptm": {
        "0": 0.9478177428245544,
        "1": 0.6749908924102783
    },
    "pair_chains_iptm": {
        "0": {
            "0": 0.9478177428245544,
            "1": 0.3058450520038605
        },
        "1": {
            "0": 0.6410135626792908,
            "1": 0.6749908924102783
        }
    }
}