{
    "confidence_score": 0.8420979380607605,
    "ptm": 0.9254576563835144,
    "iptm": 0.6763287782669067,
    "ligand_iptm": 0.6763287782669067,
    "protein_iptm": 0.0,
    "complex_plddt": 0.8835402131080627,
    "complex_iplddt": 0.5900315642356873,
    "complex_pde": 0.5406142473220825,
    "complex_ipde": 2.554583787918091,
    "chains_ptm": {
        "0": 0.9722580909729004,
        "1": 0.894565224647522
    },
    "pair_chains_iptm": {
        "0": {
            "0": 0.9722580909729004,
            "1": 0.3169621527194977
        },
        "1": {
            "0": 0.6763287782669067,
            "1": 0.894565224647522
        }
    }
}