{
    "affinity_pred_value": 0.9455927610397339,
    "affinity_probability_binary": 0.41772645711898804,
    "affinity_pred_value1": 1.0823575258255005,
    "affinity_probability_binary1": 0.3233548700809479,
    "affinity_pred_value2": 0.8088280558586121,
    "affinity_probability_binary2": 0.5120980739593506
}