{
    "confidence_score": 0.853987991809845,
    "ptm": 0.9454403519630432,
    "iptm": 0.8482958078384399,
    "ligand_iptm": 0.8482958078384399,
    "protein_iptm": 0.0,
    "complex_plddt": 0.8554110527038574,
    "complex_iplddt": 0.5723161101341248,
    "complex_pde": 0.4339301586151123,
    "complex_ipde": 1.0786551237106323,
    "chains_ptm": {
        "0": 0.9696134328842163,
        "1": 0.8144422769546509
    },
    "pair_chains_iptm": {
        "0": {
            "0": 0.9696134328842163,
            "1": 0.38959023356437683
        },
        "1": {
            "0": 0.8482958078384399,
            "1": 0.8144422769546509
        }
    }
}