{
    "confidence_score": 0.9063019156455994,
    "ptm": 0.9632273316383362,
    "iptm": 0.9034580588340759,
    "ligand_iptm": 0.9034580588340759,
    "protein_iptm": 0.0,
    "complex_plddt": 0.9070128202438354,
    "complex_iplddt": 0.7454729080200195,
    "complex_pde": 0.35558053851127625,
    "complex_ipde": 0.8016983866691589,
    "chains_ptm": {
        "0": 0.9739003777503967,
        "1": 0.9107713103294373
    },
    "pair_chains_iptm": {
        "0": {
            "0": 0.9739003777503967,
            "1": 0.5398796796798706
        },
        "1": {
            "0": 0.9034580588340759,
            "1": 0.9107713103294373
        }
    }
}