{
    "affinity_pred_value": 1.5064157247543335,
    "affinity_probability_binary": 0.14842845499515533,
    "affinity_pred_value1": 1.4830424785614014,
    "affinity_probability_binary1": 0.21491405367851257,
    "affinity_pred_value2": 1.5297889709472656,
    "affinity_probability_binary2": 0.0819428488612175
}