{
    "affinity_pred_value": -0.1584288477897644,
    "affinity_probability_binary": 0.8157978057861328,
    "affinity_pred_value1": -0.693063497543335,
    "affinity_probability_binary1": 0.9089928865432739,
    "affinity_pred_value2": 0.37620580196380615,
    "affinity_probability_binary2": 0.7226027846336365
}