{
    "affinity_pred_value": 1.1706124544143677,
    "affinity_probability_binary": 0.23114615678787231,
    "affinity_pred_value1": 0.6182222366333008,
    "affinity_probability_binary1": 0.3216882646083832,
    "affinity_pred_value2": 1.7230026721954346,
    "affinity_probability_binary2": 0.14060406386852264
}