{
    "confidence_score": 0.957815945148468,
    "ptm": 0.9548079371452332,
    "iptm": 0.9305545687675476,
    "ligand_iptm": 0.9305545687675476,
    "protein_iptm": 0.0,
    "complex_plddt": 0.9646312594413757,
    "complex_iplddt": 0.9468203783035278,
    "complex_pde": 0.37809693813323975,
    "complex_ipde": 0.6446095108985901,
    "chains_ptm": {
        "0": 0.9601730704307556,
        "1": 0.8548650741577148
    },
    "pair_chains_iptm": {
        "0": {
            "0": 0.9601730704307556,
            "1": 0.5911467671394348
        },
        "1": {
            "0": 0.9305545687675476,
            "1": 0.8548650741577148
        }
    }
}