{
    "confidence_score": 0.9461924433708191,
    "ptm": 0.9469416737556458,
    "iptm": 0.8858539462089539,
    "ligand_iptm": 0.8858539462089539,
    "protein_iptm": 0.0,
    "complex_plddt": 0.9612770676612854,
    "complex_iplddt": 0.938103199005127,
    "complex_pde": 0.41850796341896057,
    "complex_ipde": 0.9522095918655396,
    "chains_ptm": {
        "0": 0.9614889025688171,
        "1": 0.9310852289199829
    },
    "pair_chains_iptm": {
        "0": {
            "0": 0.9614889025688171,
            "1": 0.5199407935142517
        },
        "1": {
            "0": 0.8858539462089539,
            "1": 0.9310852289199829
        }
    }
}