{
    "affinity_pred_value": 1.0208624601364136,
    "affinity_probability_binary": 0.42321014404296875,
    "affinity_pred_value1": 0.8432400226593018,
    "affinity_probability_binary1": 0.4415454566478729,
    "affinity_pred_value2": 1.1984848976135254,
    "affinity_probability_binary2": 0.40487486124038696
}