{
    "confidence_score": 0.8151494264602661,
    "ptm": 0.9072653651237488,
    "iptm": 0.7468522191047668,
    "ligand_iptm": 0.7468522191047668,
    "protein_iptm": 0.0,
    "complex_plddt": 0.832223653793335,
    "complex_iplddt": 0.508188784122467,
    "complex_pde": 0.5679807066917419,
    "complex_ipde": 1.8641337156295776,
    "chains_ptm": {
        "0": 0.9564995765686035,
        "1": 0.7888956665992737
    },
    "pair_chains_iptm": {
        "0": {
            "0": 0.9564995765686035,
            "1": 0.31902191042900085
        },
        "1": {
            "0": 0.7468522191047668,
            "1": 0.7888956665992737
        }
    }
}