{
    "affinity_pred_value": 1.4638481140136719,
    "affinity_probability_binary": 0.19407771527767181,
    "affinity_pred_value1": 1.6348904371261597,
    "affinity_probability_binary1": 0.12308090925216675,
    "affinity_pred_value2": 1.2928059101104736,
    "affinity_probability_binary2": 0.2650745213031769
}