{
    "affinity_pred_value": 1.4258489608764648,
    "affinity_probability_binary": 0.1789902299642563,
    "affinity_pred_value1": 1.2323871850967407,
    "affinity_probability_binary1": 0.19824020564556122,
    "affinity_pred_value2": 1.6193108558654785,
    "affinity_probability_binary2": 0.15974025428295135
}