{
    "affinity_pred_value": 0.9774317741394043,
    "affinity_probability_binary": 0.4279112219810486,
    "affinity_pred_value1": 0.8835605978965759,
    "affinity_probability_binary1": 0.5047191977500916,
    "affinity_pred_value2": 1.071302890777588,
    "affinity_probability_binary2": 0.3511032164096832
}