{
    "confidence_score": 0.962643563747406,
    "ptm": 0.9610263109207153,
    "iptm": 0.9469856023788452,
    "ligand_iptm": 0.9469856023788452,
    "protein_iptm": 0.0,
    "complex_plddt": 0.9665579795837402,
    "complex_iplddt": 0.9520068764686584,
    "complex_pde": 0.35852205753326416,
    "complex_ipde": 0.5272605419158936,
    "chains_ptm": {
        "0": 0.9646915197372437,
        "1": 0.8555859327316284
    },
    "pair_chains_iptm": {
        "0": {
            "0": 0.9646915197372437,
            "1": 0.5874705910682678
        },
        "1": {
            "0": 0.9469856023788452,
            "1": 0.8555859327316284
        }
    }
}