{
    "affinity_pred_value": 1.4254738092422485,
    "affinity_probability_binary": 0.20827852189540863,
    "affinity_pred_value1": 1.3378819227218628,
    "affinity_probability_binary1": 0.15440621972084045,
    "affinity_pred_value2": 1.5130656957626343,
    "affinity_probability_binary2": 0.2621508240699768
}