{
    "confidence_score": 0.9428679347038269,
    "ptm": 0.9538872838020325,
    "iptm": 0.9390362501144409,
    "ligand_iptm": 0.9390362501144409,
    "protein_iptm": 0.0,
    "complex_plddt": 0.9438258409500122,
    "complex_iplddt": 0.8948543667793274,
    "complex_pde": 0.38150233030319214,
    "complex_ipde": 0.5682082772254944,
    "chains_ptm": {
        "0": 0.9603723883628845,
        "1": 0.9152734875679016
    },
    "pair_chains_iptm": {
        "0": {
            "0": 0.9603723883628845,
            "1": 0.6558030843734741
        },
        "1": {
            "0": 0.9390362501144409,
            "1": 0.9152734875679016
        }
    }
}