{
    "affinity_pred_value": 1.5197806358337402,
    "affinity_probability_binary": 0.28072988986968994,
    "affinity_pred_value1": 1.3280627727508545,
    "affinity_probability_binary1": 0.2278617024421692,
    "affinity_pred_value2": 1.711498498916626,
    "affinity_probability_binary2": 0.3335980474948883
}