{
    "confidence_score": 0.9198646545410156,
    "ptm": 0.9392397403717041,
    "iptm": 0.8487011790275574,
    "ligand_iptm": 0.8487011790275574,
    "protein_iptm": 0.0,
    "complex_plddt": 0.9376555681228638,
    "complex_iplddt": 0.8666002750396729,
    "complex_pde": 0.5513659119606018,
    "complex_ipde": 1.1419174671173096,
    "chains_ptm": {
        "0": 0.9662265777587891,
        "1": 0.8120384812355042
    },
    "pair_chains_iptm": {
        "0": {
            "0": 0.9662265777587891,
            "1": 0.610166609287262
        },
        "1": {
            "0": 0.8487011790275574,
            "1": 0.8120384812355042
        }
    }
}