{
    "affinity_pred_value": 0.8825505971908569,
    "affinity_probability_binary": 0.5733957290649414,
    "affinity_pred_value1": 0.9066140651702881,
    "affinity_probability_binary1": 0.6561712026596069,
    "affinity_pred_value2": 0.8584871292114258,
    "affinity_probability_binary2": 0.49062028527259827
}