{
    "confidence_score": 0.917968213558197,
    "ptm": 0.8992639183998108,
    "iptm": 0.8217411041259766,
    "ligand_iptm": 0.8217411041259766,
    "protein_iptm": 0.0,
    "complex_plddt": 0.9420250058174133,
    "complex_iplddt": 0.8858002424240112,
    "complex_pde": 0.5650923252105713,
    "complex_ipde": 1.1251325607299805,
    "chains_ptm": {
        "0": 0.9195988774299622,
        "1": 0.7987289428710938
    },
    "pair_chains_iptm": {
        "0": {
            "0": 0.9195988774299622,
            "1": 0.43096327781677246
        },
        "1": {
            "0": 0.8217411041259766,
            "1": 0.7987289428710938
        }
    }
}