{
    "confidence_score": 0.8493227958679199,
    "ptm": 0.9364268183708191,
    "iptm": 0.890860378742218,
    "ligand_iptm": 0.890860378742218,
    "protein_iptm": 0.0,
    "complex_plddt": 0.8389384150505066,
    "complex_iplddt": 0.6290772557258606,
    "complex_pde": 0.43737006187438965,
    "complex_ipde": 0.7950872182846069,
    "chains_ptm": {
        "0": 0.9491676688194275,
        "1": 0.9141598343849182
    },
    "pair_chains_iptm": {
        "0": {
            "0": 0.9491676688194275,
            "1": 0.5262909531593323
        },
        "1": {
            "0": 0.890860378742218,
            "1": 0.9141598343849182
        }
    }
}