{
    "affinity_pred_value": 0.48081356287002563,
    "affinity_probability_binary": 0.2629377245903015,
    "affinity_pred_value1": 0.9298374652862549,
    "affinity_probability_binary1": 0.18563707172870636,
    "affinity_pred_value2": 0.03178967908024788,
    "affinity_probability_binary2": 0.3402383625507355
}