{
    "affinity_pred_value": 0.730627715587616,
    "affinity_probability_binary": 0.4584978222846985,
    "affinity_pred_value1": 0.49936187267303467,
    "affinity_probability_binary1": 0.5127487182617188,
    "affinity_pred_value2": 0.9618935585021973,
    "affinity_probability_binary2": 0.40424689650535583
}