{
    "affinity_pred_value": 1.9637949466705322,
    "affinity_probability_binary": 0.4752422869205475,
    "affinity_pred_value1": 1.9901565313339233,
    "affinity_probability_binary1": 0.4350300431251526,
    "affinity_pred_value2": 1.9374332427978516,
    "affinity_probability_binary2": 0.5154545307159424
}