{
    "confidence_score": 0.9324284791946411,
    "ptm": 0.9697778224945068,
    "iptm": 0.9509145617485046,
    "ligand_iptm": 0.9509145617485046,
    "protein_iptm": 0.0,
    "complex_plddt": 0.9278069734573364,
    "complex_iplddt": 0.8570671677589417,
    "complex_pde": 0.35024070739746094,
    "complex_ipde": 0.5428338646888733,
    "chains_ptm": {
        "0": 0.9734798669815063,
        "1": 0.9464166760444641
    },
    "pair_chains_iptm": {
        "0": {
            "0": 0.9734798669815063,
            "1": 0.6880037784576416
        },
        "1": {
            "0": 0.9509145617485046,
            "1": 0.9464166760444641
        }
    }
}