{
    "affinity_pred_value": 1.0809712409973145,
    "affinity_probability_binary": 0.11993400752544403,
    "affinity_pred_value1": 0.7351561188697815,
    "affinity_probability_binary1": 0.1562822312116623,
    "affinity_pred_value2": 1.4267863035202026,
    "affinity_probability_binary2": 0.08358579128980637
}