{
    "confidence_score": 0.9217273592948914,
    "ptm": 0.9710608720779419,
    "iptm": 0.8590476512908936,
    "ligand_iptm": 0.8590476512908936,
    "protein_iptm": 0.0,
    "complex_plddt": 0.9373973608016968,
    "complex_iplddt": 0.83913254737854,
    "complex_pde": 0.4928792119026184,
    "complex_ipde": 1.5416289567947388,
    "chains_ptm": {
        "0": 0.9817870259284973,
        "1": 0.8061752915382385
    },
    "pair_chains_iptm": {
        "0": {
            "0": 0.9817870259284973,
            "1": 0.4021317958831787
        },
        "1": {
            "0": 0.8590476512908936,
            "1": 0.8061752915382385
        }
    }
}