{
    "affinity_pred_value": 1.4896681308746338,
    "affinity_probability_binary": 0.19943338632583618,
    "affinity_pred_value1": 1.4142004251480103,
    "affinity_probability_binary1": 0.23298344016075134,
    "affinity_pred_value2": 1.5651359558105469,
    "affinity_probability_binary2": 0.16588331758975983
}