{
    "affinity_pred_value": 1.1232248544692993,
    "affinity_probability_binary": 0.20748019218444824,
    "affinity_pred_value1": 1.191542387008667,
    "affinity_probability_binary1": 0.1260027438402176,
    "affinity_pred_value2": 1.0549073219299316,
    "affinity_probability_binary2": 0.2889576554298401
}