{
    "confidence_score": 0.8754124045372009,
    "ptm": 0.8756906390190125,
    "iptm": 0.7950636148452759,
    "ligand_iptm": 0.7950636148452759,
    "protein_iptm": 0.0,
    "complex_plddt": 0.895499587059021,
    "complex_iplddt": 0.7737753987312317,
    "complex_pde": 0.5006019473075867,
    "complex_ipde": 1.2601832151412964,
    "chains_ptm": {
        "0": 0.9087030291557312,
        "1": 0.8945993185043335
    },
    "pair_chains_iptm": {
        "0": {
            "0": 0.9087030291557312,
            "1": 0.47572124004364014
        },
        "1": {
            "0": 0.7950636148452759,
            "1": 0.8945993185043335
        }
    }
}