{
    "affinity_pred_value": 0.9831842184066772,
    "affinity_probability_binary": 0.1984134167432785,
    "affinity_pred_value1": 1.1369163990020752,
    "affinity_probability_binary1": 0.16795863211154938,
    "affinity_pred_value2": 0.8294519782066345,
    "affinity_probability_binary2": 0.22886820137500763
}