{
    "affinity_pred_value": 1.3701690435409546,
    "affinity_probability_binary": 0.16163071990013123,
    "affinity_pred_value1": 1.6619266271591187,
    "affinity_probability_binary1": 0.1738208681344986,
    "affinity_pred_value2": 1.0784114599227905,
    "affinity_probability_binary2": 0.14944055676460266
}