{
    "confidence_score": 0.8970188498497009,
    "ptm": 0.9583282470703125,
    "iptm": 0.9060970544815063,
    "ligand_iptm": 0.9060970544815063,
    "protein_iptm": 0.0,
    "complex_plddt": 0.8947492241859436,
    "complex_iplddt": 0.789254903793335,
    "complex_pde": 0.3723874092102051,
    "complex_ipde": 0.8430317640304565,
    "chains_ptm": {
        "0": 0.9707133173942566,
        "1": 0.9069551229476929
    },
    "pair_chains_iptm": {
        "0": {
            "0": 0.9707133173942566,
            "1": 0.6092835664749146
        },
        "1": {
            "0": 0.9060970544815063,
            "1": 0.9069551229476929
        }
    }
}