{
    "affinity_pred_value": 1.6400407552719116,
    "affinity_probability_binary": 0.1990618109703064,
    "affinity_pred_value1": 1.682399034500122,
    "affinity_probability_binary1": 0.15714998543262482,
    "affinity_pred_value2": 1.5976824760437012,
    "affinity_probability_binary2": 0.24097362160682678
}