{
    "confidence_score": 0.9265314340591431,
    "ptm": 0.9660695791244507,
    "iptm": 0.9497191905975342,
    "ligand_iptm": 0.9497191905975342,
    "protein_iptm": 0.0,
    "complex_plddt": 0.9207345247268677,
    "complex_iplddt": 0.7996075749397278,
    "complex_pde": 0.3484666347503662,
    "complex_ipde": 0.5923091769218445,
    "chains_ptm": {
        "0": 0.9697140455245972,
        "1": 0.9254980087280273
    },
    "pair_chains_iptm": {
        "0": {
            "0": 0.9697140455245972,
            "1": 0.6428417563438416
        },
        "1": {
            "0": 0.9497191905975342,
            "1": 0.9254980087280273
        }
    }
}