{
    "affinity_pred_value": 1.0667909383773804,
    "affinity_probability_binary": 0.5041720867156982,
    "affinity_pred_value1": 1.1704374551773071,
    "affinity_probability_binary1": 0.5943465232849121,
    "affinity_pred_value2": 0.9631443619728088,
    "affinity_probability_binary2": 0.4139975905418396
}