{
    "affinity_pred_value": 1.5395506620407104,
    "affinity_probability_binary": 0.24189481139183044,
    "affinity_pred_value1": 1.6451491117477417,
    "affinity_probability_binary1": 0.2749539911746979,
    "affinity_pred_value2": 1.4339522123336792,
    "affinity_probability_binary2": 0.208835631608963
}