{
    "confidence_score": 0.7680539488792419,
    "ptm": 0.8667022585868835,
    "iptm": 0.6162533164024353,
    "ligand_iptm": 0.6162533164024353,
    "protein_iptm": 0.0,
    "complex_plddt": 0.8060041069984436,
    "complex_iplddt": 0.561383068561554,
    "complex_pde": 0.9067723751068115,
    "complex_ipde": 2.1669209003448486,
    "chains_ptm": {
        "0": 0.9603577256202698,
        "1": 0.6699273586273193
    },
    "pair_chains_iptm": {
        "0": {
            "0": 0.9603577256202698,
            "1": 0.2962713837623596
        },
        "1": {
            "0": 0.6162533164024353,
            "1": 0.6699273586273193
        }
    }
}