{
    "affinity_pred_value": 1.4166004657745361,
    "affinity_probability_binary": 0.2423318326473236,
    "affinity_pred_value1": 2.0019288063049316,
    "affinity_probability_binary1": 0.16265404224395752,
    "affinity_pred_value2": 0.8312720656394958,
    "affinity_probability_binary2": 0.3220096230506897
}