{
    "confidence_score": 0.9058610796928406,
    "ptm": 0.9447387456893921,
    "iptm": 0.8780801892280579,
    "ligand_iptm": 0.8780801892280579,
    "protein_iptm": 0.0,
    "complex_plddt": 0.9128063321113586,
    "complex_iplddt": 0.810167670249939,
    "complex_pde": 0.429359495639801,
    "complex_ipde": 0.8448758721351624,
    "chains_ptm": {
        "0": 0.9631099700927734,
        "1": 0.9002198576927185
    },
    "pair_chains_iptm": {
        "0": {
            "0": 0.9631099700927734,
            "1": 0.5162595510482788
        },
        "1": {
            "0": 0.8780801892280579,
            "1": 0.9002198576927185
        }
    }
}