{
    "affinity_pred_value": 0.04546161741018295,
    "affinity_probability_binary": 0.6570210456848145,
    "affinity_pred_value1": -0.1300184577703476,
    "affinity_probability_binary1": 0.7788034677505493,
    "affinity_pred_value2": 0.2209416925907135,
    "affinity_probability_binary2": 0.5352386832237244
}