{
    "confidence_score": 0.9755061268806458,
    "ptm": 0.9704424142837524,
    "iptm": 0.9612422585487366,
    "ligand_iptm": 0.9612422585487366,
    "protein_iptm": 0.0,
    "complex_plddt": 0.979072093963623,
    "complex_iplddt": 0.97422856092453,
    "complex_pde": 0.32747769355773926,
    "complex_ipde": 0.4576641023159027,
    "chains_ptm": {
        "0": 0.9722936749458313,
        "1": 0.8638714551925659
    },
    "pair_chains_iptm": {
        "0": {
            "0": 0.9722936749458313,
            "1": 0.6059288382530212
        },
        "1": {
            "0": 0.9612422585487366,
            "1": 0.8638714551925659
        }
    }
}