{
    "affinity_pred_value": 1.3828785419464111,
    "affinity_probability_binary": 0.32846230268478394,
    "affinity_pred_value1": 1.5684058666229248,
    "affinity_probability_binary1": 0.1281517893075943,
    "affinity_pred_value2": 1.1973512172698975,
    "affinity_probability_binary2": 0.5287728309631348
}