{
    "confidence_score": 0.9714121222496033,
    "ptm": 0.9508058428764343,
    "iptm": 0.9713139533996582,
    "ligand_iptm": 0.9713139533996582,
    "protein_iptm": 0.0,
    "complex_plddt": 0.9714366793632507,
    "complex_iplddt": 0.9771612286567688,
    "complex_pde": 0.3079555928707123,
    "complex_ipde": 0.3584286868572235,
    "chains_ptm": {
        "0": 0.94658362865448,
        "1": 0.9389366507530212
    },
    "pair_chains_iptm": {
        "0": {
            "0": 0.94658362865448,
            "1": 0.7725266814231873
        },
        "1": {
            "0": 0.9713139533996582,
            "1": 0.9389366507530212
        }
    }
}