{
    "affinity_pred_value": 1.8324084281921387,
    "affinity_probability_binary": 0.1444581151008606,
    "affinity_pred_value1": 2.3158435821533203,
    "affinity_probability_binary1": 0.15053892135620117,
    "affinity_pred_value2": 1.348973274230957,
    "affinity_probability_binary2": 0.1383773237466812
}