{
    "confidence_score": 0.8944259881973267,
    "ptm": 0.9491275548934937,
    "iptm": 0.9035506844520569,
    "ligand_iptm": 0.9035506844520569,
    "protein_iptm": 0.0,
    "complex_plddt": 0.8921447992324829,
    "complex_iplddt": 0.7102707624435425,
    "complex_pde": 0.3403432369232178,
    "complex_ipde": 0.6411627531051636,
    "chains_ptm": {
        "0": 0.9614776372909546,
        "1": 0.9186201095581055
    },
    "pair_chains_iptm": {
        "0": {
            "0": 0.9614776372909546,
            "1": 0.5209375619888306
        },
        "1": {
            "0": 0.9035506844520569,
            "1": 0.9186201095581055
        }
    }
}