{
    "affinity_pred_value": 1.275226354598999,
    "affinity_probability_binary": 0.24205128848552704,
    "affinity_pred_value1": 1.5868580341339111,
    "affinity_probability_binary1": 0.19055616855621338,
    "affinity_pred_value2": 0.9635947346687317,
    "affinity_probability_binary2": 0.2935464084148407
}