{
    "confidence_score": 0.8751335144042969,
    "ptm": 0.9394301176071167,
    "iptm": 0.8283947706222534,
    "ligand_iptm": 0.8283947706222534,
    "protein_iptm": 0.0,
    "complex_plddt": 0.8868181705474854,
    "complex_iplddt": 0.6509437561035156,
    "complex_pde": 0.46044421195983887,
    "complex_ipde": 1.1764402389526367,
    "chains_ptm": {
        "0": 0.9637769460678101,
        "1": 0.894374430179596
    },
    "pair_chains_iptm": {
        "0": {
            "0": 0.9637769460678101,
            "1": 0.44834285974502563
        },
        "1": {
            "0": 0.8283947706222534,
            "1": 0.894374430179596
        }
    }
}