{
    "confidence_score": 0.8942071795463562,
    "ptm": 0.8944924473762512,
    "iptm": 0.8002551198005676,
    "ligand_iptm": 0.8002551198005676,
    "protein_iptm": 0.0,
    "complex_plddt": 0.917695164680481,
    "complex_iplddt": 0.8177375793457031,
    "complex_pde": 0.5137658715248108,
    "complex_ipde": 1.0084519386291504,
    "chains_ptm": {
        "0": 0.9315442442893982,
        "1": 0.7533245086669922
    },
    "pair_chains_iptm": {
        "0": {
            "0": 0.9315442442893982,
            "1": 0.37713631987571716
        },
        "1": {
            "0": 0.8002551198005676,
            "1": 0.7533245086669922
        }
    }
}