{
    "affinity_pred_value": 1.0533757209777832,
    "affinity_probability_binary": 0.47677338123321533,
    "affinity_pred_value1": 1.2111530303955078,
    "affinity_probability_binary1": 0.5656905174255371,
    "affinity_pred_value2": 0.8955984711647034,
    "affinity_probability_binary2": 0.38785621523857117
}