{
    "confidence_score": 0.9461204409599304,
    "ptm": 0.9463565945625305,
    "iptm": 0.9196828007698059,
    "ligand_iptm": 0.9196828007698059,
    "protein_iptm": 0.0,
    "complex_plddt": 0.9527298212051392,
    "complex_iplddt": 0.9123547077178955,
    "complex_pde": 0.4120754897594452,
    "complex_ipde": 0.7208960056304932,
    "chains_ptm": {
        "0": 0.9515553116798401,
        "1": 0.8441992402076721
    },
    "pair_chains_iptm": {
        "0": {
            "0": 0.9515553116798401,
            "1": 0.5405908823013306
        },
        "1": {
            "0": 0.9196828007698059,
            "1": 0.8441992402076721
        }
    }
}