{
    "confidence_score": 0.9106000065803528,
    "ptm": 0.9269689321517944,
    "iptm": 0.9590230584144592,
    "ligand_iptm": 0.9590230584144592,
    "protein_iptm": 0.0,
    "complex_plddt": 0.8984942436218262,
    "complex_iplddt": 0.9061405062675476,
    "complex_pde": 0.40580981969833374,
    "complex_ipde": 0.45664089918136597,
    "chains_ptm": {
        "0": 0.9231984615325928,
        "1": 0.9224696159362793
    },
    "pair_chains_iptm": {
        "0": {
            "0": 0.9231984615325928,
            "1": 0.6878529787063599
        },
        "1": {
            "0": 0.9590230584144592,
            "1": 0.9224696159362793
        }
    }
}