{
    "affinity_pred_value": 0.6985312700271606,
    "affinity_probability_binary": 0.1938965916633606,
    "affinity_pred_value1": 0.5795847177505493,
    "affinity_probability_binary1": 0.12445338070392609,
    "affinity_pred_value2": 0.8174778819084167,
    "affinity_probability_binary2": 0.2633397877216339
}