{
    "confidence_score": 0.8975628018379211,
    "ptm": 0.9065345525741577,
    "iptm": 0.892956554889679,
    "ligand_iptm": 0.892956554889679,
    "protein_iptm": 0.0,
    "complex_plddt": 0.8987143039703369,
    "complex_iplddt": 0.8408674597740173,
    "complex_pde": 0.5327285528182983,
    "complex_ipde": 0.8798321485519409,
    "chains_ptm": {
        "0": 0.9151564240455627,
        "1": 0.9043996930122375
    },
    "pair_chains_iptm": {
        "0": {
            "0": 0.9151564240455627,
            "1": 0.6168729066848755
        },
        "1": {
            "0": 0.892956554889679,
            "1": 0.9043996930122375
        }
    }
}