{
    "confidence_score": 0.8967381715774536,
    "ptm": 0.917809009552002,
    "iptm": 0.802432119846344,
    "ligand_iptm": 0.802432119846344,
    "protein_iptm": 0.0,
    "complex_plddt": 0.9203146696090698,
    "complex_iplddt": 0.8242685794830322,
    "complex_pde": 0.5674594640731812,
    "complex_ipde": 1.2649859189987183,
    "chains_ptm": {
        "0": 0.941573977470398,
        "1": 0.7841817736625671
    },
    "pair_chains_iptm": {
        "0": {
            "0": 0.941573977470398,
            "1": 0.36046820878982544
        },
        "1": {
            "0": 0.802432119846344,
            "1": 0.7841817736625671
        }
    }
}