{
    "affinity_pred_value": 0.8217630386352539,
    "affinity_probability_binary": 0.2774009108543396,
    "affinity_pred_value1": 0.7995958924293518,
    "affinity_probability_binary1": 0.19262820482254028,
    "affinity_pred_value2": 0.843930184841156,
    "affinity_probability_binary2": 0.3621736168861389
}