{
    "confidence_score": 0.8176791071891785,
    "ptm": 0.8953547477722168,
    "iptm": 0.8110446333885193,
    "ligand_iptm": 0.8110446333885193,
    "protein_iptm": 0.0,
    "complex_plddt": 0.819337785243988,
    "complex_iplddt": 0.5585174560546875,
    "complex_pde": 0.49173951148986816,
    "complex_ipde": 1.1493124961853027,
    "chains_ptm": {
        "0": 0.932208240032196,
        "1": 0.8451353311538696
    },
    "pair_chains_iptm": {
        "0": {
            "0": 0.932208240032196,
            "1": 0.3740266263484955
        },
        "1": {
            "0": 0.8110446333885193,
            "1": 0.8451353311538696
        }
    }
}