{
    "confidence_score": 0.8625940680503845,
    "ptm": 0.9108816981315613,
    "iptm": 0.787800133228302,
    "ligand_iptm": 0.787800133228302,
    "protein_iptm": 0.0,
    "complex_plddt": 0.881292462348938,
    "complex_iplddt": 0.7264922261238098,
    "complex_pde": 0.5961613059043884,
    "complex_ipde": 1.6074517965316772,
    "chains_ptm": {
        "0": 0.9309970140457153,
        "1": 0.9082833528518677
    },
    "pair_chains_iptm": {
        "0": {
            "0": 0.9309970140457153,
            "1": 0.4115828275680542
        },
        "1": {
            "0": 0.787800133228302,
            "1": 0.9082833528518677
        }
    }
}