{
    "affinity_pred_value": 0.6622223854064941,
    "affinity_probability_binary": 0.22399619221687317,
    "affinity_pred_value1": 1.0160515308380127,
    "affinity_probability_binary1": 0.11950238049030304,
    "affinity_pred_value2": 0.30839329957962036,
    "affinity_probability_binary2": 0.3284900188446045
}