{
    "confidence_score": 0.9471015334129333,
    "ptm": 0.9493752717971802,
    "iptm": 0.9391664862632751,
    "ligand_iptm": 0.9391664862632751,
    "protein_iptm": 0.0,
    "complex_plddt": 0.9490852355957031,
    "complex_iplddt": 0.9012497067451477,
    "complex_pde": 0.3681686222553253,
    "complex_ipde": 0.6347900032997131,
    "chains_ptm": {
        "0": 0.9521799683570862,
        "1": 0.927780270576477
    },
    "pair_chains_iptm": {
        "0": {
            "0": 0.9521799683570862,
            "1": 0.6827883720397949
        },
        "1": {
            "0": 0.9391664862632751,
            "1": 0.927780270576477
        }
    }
}