{
    "confidence_score": 0.9279614686965942,
    "ptm": 0.9473568201065063,
    "iptm": 0.892711877822876,
    "ligand_iptm": 0.892711877822876,
    "protein_iptm": 0.0,
    "complex_plddt": 0.9367738366127014,
    "complex_iplddt": 0.8862566947937012,
    "complex_pde": 0.4789224863052368,
    "complex_ipde": 0.833707869052887,
    "chains_ptm": {
        "0": 0.9649868011474609,
        "1": 0.840646505355835
    },
    "pair_chains_iptm": {
        "0": {
            "0": 0.9649868011474609,
            "1": 0.621351957321167
        },
        "1": {
            "0": 0.892711877822876,
            "1": 0.840646505355835
        }
    }
}