{
    "affinity_pred_value": 1.476274013519287,
    "affinity_probability_binary": 0.16038577258586884,
    "affinity_pred_value1": 1.1562689542770386,
    "affinity_probability_binary1": 0.07722631841897964,
    "affinity_pred_value2": 1.7962791919708252,
    "affinity_probability_binary2": 0.24354523420333862
}