{
    "confidence_score": 0.8915435075759888,
    "ptm": 0.9203742146492004,
    "iptm": 0.7668851017951965,
    "ligand_iptm": 0.7668851017951965,
    "protein_iptm": 0.0,
    "complex_plddt": 0.9227080941200256,
    "complex_iplddt": 0.8405981063842773,
    "complex_pde": 0.6494500637054443,
    "complex_ipde": 1.4959944486618042,
    "chains_ptm": {
        "0": 0.9614468216896057,
        "1": 0.7300916910171509
    },
    "pair_chains_iptm": {
        "0": {
            "0": 0.9614468216896057,
            "1": 0.5028500556945801
        },
        "1": {
            "0": 0.7668851017951965,
            "1": 0.7300916910171509
        }
    }
}