{
    "confidence_score": 0.8034307360649109,
    "ptm": 0.899413526058197,
    "iptm": 0.5797109007835388,
    "ligand_iptm": 0.5797109007835388,
    "protein_iptm": 0.0,
    "complex_plddt": 0.8593606948852539,
    "complex_iplddt": 0.5074363350868225,
    "complex_pde": 0.7052794098854065,
    "complex_ipde": 3.1717255115509033,
    "chains_ptm": {
        "0": 0.9615204334259033,
        "1": 0.7791731953620911
    },
    "pair_chains_iptm": {
        "0": {
            "0": 0.9615204334259033,
            "1": 0.2063654512166977
        },
        "1": {
            "0": 0.5797109007835388,
            "1": 0.7791731953620911
        }
    }
}