{
    "affinity_pred_value": 1.09772527217865,
    "affinity_probability_binary": 0.3657487630844116,
    "affinity_pred_value1": 1.3402671813964844,
    "affinity_probability_binary1": 0.32917100191116333,
    "affinity_pred_value2": 0.8551833033561707,
    "affinity_probability_binary2": 0.4023265242576599
}