{
    "confidence_score": 0.9637324213981628,
    "ptm": 0.9677556157112122,
    "iptm": 0.9323932528495789,
    "ligand_iptm": 0.9323932528495789,
    "protein_iptm": 0.0,
    "complex_plddt": 0.9715672135353088,
    "complex_iplddt": 0.9458141922950745,
    "complex_pde": 0.36105772852897644,
    "complex_ipde": 0.603763997554779,
    "chains_ptm": {
        "0": 0.9756374359130859,
        "1": 0.8565220236778259
    },
    "pair_chains_iptm": {
        "0": {
            "0": 0.9756374359130859,
            "1": 0.5827400088310242
        },
        "1": {
            "0": 0.9323932528495789,
            "1": 0.8565220236778259
        }
    }
}