{
    "confidence_score": 0.8536428809165955,
    "ptm": 0.9327533841133118,
    "iptm": 0.7844005823135376,
    "ligand_iptm": 0.7844005823135376,
    "protein_iptm": 0.0,
    "complex_plddt": 0.870953381061554,
    "complex_iplddt": 0.6588358879089355,
    "complex_pde": 0.5418256521224976,
    "complex_ipde": 1.4825555086135864,
    "chains_ptm": {
        "0": 0.9752503633499146,
        "1": 0.7945016026496887
    },
    "pair_chains_iptm": {
        "0": {
            "0": 0.9752503633499146,
            "1": 0.43218734860420227
        },
        "1": {
            "0": 0.7844005823135376,
            "1": 0.7945016026496887
        }
    }
}