{
    "confidence_score": 0.9606017470359802,
    "ptm": 0.9762920141220093,
    "iptm": 0.978284478187561,
    "ligand_iptm": 0.978284478187561,
    "protein_iptm": 0.0,
    "complex_plddt": 0.956180989742279,
    "complex_iplddt": 0.9355460405349731,
    "complex_pde": 0.3013383448123932,
    "complex_ipde": 0.39035966992378235,
    "chains_ptm": {
        "0": 0.9761872887611389,
        "1": 0.9554080963134766
    },
    "pair_chains_iptm": {
        "0": {
            "0": 0.9761872887611389,
            "1": 0.74640953540802
        },
        "1": {
            "0": 0.978284478187561,
            "1": 0.9554080963134766
        }
    }
}