{
    "confidence_score": 0.9417423605918884,
    "ptm": 0.9541090726852417,
    "iptm": 0.9528073668479919,
    "ligand_iptm": 0.9528073668479919,
    "protein_iptm": 0.0,
    "complex_plddt": 0.9389761090278625,
    "complex_iplddt": 0.9318487048149109,
    "complex_pde": 0.3843744695186615,
    "complex_ipde": 0.5195081233978271,
    "chains_ptm": {
        "0": 0.9571424126625061,
        "1": 0.9399878978729248
    },
    "pair_chains_iptm": {
        "0": {
            "0": 0.9571424126625061,
            "1": 0.7589923143386841
        },
        "1": {
            "0": 0.9528073668479919,
            "1": 0.9399878978729248
        }
    }
}