{
    "confidence_score": 0.9040075540542603,
    "ptm": 0.9467282295227051,
    "iptm": 0.9257300496101379,
    "ligand_iptm": 0.9257300496101379,
    "protein_iptm": 0.0,
    "complex_plddt": 0.8985769152641296,
    "complex_iplddt": 0.8391443490982056,
    "complex_pde": 0.38381555676460266,
    "complex_ipde": 0.5520408153533936,
    "chains_ptm": {
        "0": 0.9565053582191467,
        "1": 0.9153897166252136
    },
    "pair_chains_iptm": {
        "0": {
            "0": 0.9565053582191467,
            "1": 0.7620127201080322
        },
        "1": {
            "0": 0.9257300496101379,
            "1": 0.9153897166252136
        }
    }
}