{
    "confidence_score": 0.9164848327636719,
    "ptm": 0.9615978598594666,
    "iptm": 0.9492093920707703,
    "ligand_iptm": 0.9492093920707703,
    "protein_iptm": 0.0,
    "complex_plddt": 0.9083037376403809,
    "complex_iplddt": 0.8024536371231079,
    "complex_pde": 0.36265814304351807,
    "complex_ipde": 0.5157325863838196,
    "chains_ptm": {
        "0": 0.9699380993843079,
        "1": 0.9321581125259399
    },
    "pair_chains_iptm": {
        "0": {
            "0": 0.9699380993843079,
            "1": 0.775409996509552
        },
        "1": {
            "0": 0.9492093920707703,
            "1": 0.9321581125259399
        }
    }
}