{
    "affinity_pred_value": 0.5261090993881226,
    "affinity_probability_binary": 0.3025350570678711,
    "affinity_pred_value1": 0.7503201961517334,
    "affinity_probability_binary1": 0.25338950753211975,
    "affinity_pred_value2": 0.3018980026245117,
    "affinity_probability_binary2": 0.35168060660362244
}