{
    "confidence_score": 0.9137009978294373,
    "ptm": 0.9345178008079529,
    "iptm": 0.8218171000480652,
    "ligand_iptm": 0.8218171000480652,
    "protein_iptm": 0.0,
    "complex_plddt": 0.9366719722747803,
    "complex_iplddt": 0.8267501592636108,
    "complex_pde": 0.4966590106487274,
    "complex_ipde": 1.2322839498519897,
    "chains_ptm": {
        "0": 0.954234778881073,
        "1": 0.8931719064712524
    },
    "pair_chains_iptm": {
        "0": {
            "0": 0.954234778881073,
            "1": 0.38704898953437805
        },
        "1": {
            "0": 0.8218171000480652,
            "1": 0.8931719064712524
        }
    }
}