{
    "affinity_pred_value": 0.7593585252761841,
    "affinity_probability_binary": 0.16513226926326752,
    "affinity_pred_value1": 0.8011162281036377,
    "affinity_probability_binary1": 0.08125901967287064,
    "affinity_pred_value2": 0.7176007628440857,
    "affinity_probability_binary2": 0.2490055114030838
}