{
    "confidence_score": 0.9625005722045898,
    "ptm": 0.9596013426780701,
    "iptm": 0.9555739760398865,
    "ligand_iptm": 0.9555739760398865,
    "protein_iptm": 0.0,
    "complex_plddt": 0.9642322659492493,
    "complex_iplddt": 0.9507722854614258,
    "complex_pde": 0.33005404472351074,
    "complex_ipde": 0.4982389807701111,
    "chains_ptm": {
        "0": 0.960652768611908,
        "1": 0.9307185411453247
    },
    "pair_chains_iptm": {
        "0": {
            "0": 0.960652768611908,
            "1": 0.7339168190956116
        },
        "1": {
            "0": 0.9555739760398865,
            "1": 0.9307185411453247
        }
    }
}