{
    "affinity_pred_value": 1.0198678970336914,
    "affinity_probability_binary": 0.25404036045074463,
    "affinity_pred_value1": 0.8206331729888916,
    "affinity_probability_binary1": 0.3288331627845764,
    "affinity_pred_value2": 1.2191027402877808,
    "affinity_probability_binary2": 0.17924754321575165
}