{
    "affinity_pred_value": 1.500418782234192,
    "affinity_probability_binary": 0.2129802107810974,
    "affinity_pred_value1": 1.8036587238311768,
    "affinity_probability_binary1": 0.23555703461170197,
    "affinity_pred_value2": 1.197178840637207,
    "affinity_probability_binary2": 0.19040340185165405
}