{
    "confidence_score": 0.9509052634239197,
    "ptm": 0.9541069269180298,
    "iptm": 0.911432147026062,
    "ligand_iptm": 0.911432147026062,
    "protein_iptm": 0.0,
    "complex_plddt": 0.9607734680175781,
    "complex_iplddt": 0.945538341999054,
    "complex_pde": 0.3738137483596802,
    "complex_ipde": 0.7393032312393188,
    "chains_ptm": {
        "0": 0.9632365107536316,
        "1": 0.9303610324859619
    },
    "pair_chains_iptm": {
        "0": {
            "0": 0.9632365107536316,
            "1": 0.5916258692741394
        },
        "1": {
            "0": 0.911432147026062,
            "1": 0.9303610324859619
        }
    }
}