{
    "affinity_pred_value": 0.4410696029663086,
    "affinity_probability_binary": 0.5859386920928955,
    "affinity_pred_value1": 0.4455796480178833,
    "affinity_probability_binary1": 0.500481128692627,
    "affinity_pred_value2": 0.4365595579147339,
    "affinity_probability_binary2": 0.6713961958885193
}