{
    "confidence_score": 0.9528757929801941,
    "ptm": 0.9248492121696472,
    "iptm": 0.9420343637466431,
    "ligand_iptm": 0.9420343637466431,
    "protein_iptm": 0.0,
    "complex_plddt": 0.9555861353874207,
    "complex_iplddt": 0.9382155537605286,
    "complex_pde": 0.37805330753326416,
    "complex_ipde": 0.531858503818512,
    "chains_ptm": {
        "0": 0.9226244688034058,
        "1": 0.9372703433036804
    },
    "pair_chains_iptm": {
        "0": {
            "0": 0.9226244688034058,
            "1": 0.6849655508995056
        },
        "1": {
            "0": 0.9420343637466431,
            "1": 0.9372703433036804
        }
    }
}