{
    "confidence_score": 0.7410902380943298,
    "ptm": 0.8643827438354492,
    "iptm": 0.6566096544265747,
    "ligand_iptm": 0.6566096544265747,
    "protein_iptm": 0.0,
    "complex_plddt": 0.7622103691101074,
    "complex_iplddt": 0.49192774295806885,
    "complex_pde": 0.725925624370575,
    "complex_ipde": 2.054741382598877,
    "chains_ptm": {
        "0": 0.9514681100845337,
        "1": 0.7309792637825012
    },
    "pair_chains_iptm": {
        "0": {
            "0": 0.9514681100845337,
            "1": 0.36928048729896545
        },
        "1": {
            "0": 0.6566096544265747,
            "1": 0.7309792637825012
        }
    }
}