{
    "affinity_pred_value": 0.8416396379470825,
    "affinity_probability_binary": 0.4562377631664276,
    "affinity_pred_value1": 0.5628821849822998,
    "affinity_probability_binary1": 0.5066267848014832,
    "affinity_pred_value2": 1.1203970909118652,
    "affinity_probability_binary2": 0.40584874153137207
}