{
    "confidence_score": 0.9611385464668274,
    "ptm": 0.9620049595832825,
    "iptm": 0.9587163925170898,
    "ligand_iptm": 0.9587163925170898,
    "protein_iptm": 0.0,
    "complex_plddt": 0.9617440104484558,
    "complex_iplddt": 0.9492095708847046,
    "complex_pde": 0.34179338812828064,
    "complex_ipde": 0.4507354199886322,
    "chains_ptm": {
        "0": 0.9626526832580566,
        "1": 0.8940614461898804
    },
    "pair_chains_iptm": {
        "0": {
            "0": 0.9626526832580566,
            "1": 0.6747669577598572
        },
        "1": {
            "0": 0.9587163925170898,
            "1": 0.8940614461898804
        }
    }
}