{
    "affinity_pred_value": 1.3243656158447266,
    "affinity_probability_binary": 0.20033565163612366,
    "affinity_pred_value1": 1.5088344812393188,
    "affinity_probability_binary1": 0.0831567794084549,
    "affinity_pred_value2": 1.1398966312408447,
    "affinity_probability_binary2": 0.3175145089626312
}