{
    "confidence_score": 0.8824596405029297,
    "ptm": 0.9072698354721069,
    "iptm": 0.824357271194458,
    "ligand_iptm": 0.824357271194458,
    "protein_iptm": 0.0,
    "complex_plddt": 0.8969852328300476,
    "complex_iplddt": 0.7761258482933044,
    "complex_pde": 0.5465770363807678,
    "complex_ipde": 1.1338322162628174,
    "chains_ptm": {
        "0": 0.9238811731338501,
        "1": 0.8871159553527832
    },
    "pair_chains_iptm": {
        "0": {
            "0": 0.9238811731338501,
            "1": 0.4660256505012512
        },
        "1": {
            "0": 0.824357271194458,
            "1": 0.8871159553527832
        }
    }
}