{
    "confidence_score": 0.9223572015762329,
    "ptm": 0.945828914642334,
    "iptm": 0.9177349209785461,
    "ligand_iptm": 0.9177349209785461,
    "protein_iptm": 0.0,
    "complex_plddt": 0.9235126972198486,
    "complex_iplddt": 0.8118547797203064,
    "complex_pde": 0.37887758016586304,
    "complex_ipde": 0.6076257824897766,
    "chains_ptm": {
        "0": 0.9566743969917297,
        "1": 0.908937931060791
    },
    "pair_chains_iptm": {
        "0": {
            "0": 0.9566743969917297,
            "1": 0.5836705565452576
        },
        "1": {
            "0": 0.9177349209785461,
            "1": 0.908937931060791
        }
    }
}