{
    "affinity_pred_value": 0.7964169979095459,
    "affinity_probability_binary": 0.32196271419525146,
    "affinity_pred_value1": 0.9969445466995239,
    "affinity_probability_binary1": 0.2170787900686264,
    "affinity_pred_value2": 0.5958895087242126,
    "affinity_probability_binary2": 0.4268466532230377
}