{
    "affinity_pred_value": 1.3899816274642944,
    "affinity_probability_binary": 0.17768637835979462,
    "affinity_pred_value1": 1.1033459901809692,
    "affinity_probability_binary1": 0.0702507421374321,
    "affinity_pred_value2": 1.6766172647476196,
    "affinity_probability_binary2": 0.28512200713157654
}