{
    "confidence_score": 0.8806743025779724,
    "ptm": 0.9505747556686401,
    "iptm": 0.8557043671607971,
    "ligand_iptm": 0.8557043671607971,
    "protein_iptm": 0.0,
    "complex_plddt": 0.8869167566299438,
    "complex_iplddt": 0.7325804233551025,
    "complex_pde": 0.484954297542572,
    "complex_ipde": 0.9695887565612793,
    "chains_ptm": {
        "0": 0.978798508644104,
        "1": 0.7965385913848877
    },
    "pair_chains_iptm": {
        "0": {
            "0": 0.978798508644104,
            "1": 0.4498329758644104
        },
        "1": {
            "0": 0.8557043671607971,
            "1": 0.7965385913848877
        }
    }
}