{
    "confidence_score": 0.9019898772239685,
    "ptm": 0.9204524755477905,
    "iptm": 0.8588001132011414,
    "ligand_iptm": 0.8588001132011414,
    "protein_iptm": 0.0,
    "complex_plddt": 0.9127872586250305,
    "complex_iplddt": 0.7958411574363708,
    "complex_pde": 0.4614550769329071,
    "complex_ipde": 0.8478431105613708,
    "chains_ptm": {
        "0": 0.9372900724411011,
        "1": 0.8142392039299011
    },
    "pair_chains_iptm": {
        "0": {
            "0": 0.9372900724411011,
            "1": 0.48494377732276917
        },
        "1": {
            "0": 0.8588001132011414,
            "1": 0.8142392039299011
        }
    }
}