{
    "affinity_pred_value": 0.8322561979293823,
    "affinity_probability_binary": 0.4846758246421814,
    "affinity_pred_value1": 0.44735947251319885,
    "affinity_probability_binary1": 0.6151081323623657,
    "affinity_pred_value2": 1.2171529531478882,
    "affinity_probability_binary2": 0.35424351692199707
}