{
    "affinity_pred_value": 1.5141115188598633,
    "affinity_probability_binary": 0.18618696928024292,
    "affinity_pred_value1": 1.332162857055664,
    "affinity_probability_binary1": 0.1882951259613037,
    "affinity_pred_value2": 1.696060299873352,
    "affinity_probability_binary2": 0.18407881259918213
}