{
    "affinity_pred_value": 1.05731201171875,
    "affinity_probability_binary": 0.3191430866718292,
    "affinity_pred_value1": 1.0213392972946167,
    "affinity_probability_binary1": 0.26120230555534363,
    "affinity_pred_value2": 1.0932846069335938,
    "affinity_probability_binary2": 0.3770838677883148
}