{
    "confidence_score": 0.8478069305419922,
    "ptm": 0.9500095844268799,
    "iptm": 0.8689764738082886,
    "ligand_iptm": 0.8689764738082886,
    "protein_iptm": 0.0,
    "complex_plddt": 0.8425145745277405,
    "complex_iplddt": 0.6804211735725403,
    "complex_pde": 0.41437581181526184,
    "complex_ipde": 1.0841137170791626,
    "chains_ptm": {
        "0": 0.9718708992004395,
        "1": 0.8483001589775085
    },
    "pair_chains_iptm": {
        "0": {
            "0": 0.9718708992004395,
            "1": 0.48218610882759094
        },
        "1": {
            "0": 0.8689764738082886,
            "1": 0.8483001589775085
        }
    }
}