{
    "affinity_pred_value": 1.2622253894805908,
    "affinity_probability_binary": 0.16175688803195953,
    "affinity_pred_value1": 1.0378049612045288,
    "affinity_probability_binary1": 0.11216893047094345,
    "affinity_pred_value2": 1.4866458177566528,
    "affinity_probability_binary2": 0.21134483814239502
}