{
    "confidence_score": 0.9431657791137695,
    "ptm": 0.9692507386207581,
    "iptm": 0.9517287611961365,
    "ligand_iptm": 0.9517287611961365,
    "protein_iptm": 0.0,
    "complex_plddt": 0.9410250186920166,
    "complex_iplddt": 0.896945595741272,
    "complex_pde": 0.3710525333881378,
    "complex_ipde": 0.5957905650138855,
    "chains_ptm": {
        "0": 0.9750046730041504,
        "1": 0.9292113780975342
    },
    "pair_chains_iptm": {
        "0": {
            "0": 0.9750046730041504,
            "1": 0.7820665240287781
        },
        "1": {
            "0": 0.9517287611961365,
            "1": 0.9292113780975342
        }
    }
}