{
    "confidence_score": 0.8969923257827759,
    "ptm": 0.9350332617759705,
    "iptm": 0.8733992576599121,
    "ligand_iptm": 0.8733992576599121,
    "protein_iptm": 0.0,
    "complex_plddt": 0.9028906226158142,
    "complex_iplddt": 0.7986299991607666,
    "complex_pde": 0.41670140624046326,
    "complex_ipde": 0.7431076765060425,
    "chains_ptm": {
        "0": 0.9588193893432617,
        "1": 0.8300012350082397
    },
    "pair_chains_iptm": {
        "0": {
            "0": 0.9588193893432617,
            "1": 0.5454179644584656
        },
        "1": {
            "0": 0.8733992576599121,
            "1": 0.8300012350082397
        }
    }
}