{
    "affinity_pred_value": 0.2671016454696655,
    "affinity_probability_binary": 0.25025925040245056,
    "affinity_pred_value1": 0.23673874139785767,
    "affinity_probability_binary1": 0.26494330167770386,
    "affinity_pred_value2": 0.297464519739151,
    "affinity_probability_binary2": 0.23557518422603607
}