{
    "confidence_score": 0.9501808285713196,
    "ptm": 0.9789000153541565,
    "iptm": 0.9673913717269897,
    "ligand_iptm": 0.9673913717269897,
    "protein_iptm": 0.0,
    "complex_plddt": 0.9458782076835632,
    "complex_iplddt": 0.8929914236068726,
    "complex_pde": 0.3504883646965027,
    "complex_ipde": 0.576535165309906,
    "chains_ptm": {
        "0": 0.9801743030548096,
        "1": 0.9703738689422607
    },
    "pair_chains_iptm": {
        "0": {
            "0": 0.9801743030548096,
            "1": 0.8028165698051453
        },
        "1": {
            "0": 0.9673913717269897,
            "1": 0.9703738689422607
        }
    }
}