{
    "affinity_pred_value": 1.0226233005523682,
    "affinity_probability_binary": 0.3358500003814697,
    "affinity_pred_value1": 1.1363592147827148,
    "affinity_probability_binary1": 0.39181071519851685,
    "affinity_pred_value2": 0.9088873267173767,
    "affinity_probability_binary2": 0.2798892855644226
}