{
    "affinity_pred_value": 0.9534639120101929,
    "affinity_probability_binary": 0.5132213830947876,
    "affinity_pred_value1": 1.1123303174972534,
    "affinity_probability_binary1": 0.5607389807701111,
    "affinity_pred_value2": 0.7945974469184875,
    "affinity_probability_binary2": 0.4657037556171417
}