{
    "confidence_score": 0.9599968791007996,
    "ptm": 0.9647088646888733,
    "iptm": 0.9471596479415894,
    "ligand_iptm": 0.9471596479415894,
    "protein_iptm": 0.0,
    "complex_plddt": 0.9632062315940857,
    "complex_iplddt": 0.9272372126579285,
    "complex_pde": 0.3404651880264282,
    "complex_ipde": 0.47534096240997314,
    "chains_ptm": {
        "0": 0.9694847464561462,
        "1": 0.8760119080543518
    },
    "pair_chains_iptm": {
        "0": {
            "0": 0.9694847464561462,
            "1": 0.5926268100738525
        },
        "1": {
            "0": 0.9471596479415894,
            "1": 0.8760119080543518
        }
    }
}