{
    "affinity_pred_value": 1.6337788105010986,
    "affinity_probability_binary": 0.1377881020307541,
    "affinity_pred_value1": 1.595199465751648,
    "affinity_probability_binary1": 0.11171950399875641,
    "affinity_pred_value2": 1.6723582744598389,
    "affinity_probability_binary2": 0.16385670006275177
}