{
    "affinity_pred_value": 0.9139912724494934,
    "affinity_probability_binary": 0.4419710040092468,
    "affinity_pred_value1": 0.7402578592300415,
    "affinity_probability_binary1": 0.50137859582901,
    "affinity_pred_value2": 1.0877246856689453,
    "affinity_probability_binary2": 0.38256344199180603
}