{
    "confidence_score": 0.9200363159179688,
    "ptm": 0.9424777626991272,
    "iptm": 0.9058529138565063,
    "ligand_iptm": 0.9058529138565063,
    "protein_iptm": 0.0,
    "complex_plddt": 0.923582136631012,
    "complex_iplddt": 0.8586926460266113,
    "complex_pde": 0.4392140805721283,
    "complex_ipde": 0.7831475138664246,
    "chains_ptm": {
        "0": 0.9502628445625305,
        "1": 0.8301753997802734
    },
    "pair_chains_iptm": {
        "0": {
            "0": 0.9502628445625305,
            "1": 0.5193038582801819
        },
        "1": {
            "0": 0.9058529138565063,
            "1": 0.8301753997802734
        }
    }
}