{
    "affinity_pred_value": 1.034610390663147,
    "affinity_probability_binary": 0.16024640202522278,
    "affinity_pred_value1": 1.380719780921936,
    "affinity_probability_binary1": 0.1912907212972641,
    "affinity_pred_value2": 0.6885009407997131,
    "affinity_probability_binary2": 0.12920208275318146
}