{
    "confidence_score": 0.8891404271125793,
    "ptm": 0.9356375932693481,
    "iptm": 0.8354361653327942,
    "ligand_iptm": 0.8354361653327942,
    "protein_iptm": 0.0,
    "complex_plddt": 0.9025664329528809,
    "complex_iplddt": 0.780945360660553,
    "complex_pde": 0.4894157648086548,
    "complex_ipde": 1.083437204360962,
    "chains_ptm": {
        "0": 0.9611364603042603,
        "1": 0.7919183969497681
    },
    "pair_chains_iptm": {
        "0": {
            "0": 0.9611364603042603,
            "1": 0.438690721988678
        },
        "1": {
            "0": 0.8354361653327942,
            "1": 0.7919183969497681
        }
    }
}