{
    "confidence_score": 0.9374948740005493,
    "ptm": 0.9585148096084595,
    "iptm": 0.9293094873428345,
    "ligand_iptm": 0.9293094873428345,
    "protein_iptm": 0.0,
    "complex_plddt": 0.939541220664978,
    "complex_iplddt": 0.8968690633773804,
    "complex_pde": 0.39080503582954407,
    "complex_ipde": 0.6677680611610413,
    "chains_ptm": {
        "0": 0.9643635153770447,
        "1": 0.8393079042434692
    },
    "pair_chains_iptm": {
        "0": {
            "0": 0.9643635153770447,
            "1": 0.5495288372039795
        },
        "1": {
            "0": 0.9293094873428345,
            "1": 0.8393079042434692
        }
    }
}