{
    "affinity_pred_value": 1.5833772420883179,
    "affinity_probability_binary": 0.20683518052101135,
    "affinity_pred_value1": 1.3842506408691406,
    "affinity_probability_binary1": 0.21638496220111847,
    "affinity_pred_value2": 1.7825038433074951,
    "affinity_probability_binary2": 0.19728541374206543
}