{
    "confidence_score": 0.8980826735496521,
    "ptm": 0.9231506586074829,
    "iptm": 0.8813768625259399,
    "ligand_iptm": 0.8813768625259399,
    "protein_iptm": 0.0,
    "complex_plddt": 0.9022590517997742,
    "complex_iplddt": 0.8003230094909668,
    "complex_pde": 0.5205938816070557,
    "complex_ipde": 0.9029290080070496,
    "chains_ptm": {
        "0": 0.9347030520439148,
        "1": 0.8368871212005615
    },
    "pair_chains_iptm": {
        "0": {
            "0": 0.9347030520439148,
            "1": 0.5856156349182129
        },
        "1": {
            "0": 0.8813768625259399,
            "1": 0.8368871212005615
        }
    }
}