{
    "affinity_pred_value": 1.2547268867492676,
    "affinity_probability_binary": 0.19594916701316833,
    "affinity_pred_value1": 1.2513340711593628,
    "affinity_probability_binary1": 0.11854644119739532,
    "affinity_pred_value2": 1.258119821548462,
    "affinity_probability_binary2": 0.27335187792778015
}