{
    "confidence_score": 0.891538143157959,
    "ptm": 0.8915916085243225,
    "iptm": 0.7388342618942261,
    "ligand_iptm": 0.7388342618942261,
    "protein_iptm": 0.0,
    "complex_plddt": 0.9297141432762146,
    "complex_iplddt": 0.8632726073265076,
    "complex_pde": 0.8294943571090698,
    "complex_ipde": 1.8179224729537964,
    "chains_ptm": {
        "0": 0.9377580881118774,
        "1": 0.7501481175422668
    },
    "pair_chains_iptm": {
        "0": {
            "0": 0.9377580881118774,
            "1": 0.40794259309768677
        },
        "1": {
            "0": 0.7388342618942261,
            "1": 0.7501481175422668
        }
    }
}