{
    "affinity_pred_value": 1.406046748161316,
    "affinity_probability_binary": 0.31850284337997437,
    "affinity_pred_value1": 1.2871346473693848,
    "affinity_probability_binary1": 0.41753214597702026,
    "affinity_pred_value2": 1.524958848953247,
    "affinity_probability_binary2": 0.21947352588176727
}