{
    "confidence_score": 0.8832990527153015,
    "ptm": 0.9297328591346741,
    "iptm": 0.8521655201911926,
    "ligand_iptm": 0.8521655201911926,
    "protein_iptm": 0.0,
    "complex_plddt": 0.8910824656486511,
    "complex_iplddt": 0.7295737862586975,
    "complex_pde": 0.4411541521549225,
    "complex_ipde": 0.8647545576095581,
    "chains_ptm": {
        "0": 0.9514254927635193,
        "1": 0.9000967144966125
    },
    "pair_chains_iptm": {
        "0": {
            "0": 0.9514254927635193,
            "1": 0.49582311511039734
        },
        "1": {
            "0": 0.8521655201911926,
            "1": 0.9000967144966125
        }
    }
}