{
    "confidence_score": 0.953454315662384,
    "ptm": 0.969163179397583,
    "iptm": 0.9722058773040771,
    "ligand_iptm": 0.9722058773040771,
    "protein_iptm": 0.0,
    "complex_plddt": 0.9487664103507996,
    "complex_iplddt": 0.9258157014846802,
    "complex_pde": 0.30648916959762573,
    "complex_ipde": 0.4085991680622101,
    "chains_ptm": {
        "0": 0.9692484736442566,
        "1": 0.9332277774810791
    },
    "pair_chains_iptm": {
        "0": {
            "0": 0.9692484736442566,
            "1": 0.7690827250480652
        },
        "1": {
            "0": 0.9722058773040771,
            "1": 0.9332277774810791
        }
    }
}