{
    "confidence_score": 0.9393365979194641,
    "ptm": 0.9617471694946289,
    "iptm": 0.9198821187019348,
    "ligand_iptm": 0.9198821187019348,
    "protein_iptm": 0.0,
    "complex_plddt": 0.9442001581192017,
    "complex_iplddt": 0.8917205333709717,
    "complex_pde": 0.39438122510910034,
    "complex_ipde": 0.5880651473999023,
    "chains_ptm": {
        "0": 0.9760121703147888,
        "1": 0.9185540676116943
    },
    "pair_chains_iptm": {
        "0": {
            "0": 0.9760121703147888,
            "1": 0.7847805619239807
        },
        "1": {
            "0": 0.9198821187019348,
            "1": 0.9185540676116943
        }
    }
}