{
    "confidence_score": 0.8515648245811462,
    "ptm": 0.9285845160484314,
    "iptm": 0.7922044396400452,
    "ligand_iptm": 0.7922044396400452,
    "protein_iptm": 0.0,
    "complex_plddt": 0.8664048314094543,
    "complex_iplddt": 0.6807131767272949,
    "complex_pde": 0.47874969244003296,
    "complex_ipde": 1.4799952507019043,
    "chains_ptm": {
        "0": 0.959536612033844,
        "1": 0.8971109390258789
    },
    "pair_chains_iptm": {
        "0": {
            "0": 0.959536612033844,
            "1": 0.4382088780403137
        },
        "1": {
            "0": 0.7922044396400452,
            "1": 0.8971109390258789
        }
    }
}