{
    "affinity_pred_value": 1.6565203666687012,
    "affinity_probability_binary": 0.14268891513347626,
    "affinity_pred_value1": 1.9037505388259888,
    "affinity_probability_binary1": 0.05698348581790924,
    "affinity_pred_value2": 1.4092903137207031,
    "affinity_probability_binary2": 0.22839434444904327
}