{
    "confidence_score": 0.8699943423271179,
    "ptm": 0.942377507686615,
    "iptm": 0.8897139430046082,
    "ligand_iptm": 0.8897139430046082,
    "protein_iptm": 0.0,
    "complex_plddt": 0.8650644421577454,
    "complex_iplddt": 0.6851347088813782,
    "complex_pde": 0.48216038942337036,
    "complex_ipde": 0.8822673559188843,
    "chains_ptm": {
        "0": 0.9585687518119812,
        "1": 0.8433945178985596
    },
    "pair_chains_iptm": {
        "0": {
            "0": 0.9585687518119812,
            "1": 0.5677534341812134
        },
        "1": {
            "0": 0.8897139430046082,
            "1": 0.8433945178985596
        }
    }
}