{
    "affinity_pred_value": 0.8735345602035522,
    "affinity_probability_binary": 0.34637194871902466,
    "affinity_pred_value1": 0.72463458776474,
    "affinity_probability_binary1": 0.2713337242603302,
    "affinity_pred_value2": 1.0224345922470093,
    "affinity_probability_binary2": 0.42141014337539673
}