{
    "confidence_score": 0.9728973507881165,
    "ptm": 0.9536139965057373,
    "iptm": 0.9634120464324951,
    "ligand_iptm": 0.9634120464324951,
    "protein_iptm": 0.0,
    "complex_plddt": 0.9752686023712158,
    "complex_iplddt": 0.9729234576225281,
    "complex_pde": 0.3278484344482422,
    "complex_ipde": 0.4075022339820862,
    "chains_ptm": {
        "0": 0.9533705115318298,
        "1": 0.933887779712677
    },
    "pair_chains_iptm": {
        "0": {
            "0": 0.9533705115318298,
            "1": 0.7245444059371948
        },
        "1": {
            "0": 0.9634120464324951,
            "1": 0.933887779712677
        }
    }
}