{
    "affinity_pred_value": 1.8078842163085938,
    "affinity_probability_binary": 0.18828687071800232,
    "affinity_pred_value1": 1.9142528772354126,
    "affinity_probability_binary1": 0.16810277104377747,
    "affinity_pred_value2": 1.7015156745910645,
    "affinity_probability_binary2": 0.20847095549106598
}