{
    "confidence_score": 0.9028415679931641,
    "ptm": 0.9437705874443054,
    "iptm": 0.8263952732086182,
    "ligand_iptm": 0.8263952732086182,
    "protein_iptm": 0.0,
    "complex_plddt": 0.9219531416893005,
    "complex_iplddt": 0.8114854693412781,
    "complex_pde": 0.43626683950424194,
    "complex_ipde": 1.53043794631958,
    "chains_ptm": {
        "0": 0.9685167074203491,
        "1": 0.9167405366897583
    },
    "pair_chains_iptm": {
        "0": {
            "0": 0.9685167074203491,
            "1": 0.44429272413253784
        },
        "1": {
            "0": 0.8263952732086182,
            "1": 0.9167405366897583
        }
    }
}