{
    "affinity_pred_value": 1.4583357572555542,
    "affinity_probability_binary": 0.14129678905010223,
    "affinity_pred_value1": 1.236687421798706,
    "affinity_probability_binary1": 0.05314086005091667,
    "affinity_pred_value2": 1.6799840927124023,
    "affinity_probability_binary2": 0.2294527292251587
}