{
    "affinity_pred_value": 1.2897720336914062,
    "affinity_probability_binary": 0.15665271878242493,
    "affinity_pred_value1": 0.8661439418792725,
    "affinity_probability_binary1": 0.10935883224010468,
    "affinity_pred_value2": 1.71340012550354,
    "affinity_probability_binary2": 0.20394660532474518
}