{
    "confidence_score": 0.8334890604019165,
    "ptm": 0.9215774536132812,
    "iptm": 0.8684769868850708,
    "ligand_iptm": 0.8684769868850708,
    "protein_iptm": 0.0,
    "complex_plddt": 0.8247420787811279,
    "complex_iplddt": 0.6455006003379822,
    "complex_pde": 0.5119283199310303,
    "complex_ipde": 0.9372970461845398,
    "chains_ptm": {
        "0": 0.947674572467804,
        "1": 0.8268117904663086
    },
    "pair_chains_iptm": {
        "0": {
            "0": 0.947674572467804,
            "1": 0.5794017910957336
        },
        "1": {
            "0": 0.8684769868850708,
            "1": 0.8268117904663086
        }
    }
}