{
    "affinity_pred_value": 1.722546100616455,
    "affinity_probability_binary": 0.3044184446334839,
    "affinity_pred_value1": 1.729909062385559,
    "affinity_probability_binary1": 0.2955470681190491,
    "affinity_pred_value2": 1.7151832580566406,
    "affinity_probability_binary2": 0.3132898509502411
}