{
    "affinity_pred_value": 1.5602375268936157,
    "affinity_probability_binary": 0.33122336864471436,
    "affinity_pred_value1": 0.8124848008155823,
    "affinity_probability_binary1": 0.32417571544647217,
    "affinity_pred_value2": 2.307990312576294,
    "affinity_probability_binary2": 0.33827105164527893
}