{
    "affinity_pred_value": 2.0087668895721436,
    "affinity_probability_binary": 0.18425163626670837,
    "affinity_pred_value1": 1.927263855934143,
    "affinity_probability_binary1": 0.15323255956172943,
    "affinity_pred_value2": 2.0902698040008545,
    "affinity_probability_binary2": 0.2152707278728485
}