{
    "confidence_score": 0.8675355315208435,
    "ptm": 0.9374703764915466,
    "iptm": 0.7757245302200317,
    "ligand_iptm": 0.7757245302200317,
    "protein_iptm": 0.0,
    "complex_plddt": 0.8904882669448853,
    "complex_iplddt": 0.6510729789733887,
    "complex_pde": 0.5206224918365479,
    "complex_ipde": 1.8975534439086914,
    "chains_ptm": {
        "0": 0.9645832777023315,
        "1": 0.9143299460411072
    },
    "pair_chains_iptm": {
        "0": {
            "0": 0.9645832777023315,
            "1": 0.3812097907066345
        },
        "1": {
            "0": 0.7757245302200317,
            "1": 0.9143299460411072
        }
    }
}