{
    "affinity_pred_value": 1.1730306148529053,
    "affinity_probability_binary": 0.3061861991882324,
    "affinity_pred_value1": 1.3457874059677124,
    "affinity_probability_binary1": 0.2717660963535309,
    "affinity_pred_value2": 1.0002737045288086,
    "affinity_probability_binary2": 0.34060633182525635
}