{
    "confidence_score": 0.8479894995689392,
    "ptm": 0.9235957860946655,
    "iptm": 0.7954073548316956,
    "ligand_iptm": 0.7954073548316956,
    "protein_iptm": 0.0,
    "complex_plddt": 0.861134946346283,
    "complex_iplddt": 0.6648282408714294,
    "complex_pde": 0.4626057744026184,
    "complex_ipde": 0.9374476075172424,
    "chains_ptm": {
        "0": 0.9688142538070679,
        "1": 0.7667007446289062
    },
    "pair_chains_iptm": {
        "0": {
            "0": 0.9688142538070679,
            "1": 0.455806702375412
        },
        "1": {
            "0": 0.7954073548316956,
            "1": 0.7667007446289062
        }
    }
}