{
    "affinity_pred_value": 1.2058335542678833,
    "affinity_probability_binary": 0.21751385927200317,
    "affinity_pred_value1": 1.4507255554199219,
    "affinity_probability_binary1": 0.22184374928474426,
    "affinity_pred_value2": 0.9609415531158447,
    "affinity_probability_binary2": 0.2131839543581009
}