{
    "affinity_pred_value": 2.1097447872161865,
    "affinity_probability_binary": 0.31344425678253174,
    "affinity_pred_value1": 2.09029483795166,
    "affinity_probability_binary1": 0.21643014252185822,
    "affinity_pred_value2": 2.129194736480713,
    "affinity_probability_binary2": 0.41045835614204407
}