{
    "affinity_pred_value": 1.4331164360046387,
    "affinity_probability_binary": 0.32196494936943054,
    "affinity_pred_value1": 1.3052605390548706,
    "affinity_probability_binary1": 0.27711692452430725,
    "affinity_pred_value2": 1.5609723329544067,
    "affinity_probability_binary2": 0.36681297421455383
}