{
    "confidence_score": 0.8841182589530945,
    "ptm": 0.9247951507568359,
    "iptm": 0.7963339686393738,
    "ligand_iptm": 0.7963339686393738,
    "protein_iptm": 0.0,
    "complex_plddt": 0.9060643315315247,
    "complex_iplddt": 0.7911840081214905,
    "complex_pde": 0.5033925771713257,
    "complex_ipde": 0.851488471031189,
    "chains_ptm": {
        "0": 0.9744677543640137,
        "1": 0.772872805595398
    },
    "pair_chains_iptm": {
        "0": {
            "0": 0.9744677543640137,
            "1": 0.5758652687072754
        },
        "1": {
            "0": 0.7963339686393738,
            "1": 0.772872805595398
        }
    }
}