{
    "affinity_pred_value": 1.0504387617111206,
    "affinity_probability_binary": 0.235376238822937,
    "affinity_pred_value1": 1.102874517440796,
    "affinity_probability_binary1": 0.21470287442207336,
    "affinity_pred_value2": 0.9980030059814453,
    "affinity_probability_binary2": 0.25604960322380066
}