{
    "confidence_score": 0.8379424214363098,
    "ptm": 0.8871479630470276,
    "iptm": 0.779575526714325,
    "ligand_iptm": 0.779575526714325,
    "protein_iptm": 0.0,
    "complex_plddt": 0.8525341749191284,
    "complex_iplddt": 0.7163003087043762,
    "complex_pde": 0.5417084693908691,
    "complex_ipde": 1.2825493812561035,
    "chains_ptm": {
        "0": 0.9175015687942505,
        "1": 0.810008704662323
    },
    "pair_chains_iptm": {
        "0": {
            "0": 0.9175015687942505,
            "1": 0.4285261929035187
        },
        "1": {
            "0": 0.779575526714325,
            "1": 0.810008704662323
        }
    }
}