{
    "confidence_score": 0.958259105682373,
    "ptm": 0.9597794413566589,
    "iptm": 0.95716392993927,
    "ligand_iptm": 0.95716392993927,
    "protein_iptm": 0.0,
    "complex_plddt": 0.9585328698158264,
    "complex_iplddt": 0.9392983317375183,
    "complex_pde": 0.30999892950057983,
    "complex_ipde": 0.44544970989227295,
    "chains_ptm": {
        "0": 0.9629594683647156,
        "1": 0.9217126965522766
    },
    "pair_chains_iptm": {
        "0": {
            "0": 0.9629594683647156,
            "1": 0.7102875709533691
        },
        "1": {
            "0": 0.95716392993927,
            "1": 0.9217126965522766
        }
    }
}