{
    "confidence_score": 0.8690980076789856,
    "ptm": 0.9176640510559082,
    "iptm": 0.8197548389434814,
    "ligand_iptm": 0.8197548389434814,
    "protein_iptm": 0.0,
    "complex_plddt": 0.8814337849617004,
    "complex_iplddt": 0.745478093624115,
    "complex_pde": 0.5580530762672424,
    "complex_ipde": 1.2002882957458496,
    "chains_ptm": {
        "0": 0.9404397010803223,
        "1": 0.7803630828857422
    },
    "pair_chains_iptm": {
        "0": {
            "0": 0.9404397010803223,
            "1": 0.4108855724334717
        },
        "1": {
            "0": 0.8197548389434814,
            "1": 0.7803630828857422
        }
    }
}