{
    "affinity_pred_value": 1.3773212432861328,
    "affinity_probability_binary": 0.26257801055908203,
    "affinity_pred_value1": 1.2805241346359253,
    "affinity_probability_binary1": 0.16042020916938782,
    "affinity_pred_value2": 1.4741182327270508,
    "affinity_probability_binary2": 0.36473584175109863
}