{
    "affinity_pred_value": 1.415617823600769,
    "affinity_probability_binary": 0.17910899221897125,
    "affinity_pred_value1": 1.5483754873275757,
    "affinity_probability_binary1": 0.12310709059238434,
    "affinity_pred_value2": 1.2828601598739624,
    "affinity_probability_binary2": 0.23511089384555817
}