{
    "confidence_score": 0.9697532653808594,
    "ptm": 0.9432130455970764,
    "iptm": 0.946182906627655,
    "ligand_iptm": 0.946182906627655,
    "protein_iptm": 0.0,
    "complex_plddt": 0.975645899772644,
    "complex_iplddt": 0.9734955430030823,
    "complex_pde": 0.3712133467197418,
    "complex_ipde": 0.5929988026618958,
    "chains_ptm": {
        "0": 0.9443873763084412,
        "1": 0.9328572750091553
    },
    "pair_chains_iptm": {
        "0": {
            "0": 0.9443873763084412,
            "1": 0.672104001045227
        },
        "1": {
            "0": 0.946182906627655,
            "1": 0.9328572750091553
        }
    }
}