{
    "affinity_pred_value": 1.8263123035430908,
    "affinity_probability_binary": 0.266876220703125,
    "affinity_pred_value1": 1.6463967561721802,
    "affinity_probability_binary1": 0.259749174118042,
    "affinity_pred_value2": 2.006227731704712,
    "affinity_probability_binary2": 0.274003267288208
}