{
    "affinity_pred_value": 1.3179121017456055,
    "affinity_probability_binary": 0.3145792484283447,
    "affinity_pred_value1": 0.9686440229415894,
    "affinity_probability_binary1": 0.2978127598762512,
    "affinity_pred_value2": 1.667180061340332,
    "affinity_probability_binary2": 0.33134573698043823
}