{
    "confidence_score": 0.8149307370185852,
    "ptm": 0.8753464221954346,
    "iptm": 0.672452986240387,
    "ligand_iptm": 0.672452986240387,
    "protein_iptm": 0.0,
    "complex_plddt": 0.8505501747131348,
    "complex_iplddt": 0.6354000568389893,
    "complex_pde": 0.7164058089256287,
    "complex_ipde": 2.454061269760132,
    "chains_ptm": {
        "0": 0.915876567363739,
        "1": 0.7982330918312073
    },
    "pair_chains_iptm": {
        "0": {
            "0": 0.915876567363739,
            "1": 0.2975078225135803
        },
        "1": {
            "0": 0.672452986240387,
            "1": 0.7982330918312073
        }
    }
}