{
    "affinity_pred_value": 0.4685291647911072,
    "affinity_probability_binary": 0.4289723038673401,
    "affinity_pred_value1": -0.03395967185497284,
    "affinity_probability_binary1": 0.43060511350631714,
    "affinity_pred_value2": 0.9710180163383484,
    "affinity_probability_binary2": 0.4273395240306854
}