{
    "affinity_pred_value": 1.1543352603912354,
    "affinity_probability_binary": 0.17616033554077148,
    "affinity_pred_value1": 1.4914216995239258,
    "affinity_probability_binary1": 0.14332996308803558,
    "affinity_pred_value2": 0.8172488808631897,
    "affinity_probability_binary2": 0.20899070799350739
}