{
    "confidence_score": 0.86888188123703,
    "ptm": 0.938576340675354,
    "iptm": 0.8663268685340881,
    "ligand_iptm": 0.8663268685340881,
    "protein_iptm": 0.0,
    "complex_plddt": 0.8695206046104431,
    "complex_iplddt": 0.7382084131240845,
    "complex_pde": 0.4147637188434601,
    "complex_ipde": 0.7837757468223572,
    "chains_ptm": {
        "0": 0.9601563215255737,
        "1": 0.8893371224403381
    },
    "pair_chains_iptm": {
        "0": {
            "0": 0.9601563215255737,
            "1": 0.5376426577568054
        },
        "1": {
            "0": 0.8663268685340881,
            "1": 0.8893371224403381
        }
    }
}