{
    "affinity_pred_value": 0.9195619225502014,
    "affinity_probability_binary": 0.22183653712272644,
    "affinity_pred_value1": 0.8054341077804565,
    "affinity_probability_binary1": 0.19344143569469452,
    "affinity_pred_value2": 1.0336897373199463,
    "affinity_probability_binary2": 0.25023162364959717
}