{
    "confidence_score": 0.9562086462974548,
    "ptm": 0.9575638175010681,
    "iptm": 0.9233928918838501,
    "ligand_iptm": 0.9233928918838501,
    "protein_iptm": 0.0,
    "complex_plddt": 0.9644125699996948,
    "complex_iplddt": 0.9425407648086548,
    "complex_pde": 0.3567951023578644,
    "complex_ipde": 0.5388476252555847,
    "chains_ptm": {
        "0": 0.969106912612915,
        "1": 0.8423886299133301
    },
    "pair_chains_iptm": {
        "0": {
            "0": 0.969106912612915,
            "1": 0.6111384034156799
        },
        "1": {
            "0": 0.9233928918838501,
            "1": 0.8423886299133301
        }
    }
}