{
    "confidence_score": 0.9369692802429199,
    "ptm": 0.9450352191925049,
    "iptm": 0.8930510878562927,
    "ligand_iptm": 0.8930510878562927,
    "protein_iptm": 0.0,
    "complex_plddt": 0.9479488134384155,
    "complex_iplddt": 0.8775808811187744,
    "complex_pde": 0.4280226230621338,
    "complex_ipde": 0.8680437207221985,
    "chains_ptm": {
        "0": 0.9569953083992004,
        "1": 0.8990384936332703
    },
    "pair_chains_iptm": {
        "0": {
            "0": 0.9569953083992004,
            "1": 0.5653015375137329
        },
        "1": {
            "0": 0.8930510878562927,
            "1": 0.8990384936332703
        }
    }
}