{
    "affinity_pred_value": 1.5879896879196167,
    "affinity_probability_binary": 0.15926404297351837,
    "affinity_pred_value1": 1.7606918811798096,
    "affinity_probability_binary1": 0.21929556131362915,
    "affinity_pred_value2": 1.4152874946594238,
    "affinity_probability_binary2": 0.09923253208398819
}