{
    "affinity_pred_value": 0.1395610123872757,
    "affinity_probability_binary": 0.10866190493106842,
    "affinity_pred_value1": 0.677486777305603,
    "affinity_probability_binary1": 0.11833234131336212,
    "affinity_pred_value2": -0.39836475253105164,
    "affinity_probability_binary2": 0.09899146109819412
}