{
    "confidence_score": 0.9502358436584473,
    "ptm": 0.9752134084701538,
    "iptm": 0.9725348949432373,
    "ligand_iptm": 0.9725348949432373,
    "protein_iptm": 0.0,
    "complex_plddt": 0.9446610808372498,
    "complex_iplddt": 0.9047389030456543,
    "complex_pde": 0.3487606644630432,
    "complex_ipde": 0.541305661201477,
    "chains_ptm": {
        "0": 0.9757421612739563,
        "1": 0.917371392250061
    },
    "pair_chains_iptm": {
        "0": {
            "0": 0.9757421612739563,
            "1": 0.713056206703186
        },
        "1": {
            "0": 0.9725348949432373,
            "1": 0.917371392250061
        }
    }
}