{
    "confidence_score": 0.9397449493408203,
    "ptm": 0.9515265822410583,
    "iptm": 0.9352091550827026,
    "ligand_iptm": 0.9352091550827026,
    "protein_iptm": 0.0,
    "complex_plddt": 0.9408788681030273,
    "complex_iplddt": 0.9008395075798035,
    "complex_pde": 0.40723299980163574,
    "complex_ipde": 0.5909552574157715,
    "chains_ptm": {
        "0": 0.9571936130523682,
        "1": 0.9147068858146667
    },
    "pair_chains_iptm": {
        "0": {
            "0": 0.9571936130523682,
            "1": 0.7477719187736511
        },
        "1": {
            "0": 0.9352091550827026,
            "1": 0.9147068858146667
        }
    }
}