{
    "affinity_pred_value": 1.6931722164154053,
    "affinity_probability_binary": 0.1442212015390396,
    "affinity_pred_value1": 1.7965866327285767,
    "affinity_probability_binary1": 0.10058142989873886,
    "affinity_pred_value2": 1.5897576808929443,
    "affinity_probability_binary2": 0.18786096572875977
}