{
    "affinity_pred_value": 1.593334674835205,
    "affinity_probability_binary": 0.13921403884887695,
    "affinity_pred_value1": 1.4730156660079956,
    "affinity_probability_binary1": 0.036843374371528625,
    "affinity_pred_value2": 1.713653564453125,
    "affinity_probability_binary2": 0.24158471822738647
}