{
    "affinity_pred_value": 1.6022145748138428,
    "affinity_probability_binary": 0.21759699285030365,
    "affinity_pred_value1": 1.5058619976043701,
    "affinity_probability_binary1": 0.1566544771194458,
    "affinity_pred_value2": 1.6985671520233154,
    "affinity_probability_binary2": 0.2785395085811615
}