{
    "confidence_score": 0.8045917749404907,
    "ptm": 0.9054378867149353,
    "iptm": 0.6132277250289917,
    "ligand_iptm": 0.6132277250289917,
    "protein_iptm": 0.0,
    "complex_plddt": 0.8524327278137207,
    "complex_iplddt": 0.5725206732749939,
    "complex_pde": 0.7145266532897949,
    "complex_ipde": 2.3060131072998047,
    "chains_ptm": {
        "0": 0.964860200881958,
        "1": 0.7734715938568115
    },
    "pair_chains_iptm": {
        "0": {
            "0": 0.964860200881958,
            "1": 0.23126520216464996
        },
        "1": {
            "0": 0.6132277250289917,
            "1": 0.7734715938568115
        }
    }
}