{
    "confidence_score": 0.9366950392723083,
    "ptm": 0.9488494992256165,
    "iptm": 0.9291102290153503,
    "ligand_iptm": 0.9291102290153503,
    "protein_iptm": 0.0,
    "complex_plddt": 0.9385912418365479,
    "complex_iplddt": 0.8901752829551697,
    "complex_pde": 0.3849092423915863,
    "complex_ipde": 0.6583145260810852,
    "chains_ptm": {
        "0": 0.9538707733154297,
        "1": 0.9130621552467346
    },
    "pair_chains_iptm": {
        "0": {
            "0": 0.9538707733154297,
            "1": 0.6571710705757141
        },
        "1": {
            "0": 0.9291102290153503,
            "1": 0.9130621552467346
        }
    }
}