{
    "affinity_pred_value": 1.600844383239746,
    "affinity_probability_binary": 0.20098407566547394,
    "affinity_pred_value1": 1.817580223083496,
    "affinity_probability_binary1": 0.08350581675767899,
    "affinity_pred_value2": 1.3841084241867065,
    "affinity_probability_binary2": 0.3184623420238495
}