{
    "affinity_pred_value": 1.0324196815490723,
    "affinity_probability_binary": 0.10062330961227417,
    "affinity_pred_value1": 1.2586958408355713,
    "affinity_probability_binary1": 0.08368553966283798,
    "affinity_pred_value2": 0.8061435222625732,
    "affinity_probability_binary2": 0.11756107211112976
}