{
    "confidence_score": 0.8913132548332214,
    "ptm": 0.9532197117805481,
    "iptm": 0.8905994892120361,
    "ligand_iptm": 0.8905994892120361,
    "protein_iptm": 0.0,
    "complex_plddt": 0.891491711139679,
    "complex_iplddt": 0.7268561720848083,
    "complex_pde": 0.3961852788925171,
    "complex_ipde": 0.8008774518966675,
    "chains_ptm": {
        "0": 0.9684751033782959,
        "1": 0.9030724167823792
    },
    "pair_chains_iptm": {
        "0": {
            "0": 0.9684751033782959,
            "1": 0.5638864636421204
        },
        "1": {
            "0": 0.8905994892120361,
            "1": 0.9030724167823792
        }
    }
}