{
    "confidence_score": 0.9038636088371277,
    "ptm": 0.9210662841796875,
    "iptm": 0.8453419804573059,
    "ligand_iptm": 0.8453419804573059,
    "protein_iptm": 0.0,
    "complex_plddt": 0.9184940457344055,
    "complex_iplddt": 0.7923082113265991,
    "complex_pde": 0.48501351475715637,
    "complex_ipde": 1.0718413591384888,
    "chains_ptm": {
        "0": 0.9330399036407471,
        "1": 0.9054510593414307
    },
    "pair_chains_iptm": {
        "0": {
            "0": 0.9330399036407471,
            "1": 0.4726206362247467
        },
        "1": {
            "0": 0.8453419804573059,
            "1": 0.9054510593414307
        }
    }
}