{
    "affinity_pred_value": 1.070528268814087,
    "affinity_probability_binary": 0.24865856766700745,
    "affinity_pred_value1": 1.190763235092163,
    "affinity_probability_binary1": 0.20764964818954468,
    "affinity_pred_value2": 0.9502933025360107,
    "affinity_probability_binary2": 0.2896674871444702
}