{
    "confidence_score": 0.9025720953941345,
    "ptm": 0.9511728882789612,
    "iptm": 0.8884079456329346,
    "ligand_iptm": 0.8884079456329346,
    "protein_iptm": 0.0,
    "complex_plddt": 0.9061131477355957,
    "complex_iplddt": 0.7808084487915039,
    "complex_pde": 0.39723485708236694,
    "complex_ipde": 0.6935428977012634,
    "chains_ptm": {
        "0": 0.9730737209320068,
        "1": 0.8035156726837158
    },
    "pair_chains_iptm": {
        "0": {
            "0": 0.9730737209320068,
            "1": 0.4029526710510254
        },
        "1": {
            "0": 0.8884079456329346,
            "1": 0.8035156726837158
        }
    }
}