{
    "affinity_pred_value": 1.4323384761810303,
    "affinity_probability_binary": 0.24460458755493164,
    "affinity_pred_value1": 2.0076904296875,
    "affinity_probability_binary1": 0.25974375009536743,
    "affinity_pred_value2": 0.8569865822792053,
    "affinity_probability_binary2": 0.22946542501449585
}