{
    "affinity_pred_value": 1.0216875076293945,
    "affinity_probability_binary": 0.15690606832504272,
    "affinity_pred_value1": 0.5176083445549011,
    "affinity_probability_binary1": 0.06334646791219711,
    "affinity_pred_value2": 1.5257666110992432,
    "affinity_probability_binary2": 0.25046566128730774
}