{
    "confidence_score": 0.9607341885566711,
    "ptm": 0.9639270305633545,
    "iptm": 0.9339565634727478,
    "ligand_iptm": 0.9339565634727478,
    "protein_iptm": 0.0,
    "complex_plddt": 0.9674285650253296,
    "complex_iplddt": 0.9444835186004639,
    "complex_pde": 0.32215556502342224,
    "complex_ipde": 0.5276156663894653,
    "chains_ptm": {
        "0": 0.973288893699646,
        "1": 0.9111400842666626
    },
    "pair_chains_iptm": {
        "0": {
            "0": 0.973288893699646,
            "1": 0.6491577625274658
        },
        "1": {
            "0": 0.9339565634727478,
            "1": 0.9111400842666626
        }
    }
}