{
    "affinity_pred_value": 0.9528114795684814,
    "affinity_probability_binary": 0.2879483103752136,
    "affinity_pred_value1": 0.6765266060829163,
    "affinity_probability_binary1": 0.2915860116481781,
    "affinity_pred_value2": 1.2290964126586914,
    "affinity_probability_binary2": 0.28431057929992676
}