{
    "affinity_pred_value": 0.9611845016479492,
    "affinity_probability_binary": 0.44799551367759705,
    "affinity_pred_value1": 1.6072627305984497,
    "affinity_probability_binary1": 0.4747586250305176,
    "affinity_pred_value2": 0.31510627269744873,
    "affinity_probability_binary2": 0.4212324023246765
}