{
    "confidence_score": 0.8876383900642395,
    "ptm": 0.9254192113876343,
    "iptm": 0.8557350039482117,
    "ligand_iptm": 0.8557350039482117,
    "protein_iptm": 0.0,
    "complex_plddt": 0.8956142663955688,
    "complex_iplddt": 0.8046254515647888,
    "complex_pde": 0.497907429933548,
    "complex_ipde": 0.9179373979568481,
    "chains_ptm": {
        "0": 0.9420917630195618,
        "1": 0.7818424701690674
    },
    "pair_chains_iptm": {
        "0": {
            "0": 0.9420917630195618,
            "1": 0.44067656993865967
        },
        "1": {
            "0": 0.8557350039482117,
            "1": 0.7818424701690674
        }
    }
}