{
    "confidence_score": 0.9028633236885071,
    "ptm": 0.9257932305335999,
    "iptm": 0.8038245439529419,
    "ligand_iptm": 0.8038245439529419,
    "protein_iptm": 0.0,
    "complex_plddt": 0.9276229739189148,
    "complex_iplddt": 0.8334397077560425,
    "complex_pde": 0.5384565591812134,
    "complex_ipde": 1.3601831197738647,
    "chains_ptm": {
        "0": 0.9483335018157959,
        "1": 0.8939253687858582
    },
    "pair_chains_iptm": {
        "0": {
            "0": 0.9483335018157959,
            "1": 0.4110349118709564
        },
        "1": {
            "0": 0.8038245439529419,
            "1": 0.8939253687858582
        }
    }
}