{
    "confidence_score": 0.9626154899597168,
    "ptm": 0.9448484778404236,
    "iptm": 0.92680823802948,
    "ligand_iptm": 0.92680823802948,
    "protein_iptm": 0.0,
    "complex_plddt": 0.9715673327445984,
    "complex_iplddt": 0.9558773040771484,
    "complex_pde": 0.3885965347290039,
    "complex_ipde": 0.5678800344467163,
    "chains_ptm": {
        "0": 0.9496345520019531,
        "1": 0.845283031463623
    },
    "pair_chains_iptm": {
        "0": {
            "0": 0.9496345520019531,
            "1": 0.58448725938797
        },
        "1": {
            "0": 0.92680823802948,
            "1": 0.845283031463623
        }
    }
}