{
    "confidence_score": 0.8756495714187622,
    "ptm": 0.9031921029090881,
    "iptm": 0.7788910269737244,
    "ligand_iptm": 0.7788910269737244,
    "protein_iptm": 0.0,
    "complex_plddt": 0.8998392224311829,
    "complex_iplddt": 0.8097795248031616,
    "complex_pde": 0.7596537470817566,
    "complex_ipde": 1.7940900325775146,
    "chains_ptm": {
        "0": 0.9423192739486694,
        "1": 0.7975923418998718
    },
    "pair_chains_iptm": {
        "0": {
            "0": 0.9423192739486694,
            "1": 0.49143877625465393
        },
        "1": {
            "0": 0.7788910269737244,
            "1": 0.7975923418998718
        }
    }
}