{
    "affinity_pred_value": 1.3746650218963623,
    "affinity_probability_binary": 0.1896008849143982,
    "affinity_pred_value1": 1.5037214756011963,
    "affinity_probability_binary1": 0.1392698884010315,
    "affinity_pred_value2": 1.2456085681915283,
    "affinity_probability_binary2": 0.2399318814277649
}