{
    "affinity_pred_value": 1.3284475803375244,
    "affinity_probability_binary": 0.21649295091629028,
    "affinity_pred_value1": 1.4337011575698853,
    "affinity_probability_binary1": 0.2121259719133377,
    "affinity_pred_value2": 1.2231940031051636,
    "affinity_probability_binary2": 0.22085992991924286
}