{
    "confidence_score": 0.8217232823371887,
    "ptm": 0.905206561088562,
    "iptm": 0.8450062870979309,
    "ligand_iptm": 0.8450062870979309,
    "protein_iptm": 0.0,
    "complex_plddt": 0.8159025311470032,
    "complex_iplddt": 0.6732109785079956,
    "complex_pde": 0.573302149772644,
    "complex_ipde": 1.1156870126724243,
    "chains_ptm": {
        "0": 0.9269832372665405,
        "1": 0.8133045434951782
    },
    "pair_chains_iptm": {
        "0": {
            "0": 0.9269832372665405,
            "1": 0.46599793434143066
        },
        "1": {
            "0": 0.8450062870979309,
            "1": 0.8133045434951782
        }
    }
}