{
    "affinity_pred_value": 1.343918800354004,
    "affinity_probability_binary": 0.2267654538154602,
    "affinity_pred_value1": 1.5147567987442017,
    "affinity_probability_binary1": 0.2716638445854187,
    "affinity_pred_value2": 1.1730808019638062,
    "affinity_probability_binary2": 0.1818670630455017
}