{
    "affinity_pred_value": 0.836235523223877,
    "affinity_probability_binary": 0.17522072792053223,
    "affinity_pred_value1": 0.6238265633583069,
    "affinity_probability_binary1": 0.1541321724653244,
    "affinity_pred_value2": 1.0486445426940918,
    "affinity_probability_binary2": 0.19630928337574005
}