{
    "affinity_pred_value": 0.526120662689209,
    "affinity_probability_binary": 0.4855439364910126,
    "affinity_pred_value1": 0.3779383897781372,
    "affinity_probability_binary1": 0.5641005039215088,
    "affinity_pred_value2": 0.674302875995636,
    "affinity_probability_binary2": 0.40698736906051636
}