{
    "affinity_pred_value": 1.1421208381652832,
    "affinity_probability_binary": 0.2158796191215515,
    "affinity_pred_value1": 1.424904227256775,
    "affinity_probability_binary1": 0.04741079360246658,
    "affinity_pred_value2": 0.8593373894691467,
    "affinity_probability_binary2": 0.38434845209121704
}