{
    "affinity_pred_value": 1.1247353553771973,
    "affinity_probability_binary": 0.433710515499115,
    "affinity_pred_value1": 0.9045385122299194,
    "affinity_probability_binary1": 0.5474474430084229,
    "affinity_pred_value2": 1.3449320793151855,
    "affinity_probability_binary2": 0.31997355818748474
}