{
    "affinity_pred_value": 1.666252851486206,
    "affinity_probability_binary": 0.27994394302368164,
    "affinity_pred_value1": 1.7204405069351196,
    "affinity_probability_binary1": 0.25026676058769226,
    "affinity_pred_value2": 1.612065076828003,
    "affinity_probability_binary2": 0.309621125459671
}