{
    "confidence_score": 0.905922532081604,
    "ptm": 0.927559494972229,
    "iptm": 0.8116105198860168,
    "ligand_iptm": 0.8116105198860168,
    "protein_iptm": 0.0,
    "complex_plddt": 0.9295005202293396,
    "complex_iplddt": 0.7917010188102722,
    "complex_pde": 0.4943159222602844,
    "complex_ipde": 1.3093515634536743,
    "chains_ptm": {
        "0": 0.9500065445899963,
        "1": 0.9163145422935486
    },
    "pair_chains_iptm": {
        "0": {
            "0": 0.9500065445899963,
            "1": 0.42225050926208496
        },
        "1": {
            "0": 0.8116105198860168,
            "1": 0.9163145422935486
        }
    }
}