{
    "affinity_pred_value": 1.4716975688934326,
    "affinity_probability_binary": 0.2140910029411316,
    "affinity_pred_value1": 1.8902853727340698,
    "affinity_probability_binary1": 0.24008092284202576,
    "affinity_pred_value2": 1.053109884262085,
    "affinity_probability_binary2": 0.18810106813907623
}