{
    "affinity_pred_value": 1.238473653793335,
    "affinity_probability_binary": 0.21586446464061737,
    "affinity_pred_value1": 1.4693394899368286,
    "affinity_probability_binary1": 0.12012474983930588,
    "affinity_pred_value2": 1.0076076984405518,
    "affinity_probability_binary2": 0.31160417199134827
}