{
    "confidence_score": 0.9595824480056763,
    "ptm": 0.9501633644104004,
    "iptm": 0.9248870015144348,
    "ligand_iptm": 0.9248870015144348,
    "protein_iptm": 0.0,
    "complex_plddt": 0.9682562947273254,
    "complex_iplddt": 0.9451326131820679,
    "complex_pde": 0.36904585361480713,
    "complex_ipde": 0.6562039256095886,
    "chains_ptm": {
        "0": 0.9566857814788818,
        "1": 0.9190929532051086
    },
    "pair_chains_iptm": {
        "0": {
            "0": 0.9566857814788818,
            "1": 0.6015350818634033
        },
        "1": {
            "0": 0.9248870015144348,
            "1": 0.9190929532051086
        }
    }
}