{
    "affinity_pred_value": 0.6612136363983154,
    "affinity_probability_binary": 0.11470118910074234,
    "affinity_pred_value1": 0.6871284246444702,
    "affinity_probability_binary1": 0.09494812786579132,
    "affinity_pred_value2": 0.6352987885475159,
    "affinity_probability_binary2": 0.13445425033569336
}