{
    "confidence_score": 0.9153560996055603,
    "ptm": 0.977990448474884,
    "iptm": 0.9249328374862671,
    "ligand_iptm": 0.9249328374862671,
    "protein_iptm": 0.0,
    "complex_plddt": 0.9129619002342224,
    "complex_iplddt": 0.7089145183563232,
    "complex_pde": 0.3928331434726715,
    "complex_ipde": 1.0082412958145142,
    "chains_ptm": {
        "0": 0.9830964803695679,
        "1": 0.887799084186554
    },
    "pair_chains_iptm": {
        "0": {
            "0": 0.9830964803695679,
            "1": 0.5839044451713562
        },
        "1": {
            "0": 0.9249328374862671,
            "1": 0.887799084186554
        }
    }
}