{
    "affinity_pred_value": 1.407335877418518,
    "affinity_probability_binary": 0.15100319683551788,
    "affinity_pred_value1": 1.0743374824523926,
    "affinity_probability_binary1": 0.09252908080816269,
    "affinity_pred_value2": 1.7403342723846436,
    "affinity_probability_binary2": 0.20947732031345367
}