{
    "confidence_score": 0.9046703577041626,
    "ptm": 0.938267171382904,
    "iptm": 0.8620093464851379,
    "ligand_iptm": 0.8620093464851379,
    "protein_iptm": 0.0,
    "complex_plddt": 0.9153355956077576,
    "complex_iplddt": 0.838885486125946,
    "complex_pde": 0.4807058572769165,
    "complex_ipde": 0.8592929244041443,
    "chains_ptm": {
        "0": 0.9729252457618713,
        "1": 0.8230447769165039
    },
    "pair_chains_iptm": {
        "0": {
            "0": 0.9729252457618713,
            "1": 0.5948642492294312
        },
        "1": {
            "0": 0.8620093464851379,
            "1": 0.8230447769165039
        }
    }
}