{
    "affinity_pred_value": 1.3660917282104492,
    "affinity_probability_binary": 0.11139117926359177,
    "affinity_pred_value1": 1.2675727605819702,
    "affinity_probability_binary1": 0.0857900083065033,
    "affinity_pred_value2": 1.4646105766296387,
    "affinity_probability_binary2": 0.13699235022068024
}