{
    "confidence_score": 0.7659667730331421,
    "ptm": 0.8604764342308044,
    "iptm": 0.7778465151786804,
    "ligand_iptm": 0.7778465151786804,
    "protein_iptm": 0.0,
    "complex_plddt": 0.7629967927932739,
    "complex_iplddt": 0.5485443472862244,
    "complex_pde": 0.6956939101219177,
    "complex_ipde": 1.3439135551452637,
    "chains_ptm": {
        "0": 0.9024381637573242,
        "1": 0.7352587580680847
    },
    "pair_chains_iptm": {
        "0": {
            "0": 0.9024381637573242,
            "1": 0.44804853200912476
        },
        "1": {
            "0": 0.7778465151786804,
            "1": 0.7352587580680847
        }
    }
}