{
    "confidence_score": 0.9251649975776672,
    "ptm": 0.938372015953064,
    "iptm": 0.8924651145935059,
    "ligand_iptm": 0.8924651145935059,
    "protein_iptm": 0.0,
    "complex_plddt": 0.9333400130271912,
    "complex_iplddt": 0.8814716339111328,
    "complex_pde": 0.42612236738204956,
    "complex_ipde": 0.7561461329460144,
    "chains_ptm": {
        "0": 0.9536604881286621,
        "1": 0.8480140566825867
    },
    "pair_chains_iptm": {
        "0": {
            "0": 0.9536604881286621,
            "1": 0.4751335382461548
        },
        "1": {
            "0": 0.8924651145935059,
            "1": 0.8480140566825867
        }
    }
}