{
    "affinity_pred_value": 1.4183664321899414,
    "affinity_probability_binary": 0.25081491470336914,
    "affinity_pred_value1": 1.545153021812439,
    "affinity_probability_binary1": 0.1882973164319992,
    "affinity_pred_value2": 1.2915798425674438,
    "affinity_probability_binary2": 0.3133324980735779
}