{
    "confidence_score": 0.9018617868423462,
    "ptm": 0.8946589231491089,
    "iptm": 0.8257883191108704,
    "ligand_iptm": 0.8257883191108704,
    "protein_iptm": 0.0,
    "complex_plddt": 0.920880138874054,
    "complex_iplddt": 0.8505430817604065,
    "complex_pde": 0.5843561291694641,
    "complex_ipde": 1.1852543354034424,
    "chains_ptm": {
        "0": 0.9138088822364807,
        "1": 0.8978025913238525
    },
    "pair_chains_iptm": {
        "0": {
            "0": 0.9138088822364807,
            "1": 0.4508323073387146
        },
        "1": {
            "0": 0.8257883191108704,
            "1": 0.8978025913238525
        }
    }
}