{
    "affinity_pred_value": 1.6342718601226807,
    "affinity_probability_binary": 0.15523594617843628,
    "affinity_pred_value1": 1.856127381324768,
    "affinity_probability_binary1": 0.04300111159682274,
    "affinity_pred_value2": 1.4124164581298828,
    "affinity_probability_binary2": 0.2674707770347595
}