{
    "confidence_score": 0.936687171459198,
    "ptm": 0.8988035321235657,
    "iptm": 0.8675526976585388,
    "ligand_iptm": 0.8675526976585388,
    "protein_iptm": 0.0,
    "complex_plddt": 0.9539707899093628,
    "complex_iplddt": 0.9340777397155762,
    "complex_pde": 0.4969865679740906,
    "complex_ipde": 0.9644966721534729,
    "chains_ptm": {
        "0": 0.9056470394134521,
        "1": 0.90895676612854
    },
    "pair_chains_iptm": {
        "0": {
            "0": 0.9056470394134521,
            "1": 0.5467752814292908
        },
        "1": {
            "0": 0.8675526976585388,
            "1": 0.90895676612854
        }
    }
}