{
    "confidence_score": 0.9744133353233337,
    "ptm": 0.9617466330528259,
    "iptm": 0.9649049639701843,
    "ligand_iptm": 0.9649049639701843,
    "protein_iptm": 0.0,
    "complex_plddt": 0.9767903685569763,
    "complex_iplddt": 0.9783199429512024,
    "complex_pde": 0.32944169640541077,
    "complex_ipde": 0.4395236372947693,
    "chains_ptm": {
        "0": 0.9630647301673889,
        "1": 0.8882688283920288
    },
    "pair_chains_iptm": {
        "0": {
            "0": 0.9630647301673889,
            "1": 0.6671167612075806
        },
        "1": {
            "0": 0.9649049639701843,
            "1": 0.8882688283920288
        }
    }
}