{
    "affinity_pred_value": 1.0542374849319458,
    "affinity_probability_binary": 0.1874805986881256,
    "affinity_pred_value1": 1.3569096326828003,
    "affinity_probability_binary1": 0.16875271499156952,
    "affinity_pred_value2": 0.7515653967857361,
    "affinity_probability_binary2": 0.2062084674835205
}