{
    "affinity_pred_value": 1.6242629289627075,
    "affinity_probability_binary": 0.1484895646572113,
    "affinity_pred_value1": 1.628538966178894,
    "affinity_probability_binary1": 0.20689556002616882,
    "affinity_pred_value2": 1.619986891746521,
    "affinity_probability_binary2": 0.09008355438709259
}