{
    "confidence_score": 0.9355674982070923,
    "ptm": 0.9359064102172852,
    "iptm": 0.8477957248687744,
    "ligand_iptm": 0.8477957248687744,
    "protein_iptm": 0.0,
    "complex_plddt": 0.9575104713439941,
    "complex_iplddt": 0.9263399839401245,
    "complex_pde": 0.4038929343223572,
    "complex_ipde": 0.9361695647239685,
    "chains_ptm": {
        "0": 0.9580785632133484,
        "1": 0.9001120328903198
    },
    "pair_chains_iptm": {
        "0": {
            "0": 0.9580785632133484,
            "1": 0.4827464818954468
        },
        "1": {
            "0": 0.8477957248687744,
            "1": 0.9001120328903198
        }
    }
}