{
    "confidence_score": 0.8287296295166016,
    "ptm": 0.9057955145835876,
    "iptm": 0.7691318988800049,
    "ligand_iptm": 0.7691318988800049,
    "protein_iptm": 0.0,
    "complex_plddt": 0.843629002571106,
    "complex_iplddt": 0.6066703200340271,
    "complex_pde": 0.6435914635658264,
    "complex_ipde": 1.3755518198013306,
    "chains_ptm": {
        "0": 0.9491099119186401,
        "1": 0.7480117082595825
    },
    "pair_chains_iptm": {
        "0": {
            "0": 0.9491099119186401,
            "1": 0.37643346190452576
        },
        "1": {
            "0": 0.7691318988800049,
            "1": 0.7480117082595825
        }
    }
}