{
    "affinity_pred_value": 0.4614098370075226,
    "affinity_probability_binary": 0.46683943271636963,
    "affinity_pred_value1": 0.539155125617981,
    "affinity_probability_binary1": 0.5050297379493713,
    "affinity_pred_value2": 0.3836645483970642,
    "affinity_probability_binary2": 0.4286491572856903
}