{
    "confidence_score": 0.9620111584663391,
    "ptm": 0.9578580856323242,
    "iptm": 0.9553657174110413,
    "ligand_iptm": 0.9553657174110413,
    "protein_iptm": 0.0,
    "complex_plddt": 0.9636724591255188,
    "complex_iplddt": 0.947374165058136,
    "complex_pde": 0.3626444637775421,
    "complex_ipde": 0.5503938794136047,
    "chains_ptm": {
        "0": 0.9591477513313293,
        "1": 0.8845557570457458
    },
    "pair_chains_iptm": {
        "0": {
            "0": 0.9591477513313293,
            "1": 0.6416696906089783
        },
        "1": {
            "0": 0.9553657174110413,
            "1": 0.8845557570457458
        }
    }
}