{
    "confidence_score": 0.9516915678977966,
    "ptm": 0.9766479134559631,
    "iptm": 0.9427608847618103,
    "ligand_iptm": 0.9427608847618103,
    "protein_iptm": 0.0,
    "complex_plddt": 0.9539242386817932,
    "complex_iplddt": 0.9154810309410095,
    "complex_pde": 0.3114645183086395,
    "complex_ipde": 0.5143883228302002,
    "chains_ptm": {
        "0": 0.9833070039749146,
        "1": 0.9327421188354492
    },
    "pair_chains_iptm": {
        "0": {
            "0": 0.9833070039749146,
            "1": 0.7317907214164734
        },
        "1": {
            "0": 0.9427608847618103,
            "1": 0.9327421188354492
        }
    }
}