{
    "confidence_score": 0.894126832485199,
    "ptm": 0.8596062064170837,
    "iptm": 0.7799128890037537,
    "ligand_iptm": 0.7799128890037537,
    "protein_iptm": 0.0,
    "complex_plddt": 0.9226802587509155,
    "complex_iplddt": 0.8923452496528625,
    "complex_pde": 0.6060428619384766,
    "complex_ipde": 1.2898280620574951,
    "chains_ptm": {
        "0": 0.8815664052963257,
        "1": 0.8851079940795898
    },
    "pair_chains_iptm": {
        "0": {
            "0": 0.8815664052963257,
            "1": 0.41947561502456665
        },
        "1": {
            "0": 0.7799128890037537,
            "1": 0.8851079940795898
        }
    }
}