{
    "confidence_score": 0.9003540277481079,
    "ptm": 0.9337466359138489,
    "iptm": 0.8413195610046387,
    "ligand_iptm": 0.8413195610046387,
    "protein_iptm": 0.0,
    "complex_plddt": 0.9151126146316528,
    "complex_iplddt": 0.827185869216919,
    "complex_pde": 0.4874558746814728,
    "complex_ipde": 1.0310759544372559,
    "chains_ptm": {
        "0": 0.9704946875572205,
        "1": 0.8315474390983582
    },
    "pair_chains_iptm": {
        "0": {
            "0": 0.9704946875572205,
            "1": 0.5991005301475525
        },
        "1": {
            "0": 0.8413195610046387,
            "1": 0.8315474390983582
        }
    }
}