{
    "confidence_score": 0.921193540096283,
    "ptm": 0.9248121380805969,
    "iptm": 0.8438410758972168,
    "ligand_iptm": 0.8438410758972168,
    "protein_iptm": 0.0,
    "complex_plddt": 0.9405316114425659,
    "complex_iplddt": 0.8986368179321289,
    "complex_pde": 0.4887000322341919,
    "complex_ipde": 1.0308502912521362,
    "chains_ptm": {
        "0": 0.9435632228851318,
        "1": 0.885141134262085
    },
    "pair_chains_iptm": {
        "0": {
            "0": 0.9435632228851318,
            "1": 0.5271064043045044
        },
        "1": {
            "0": 0.8438410758972168,
            "1": 0.885141134262085
        }
    }
}