{
    "confidence_score": 0.8324068188667297,
    "ptm": 0.8634428977966309,
    "iptm": 0.6714327931404114,
    "ligand_iptm": 0.6714327931404114,
    "protein_iptm": 0.0,
    "complex_plddt": 0.8726502656936646,
    "complex_iplddt": 0.706146776676178,
    "complex_pde": 0.771930992603302,
    "complex_ipde": 1.8205252885818481,
    "chains_ptm": {
        "0": 0.9410472512245178,
        "1": 0.7072914838790894
    },
    "pair_chains_iptm": {
        "0": {
            "0": 0.9410472512245178,
            "1": 0.3723340332508087
        },
        "1": {
            "0": 0.6714327931404114,
            "1": 0.7072914838790894
        }
    }
}