{
    "affinity_pred_value": 1.0768663883209229,
    "affinity_probability_binary": 0.22380909323692322,
    "affinity_pred_value1": 1.4634753465652466,
    "affinity_probability_binary1": 0.07429631054401398,
    "affinity_pred_value2": 0.6902573704719543,
    "affinity_probability_binary2": 0.37332186102867126
}