{
    "affinity_pred_value": 2.070012092590332,
    "affinity_probability_binary": 0.15322838723659515,
    "affinity_pred_value1": 2.3144235610961914,
    "affinity_probability_binary1": 0.07563255727291107,
    "affinity_pred_value2": 1.8256008625030518,
    "affinity_probability_binary2": 0.23082421720027924
}