{
    "affinity_pred_value": 1.517844796180725,
    "affinity_probability_binary": 0.33222636580467224,
    "affinity_pred_value1": 1.259017825126648,
    "affinity_probability_binary1": 0.28397130966186523,
    "affinity_pred_value2": 1.7766717672348022,
    "affinity_probability_binary2": 0.38048142194747925
}