{
    "confidence_score": 0.929293155670166,
    "ptm": 0.9367199540138245,
    "iptm": 0.9136892557144165,
    "ligand_iptm": 0.9136892557144165,
    "protein_iptm": 0.0,
    "complex_plddt": 0.933194100856781,
    "complex_iplddt": 0.8425395488739014,
    "complex_pde": 0.3917309641838074,
    "complex_ipde": 0.6971996426582336,
    "chains_ptm": {
        "0": 0.9411646723747253,
        "1": 0.9236420392990112
    },
    "pair_chains_iptm": {
        "0": {
            "0": 0.9411646723747253,
            "1": 0.576388418674469
        },
        "1": {
            "0": 0.9136892557144165,
            "1": 0.9236420392990112
        }
    }
}