{
    "affinity_pred_value": 1.8895418643951416,
    "affinity_probability_binary": 0.4958093762397766,
    "affinity_pred_value1": 2.631369113922119,
    "affinity_probability_binary1": 0.5532650351524353,
    "affinity_pred_value2": 1.147714614868164,
    "affinity_probability_binary2": 0.43835368752479553
}