{
    "confidence_score": 0.9367733001708984,
    "ptm": 0.910112738609314,
    "iptm": 0.915508508682251,
    "ligand_iptm": 0.915508508682251,
    "protein_iptm": 0.0,
    "complex_plddt": 0.9420895576477051,
    "complex_iplddt": 0.9340825080871582,
    "complex_pde": 0.397417277097702,
    "complex_ipde": 0.5830647349357605,
    "chains_ptm": {
        "0": 0.9182624220848083,
        "1": 0.9145952463150024
    },
    "pair_chains_iptm": {
        "0": {
            "0": 0.9182624220848083,
            "1": 0.7487055063247681
        },
        "1": {
            "0": 0.915508508682251,
            "1": 0.9145952463150024
        }
    }
}