{
    "affinity_pred_value": 1.8031184673309326,
    "affinity_probability_binary": 0.16938164830207825,
    "affinity_pred_value1": 1.5173040628433228,
    "affinity_probability_binary1": 0.07298002392053604,
    "affinity_pred_value2": 2.088932991027832,
    "affinity_probability_binary2": 0.26578328013420105
}