{
    "affinity_pred_value": 1.1376285552978516,
    "affinity_probability_binary": 0.24436162412166595,
    "affinity_pred_value1": 1.434303641319275,
    "affinity_probability_binary1": 0.1264336109161377,
    "affinity_pred_value2": 0.840953528881073,
    "affinity_probability_binary2": 0.3622896373271942
}