{
    "confidence_score": 0.9296442866325378,
    "ptm": 0.916114091873169,
    "iptm": 0.8693681359291077,
    "ligand_iptm": 0.8693681359291077,
    "protein_iptm": 0.0,
    "complex_plddt": 0.944713294506073,
    "complex_iplddt": 0.8956779837608337,
    "complex_pde": 0.45673903822898865,
    "complex_ipde": 0.8721052408218384,
    "chains_ptm": {
        "0": 0.9308518171310425,
        "1": 0.898551344871521
    },
    "pair_chains_iptm": {
        "0": {
            "0": 0.9308518171310425,
            "1": 0.5278533101081848
        },
        "1": {
            "0": 0.8693681359291077,
            "1": 0.898551344871521
        }
    }
}