{
    "affinity_pred_value": 1.7204991579055786,
    "affinity_probability_binary": 0.10655198991298676,
    "affinity_pred_value1": 2.0686020851135254,
    "affinity_probability_binary1": 0.07518339157104492,
    "affinity_pred_value2": 1.3723962306976318,
    "affinity_probability_binary2": 0.1379205882549286
}