{
    "confidence_score": 0.8115257620811462,
    "ptm": 0.8760518431663513,
    "iptm": 0.6689061522483826,
    "ligand_iptm": 0.6689061522483826,
    "protein_iptm": 0.0,
    "complex_plddt": 0.8471806049346924,
    "complex_iplddt": 0.6907207369804382,
    "complex_pde": 0.8586618900299072,
    "complex_ipde": 2.014002799987793,
    "chains_ptm": {
        "0": 0.9471136331558228,
        "1": 0.6800957918167114
    },
    "pair_chains_iptm": {
        "0": {
            "0": 0.9471136331558228,
            "1": 0.2989155352115631
        },
        "1": {
            "0": 0.6689061522483826,
            "1": 0.6800957918167114
        }
    }
}