{
    "affinity_pred_value": 1.0903749465942383,
    "affinity_probability_binary": 0.10422129929065704,
    "affinity_pred_value1": 1.5494102239608765,
    "affinity_probability_binary1": 0.03838872164487839,
    "affinity_pred_value2": 0.6313397884368896,
    "affinity_probability_binary2": 0.1700538694858551
}