{
    "confidence_score": 0.954437255859375,
    "ptm": 0.9686753153800964,
    "iptm": 0.9253454208374023,
    "ligand_iptm": 0.9253454208374023,
    "protein_iptm": 0.0,
    "complex_plddt": 0.9617102742195129,
    "complex_iplddt": 0.9227651953697205,
    "complex_pde": 0.32771748304367065,
    "complex_ipde": 0.5785457491874695,
    "chains_ptm": {
        "0": 0.9796563982963562,
        "1": 0.9095585346221924
    },
    "pair_chains_iptm": {
        "0": {
            "0": 0.9796563982963562,
            "1": 0.6163733005523682
        },
        "1": {
            "0": 0.9253454208374023,
            "1": 0.9095585346221924
        }
    }
}