{
    "affinity_pred_value": 1.4190925359725952,
    "affinity_probability_binary": 0.20220398902893066,
    "affinity_pred_value1": 1.6648308038711548,
    "affinity_probability_binary1": 0.1196511909365654,
    "affinity_pred_value2": 1.1733542680740356,
    "affinity_probability_binary2": 0.28475677967071533
}