{
    "confidence_score": 0.9086416363716125,
    "ptm": 0.9242324829101562,
    "iptm": 0.865107536315918,
    "ligand_iptm": 0.865107536315918,
    "protein_iptm": 0.0,
    "complex_plddt": 0.9195252060890198,
    "complex_iplddt": 0.8134819865226746,
    "complex_pde": 0.4227626323699951,
    "complex_ipde": 0.8436199426651001,
    "chains_ptm": {
        "0": 0.9414631128311157,
        "1": 0.9089292287826538
    },
    "pair_chains_iptm": {
        "0": {
            "0": 0.9414631128311157,
            "1": 0.5329023599624634
        },
        "1": {
            "0": 0.865107536315918,
            "1": 0.9089292287826538
        }
    }
}