{
    "confidence_score": 0.9628809094429016,
    "ptm": 0.9846315979957581,
    "iptm": 0.9776729941368103,
    "ligand_iptm": 0.9776729941368103,
    "protein_iptm": 0.0,
    "complex_plddt": 0.959182858467102,
    "complex_iplddt": 0.9423497319221497,
    "complex_pde": 0.2730681002140045,
    "complex_ipde": 0.3416191339492798,
    "chains_ptm": {
        "0": 0.9872981905937195,
        "1": 0.9312196373939514
    },
    "pair_chains_iptm": {
        "0": {
            "0": 0.9872981905937195,
            "1": 0.7543096542358398
        },
        "1": {
            "0": 0.9776729941368103,
            "1": 0.9312196373939514
        }
    }
}