{
    "confidence_score": 0.97510826587677,
    "ptm": 0.9555785059928894,
    "iptm": 0.97508305311203,
    "ligand_iptm": 0.97508305311203,
    "protein_iptm": 0.0,
    "complex_plddt": 0.9751145839691162,
    "complex_iplddt": 0.979206383228302,
    "complex_pde": 0.31398043036460876,
    "complex_ipde": 0.36572158336639404,
    "chains_ptm": {
        "0": 0.952521800994873,
        "1": 0.9506471753120422
    },
    "pair_chains_iptm": {
        "0": {
            "0": 0.952521800994873,
            "1": 0.7625157833099365
        },
        "1": {
            "0": 0.97508305311203,
            "1": 0.9506471753120422
        }
    }
}