{
    "affinity_pred_value": 0.8705872893333435,
    "affinity_probability_binary": 0.34968024492263794,
    "affinity_pred_value1": 0.8732172846794128,
    "affinity_probability_binary1": 0.34975168108940125,
    "affinity_pred_value2": 0.8679572939872742,
    "affinity_probability_binary2": 0.34960877895355225
}