{
    "affinity_pred_value": 1.2960681915283203,
    "affinity_probability_binary": 0.2392001450061798,
    "affinity_pred_value1": 1.511680245399475,
    "affinity_probability_binary1": 0.17139394581317902,
    "affinity_pred_value2": 1.080456018447876,
    "affinity_probability_binary2": 0.3070063292980194
}