{
    "confidence_score": 0.8273839950561523,
    "ptm": 0.8950039148330688,
    "iptm": 0.8170797824859619,
    "ligand_iptm": 0.8170797824859619,
    "protein_iptm": 0.0,
    "complex_plddt": 0.8299600481987,
    "complex_iplddt": 0.7110111713409424,
    "complex_pde": 0.586499035358429,
    "complex_ipde": 1.134170651435852,
    "chains_ptm": {
        "0": 0.92889404296875,
        "1": 0.7935069799423218
    },
    "pair_chains_iptm": {
        "0": {
            "0": 0.92889404296875,
            "1": 0.5744361281394958
        },
        "1": {
            "0": 0.8170797824859619,
            "1": 0.7935069799423218
        }
    }
}