{
    "confidence_score": 0.8781183362007141,
    "ptm": 0.9079000353813171,
    "iptm": 0.8753548860549927,
    "ligand_iptm": 0.8753548860549927,
    "protein_iptm": 0.0,
    "complex_plddt": 0.8788092136383057,
    "complex_iplddt": 0.755674421787262,
    "complex_pde": 0.4881466031074524,
    "complex_ipde": 0.8306806087493896,
    "chains_ptm": {
        "0": 0.9246015548706055,
        "1": 0.8337182998657227
    },
    "pair_chains_iptm": {
        "0": {
            "0": 0.9246015548706055,
            "1": 0.5182854533195496
        },
        "1": {
            "0": 0.8753548860549927,
            "1": 0.8337182998657227
        }
    }
}