{
    "affinity_pred_value": 1.7095485925674438,
    "affinity_probability_binary": 0.16518759727478027,
    "affinity_pred_value1": 2.004469394683838,
    "affinity_probability_binary1": 0.05252930521965027,
    "affinity_pred_value2": 1.4146277904510498,
    "affinity_probability_binary2": 0.2778458893299103
}