{
    "confidence_score": 0.8007874488830566,
    "ptm": 0.9164053797721863,
    "iptm": 0.7082997560501099,
    "ligand_iptm": 0.7082997560501099,
    "protein_iptm": 0.0,
    "complex_plddt": 0.8239094018936157,
    "complex_iplddt": 0.3932015001773834,
    "complex_pde": 0.47357332706451416,
    "complex_ipde": 1.9209110736846924,
    "chains_ptm": {
        "0": 0.9645060896873474,
        "1": 0.907997727394104
    },
    "pair_chains_iptm": {
        "0": {
            "0": 0.9645060896873474,
            "1": 0.3240472376346588
        },
        "1": {
            "0": 0.7082997560501099,
            "1": 0.907997727394104
        }
    }
}