{
    "affinity_pred_value": 1.959047794342041,
    "affinity_probability_binary": 0.15060946345329285,
    "affinity_pred_value1": 1.7731212377548218,
    "affinity_probability_binary1": 0.11380131542682648,
    "affinity_pred_value2": 2.1449742317199707,
    "affinity_probability_binary2": 0.1874176263809204
}