{
    "confidence_score": 0.9290787577629089,
    "ptm": 0.946448028087616,
    "iptm": 0.8927670121192932,
    "ligand_iptm": 0.8927670121192932,
    "protein_iptm": 0.0,
    "complex_plddt": 0.9381567239761353,
    "complex_iplddt": 0.8488836884498596,
    "complex_pde": 0.3705424666404724,
    "complex_ipde": 0.6722783446311951,
    "chains_ptm": {
        "0": 0.9605648517608643,
        "1": 0.9228934645652771
    },
    "pair_chains_iptm": {
        "0": {
            "0": 0.9605648517608643,
            "1": 0.5542142987251282
        },
        "1": {
            "0": 0.8927670121192932,
            "1": 0.9228934645652771
        }
    }
}