{
    "confidence_score": 0.8437229990959167,
    "ptm": 0.8461098670959473,
    "iptm": 0.7385131120681763,
    "ligand_iptm": 0.7385131120681763,
    "protein_iptm": 0.0,
    "complex_plddt": 0.8700255155563354,
    "complex_iplddt": 0.7843071818351746,
    "complex_pde": 0.7776790261268616,
    "complex_ipde": 1.5098390579223633,
    "chains_ptm": {
        "0": 0.902559757232666,
        "1": 0.7057104110717773
    },
    "pair_chains_iptm": {
        "0": {
            "0": 0.902559757232666,
            "1": 0.3477332890033722
        },
        "1": {
            "0": 0.7385131120681763,
            "1": 0.7057104110717773
        }
    }
}