{
    "affinity_pred_value": 0.488268107175827,
    "affinity_probability_binary": 0.5259180068969727,
    "affinity_pred_value1": 0.6343144178390503,
    "affinity_probability_binary1": 0.606658935546875,
    "affinity_pred_value2": 0.34222179651260376,
    "affinity_probability_binary2": 0.4451770484447479
}