{
    "confidence_score": 0.9617658853530884,
    "ptm": 0.9548672437667847,
    "iptm": 0.9563477039337158,
    "ligand_iptm": 0.9563477039337158,
    "protein_iptm": 0.0,
    "complex_plddt": 0.9631204605102539,
    "complex_iplddt": 0.9575145840644836,
    "complex_pde": 0.356406569480896,
    "complex_ipde": 0.5079090595245361,
    "chains_ptm": {
        "0": 0.9545799493789673,
        "1": 0.8609394431114197
    },
    "pair_chains_iptm": {
        "0": {
            "0": 0.9545799493789673,
            "1": 0.6165737509727478
        },
        "1": {
            "0": 0.9563477039337158,
            "1": 0.8609394431114197
        }
    }
}