{
    "affinity_pred_value": 1.5622202157974243,
    "affinity_probability_binary": 0.16214731335639954,
    "affinity_pred_value1": 1.5073001384735107,
    "affinity_probability_binary1": 0.10364104062318802,
    "affinity_pred_value2": 1.617140293121338,
    "affinity_probability_binary2": 0.22065359354019165
}