{
    "confidence_score": 0.9085133671760559,
    "ptm": 0.9465559124946594,
    "iptm": 0.870550274848938,
    "ligand_iptm": 0.870550274848938,
    "protein_iptm": 0.0,
    "complex_plddt": 0.9180041551589966,
    "complex_iplddt": 0.8417028188705444,
    "complex_pde": 0.38490089774131775,
    "complex_ipde": 0.824397087097168,
    "chains_ptm": {
        "0": 0.9669803380966187,
        "1": 0.8966558575630188
    },
    "pair_chains_iptm": {
        "0": {
            "0": 0.9669803380966187,
            "1": 0.5289704203605652
        },
        "1": {
            "0": 0.870550274848938,
            "1": 0.8966558575630188
        }
    }
}