{
    "affinity_pred_value": 1.01784348487854,
    "affinity_probability_binary": 0.14574649930000305,
    "affinity_pred_value1": 1.0406055450439453,
    "affinity_probability_binary1": 0.08182848989963531,
    "affinity_pred_value2": 0.9950813055038452,
    "affinity_probability_binary2": 0.2096645087003708
}