{
    "confidence_score": 0.8955777287483215,
    "ptm": 0.9502540230751038,
    "iptm": 0.8573858737945557,
    "ligand_iptm": 0.8573858737945557,
    "protein_iptm": 0.0,
    "complex_plddt": 0.9051256775856018,
    "complex_iplddt": 0.7607667446136475,
    "complex_pde": 0.4349786341190338,
    "complex_ipde": 0.8622725605964661,
    "chains_ptm": {
        "0": 0.9803981781005859,
        "1": 0.8161890506744385
    },
    "pair_chains_iptm": {
        "0": {
            "0": 0.9803981781005859,
            "1": 0.5517972707748413
        },
        "1": {
            "0": 0.8573858737945557,
            "1": 0.8161890506744385
        }
    }
}