{
    "confidence_score": 0.916690468788147,
    "ptm": 0.9274601936340332,
    "iptm": 0.900747537612915,
    "ligand_iptm": 0.900747537612915,
    "protein_iptm": 0.0,
    "complex_plddt": 0.9206761121749878,
    "complex_iplddt": 0.8673890829086304,
    "complex_pde": 0.4257569909095764,
    "complex_ipde": 0.7585089802742004,
    "chains_ptm": {
        "0": 0.9329317212104797,
        "1": 0.8343197703361511
    },
    "pair_chains_iptm": {
        "0": {
            "0": 0.9329317212104797,
            "1": 0.501530647277832
        },
        "1": {
            "0": 0.900747537612915,
            "1": 0.8343197703361511
        }
    }
}