{
    "affinity_pred_value": 1.2428920269012451,
    "affinity_probability_binary": 0.10670487582683563,
    "affinity_pred_value1": 1.17178475856781,
    "affinity_probability_binary1": 0.04766235128045082,
    "affinity_pred_value2": 1.3139991760253906,
    "affinity_probability_binary2": 0.16574740409851074
}