{
    "confidence_score": 0.9256316423416138,
    "ptm": 0.9623823761940002,
    "iptm": 0.8867385387420654,
    "ligand_iptm": 0.8867385387420654,
    "protein_iptm": 0.0,
    "complex_plddt": 0.9353548884391785,
    "complex_iplddt": 0.8670491576194763,
    "complex_pde": 0.3636011481285095,
    "complex_ipde": 0.8998880982398987,
    "chains_ptm": {
        "0": 0.9738840460777283,
        "1": 0.9226216077804565
    },
    "pair_chains_iptm": {
        "0": {
            "0": 0.9738840460777283,
            "1": 0.48243042826652527
        },
        "1": {
            "0": 0.8867385387420654,
            "1": 0.9226216077804565
        }
    }
}