{
    "affinity_pred_value": 1.5748858451843262,
    "affinity_probability_binary": 0.24429374933242798,
    "affinity_pred_value1": 1.696233868598938,
    "affinity_probability_binary1": 0.30178332328796387,
    "affinity_pred_value2": 1.453537940979004,
    "affinity_probability_binary2": 0.1868041604757309
}