{
    "affinity_pred_value": 1.4005404710769653,
    "affinity_probability_binary": 0.40991151332855225,
    "affinity_pred_value1": 1.3574180603027344,
    "affinity_probability_binary1": 0.48736655712127686,
    "affinity_pred_value2": 1.4436628818511963,
    "affinity_probability_binary2": 0.33245649933815
}