{
    "affinity_pred_value": 1.705371379852295,
    "affinity_probability_binary": 0.15411213040351868,
    "affinity_pred_value1": 1.8254891633987427,
    "affinity_probability_binary1": 0.10752187669277191,
    "affinity_pred_value2": 1.5852537155151367,
    "affinity_probability_binary2": 0.20070238411426544
}