{
    "affinity_pred_value": 0.770653247833252,
    "affinity_probability_binary": 0.31515929102897644,
    "affinity_pred_value1": 0.8952791690826416,
    "affinity_probability_binary1": 0.26722604036331177,
    "affinity_pred_value2": 0.6460272669792175,
    "affinity_probability_binary2": 0.3630925416946411
}