{
    "confidence_score": 0.8141924142837524,
    "ptm": 0.9349269866943359,
    "iptm": 0.8419991135597229,
    "ligand_iptm": 0.8419991135597229,
    "protein_iptm": 0.0,
    "complex_plddt": 0.8072407245635986,
    "complex_iplddt": 0.4782431423664093,
    "complex_pde": 0.4523254334926605,
    "complex_ipde": 1.2844351530075073,
    "chains_ptm": {
        "0": 0.9591390490531921,
        "1": 0.8428573608398438
    },
    "pair_chains_iptm": {
        "0": {
            "0": 0.9591390490531921,
            "1": 0.5048699378967285
        },
        "1": {
            "0": 0.8419991135597229,
            "1": 0.8428573608398438
        }
    }
}