{
    "affinity_pred_value": 1.1772584915161133,
    "affinity_probability_binary": 0.2031651735305786,
    "affinity_pred_value1": 1.4399291276931763,
    "affinity_probability_binary1": 0.10672936588525772,
    "affinity_pred_value2": 0.9145877957344055,
    "affinity_probability_binary2": 0.2996009886264801
}