{
    "confidence_score": 0.9598318338394165,
    "ptm": 0.9436213970184326,
    "iptm": 0.9525892734527588,
    "ligand_iptm": 0.9525892734527588,
    "protein_iptm": 0.0,
    "complex_plddt": 0.9616423845291138,
    "complex_iplddt": 0.954933762550354,
    "complex_pde": 0.33440497517585754,
    "complex_ipde": 0.4780241549015045,
    "chains_ptm": {
        "0": 0.941734790802002,
        "1": 0.9202679991722107
    },
    "pair_chains_iptm": {
        "0": {
            "0": 0.941734790802002,
            "1": 0.7120795249938965
        },
        "1": {
            "0": 0.9525892734527588,
            "1": 0.9202679991722107
        }
    }
}