{
    "confidence_score": 0.9053043723106384,
    "ptm": 0.9209133982658386,
    "iptm": 0.7426961660385132,
    "ligand_iptm": 0.7426961660385132,
    "protein_iptm": 0.0,
    "complex_plddt": 0.9459564089775085,
    "complex_iplddt": 0.8551459312438965,
    "complex_pde": 0.57124263048172,
    "complex_ipde": 1.940213918685913,
    "chains_ptm": {
        "0": 0.9516961574554443,
        "1": 0.9022650718688965
    },
    "pair_chains_iptm": {
        "0": {
            "0": 0.9516961574554443,
            "1": 0.34538915753364563
        },
        "1": {
            "0": 0.7426961660385132,
            "1": 0.9022650718688965
        }
    }
}