{
    "confidence_score": 0.9100044369697571,
    "ptm": 0.9334558844566345,
    "iptm": 0.8828850388526917,
    "ligand_iptm": 0.8828850388526917,
    "protein_iptm": 0.0,
    "complex_plddt": 0.9167842268943787,
    "complex_iplddt": 0.8607956171035767,
    "complex_pde": 0.461332231760025,
    "complex_ipde": 0.7586492896080017,
    "chains_ptm": {
        "0": 0.9530465006828308,
        "1": 0.8404824733734131
    },
    "pair_chains_iptm": {
        "0": {
            "0": 0.9530465006828308,
            "1": 0.5078568458557129
        },
        "1": {
            "0": 0.8828850388526917,
            "1": 0.8404824733734131
        }
    }
}