{
    "confidence_score": 0.9255964159965515,
    "ptm": 0.9222737550735474,
    "iptm": 0.8653744459152222,
    "ligand_iptm": 0.8653744459152222,
    "protein_iptm": 0.0,
    "complex_plddt": 0.9406519532203674,
    "complex_iplddt": 0.8895236253738403,
    "complex_pde": 0.5296041369438171,
    "complex_ipde": 0.8574461340904236,
    "chains_ptm": {
        "0": 0.9386520981788635,
        "1": 0.7937297821044922
    },
    "pair_chains_iptm": {
        "0": {
            "0": 0.9386520981788635,
            "1": 0.5086779594421387
        },
        "1": {
            "0": 0.8653744459152222,
            "1": 0.7937297821044922
        }
    }
}