{
    "confidence_score": 0.9761542677879333,
    "ptm": 0.9542673826217651,
    "iptm": 0.9707782864570618,
    "ligand_iptm": 0.9707782864570618,
    "protein_iptm": 0.0,
    "complex_plddt": 0.9774981737136841,
    "complex_iplddt": 0.9798033833503723,
    "complex_pde": 0.3221726715564728,
    "complex_ipde": 0.36370715498924255,
    "chains_ptm": {
        "0": 0.9519128203392029,
        "1": 0.9329996705055237
    },
    "pair_chains_iptm": {
        "0": {
            "0": 0.9519128203392029,
            "1": 0.7980654239654541
        },
        "1": {
            "0": 0.9707782864570618,
            "1": 0.9329996705055237
        }
    }
}