{
    "affinity_pred_value": 1.0524955987930298,
    "affinity_probability_binary": 0.4360458254814148,
    "affinity_pred_value1": 1.0097033977508545,
    "affinity_probability_binary1": 0.45572417974472046,
    "affinity_pred_value2": 1.095287799835205,
    "affinity_probability_binary2": 0.41636747121810913
}