{
    "confidence_score": 0.8944082260131836,
    "ptm": 0.9123895764350891,
    "iptm": 0.7899940013885498,
    "ligand_iptm": 0.7899940013885498,
    "protein_iptm": 0.0,
    "complex_plddt": 0.920511782169342,
    "complex_iplddt": 0.8581371307373047,
    "complex_pde": 0.59730464220047,
    "complex_ipde": 1.2773512601852417,
    "chains_ptm": {
        "0": 0.9417632222175598,
        "1": 0.785230278968811
    },
    "pair_chains_iptm": {
        "0": {
            "0": 0.9417632222175598,
            "1": 0.38984164595603943
        },
        "1": {
            "0": 0.7899940013885498,
            "1": 0.785230278968811
        }
    }
}