{
    "affinity_pred_value": -0.09193284064531326,
    "affinity_probability_binary": 0.5893423557281494,
    "affinity_pred_value1": -0.18797630071640015,
    "affinity_probability_binary1": 0.7057167291641235,
    "affinity_pred_value2": 0.004110623151063919,
    "affinity_probability_binary2": 0.4729680120944977
}