{
    "affinity_pred_value": 1.4285136461257935,
    "affinity_probability_binary": 0.1854972243309021,
    "affinity_pred_value1": 1.2109569311141968,
    "affinity_probability_binary1": 0.13896724581718445,
    "affinity_pred_value2": 1.6460703611373901,
    "affinity_probability_binary2": 0.23202721774578094
}