{
    "confidence_score": 0.9285295605659485,
    "ptm": 0.9318401217460632,
    "iptm": 0.8601468205451965,
    "ligand_iptm": 0.8601468205451965,
    "protein_iptm": 0.0,
    "complex_plddt": 0.9456251859664917,
    "complex_iplddt": 0.9195166230201721,
    "complex_pde": 0.42557182908058167,
    "complex_ipde": 0.8303460478782654,
    "chains_ptm": {
        "0": 0.9491418600082397,
        "1": 0.8974747061729431
    },
    "pair_chains_iptm": {
        "0": {
            "0": 0.9491418600082397,
            "1": 0.45788872241973877
        },
        "1": {
            "0": 0.8601468205451965,
            "1": 0.8974747061729431
        }
    }
}