{
    "affinity_pred_value": 0.7227776050567627,
    "affinity_probability_binary": 0.2186945080757141,
    "affinity_pred_value1": 1.0153180360794067,
    "affinity_probability_binary1": 0.21568967401981354,
    "affinity_pred_value2": 0.4302371144294739,
    "affinity_probability_binary2": 0.22169934213161469
}