{
    "affinity_pred_value": 1.1750879287719727,
    "affinity_probability_binary": 0.21375519037246704,
    "affinity_pred_value1": 1.2248059511184692,
    "affinity_probability_binary1": 0.20660363137722015,
    "affinity_pred_value2": 1.1253700256347656,
    "affinity_probability_binary2": 0.22090673446655273
}