{
    "confidence_score": 0.8553904891014099,
    "ptm": 0.9401036500930786,
    "iptm": 0.8905361294746399,
    "ligand_iptm": 0.8905361294746399,
    "protein_iptm": 0.0,
    "complex_plddt": 0.8466039896011353,
    "complex_iplddt": 0.6331655979156494,
    "complex_pde": 0.3812499940395355,
    "complex_ipde": 0.6731521487236023,
    "chains_ptm": {
        "0": 0.9616370797157288,
        "1": 0.8189914226531982
    },
    "pair_chains_iptm": {
        "0": {
            "0": 0.9616370797157288,
            "1": 0.42639097571372986
        },
        "1": {
            "0": 0.8905361294746399,
            "1": 0.8189914226531982
        }
    }
}