{
    "confidence_score": 0.9437726140022278,
    "ptm": 0.9687938690185547,
    "iptm": 0.9482284188270569,
    "ligand_iptm": 0.9482284188270569,
    "protein_iptm": 0.0,
    "complex_plddt": 0.9426586031913757,
    "complex_iplddt": 0.9054611921310425,
    "complex_pde": 0.3289797306060791,
    "complex_ipde": 0.4683503806591034,
    "chains_ptm": {
        "0": 0.9774180054664612,
        "1": 0.8772020936012268
    },
    "pair_chains_iptm": {
        "0": {
            "0": 0.9774180054664612,
            "1": 0.5298221111297607
        },
        "1": {
            "0": 0.9482284188270569,
            "1": 0.8772020936012268
        }
    }
}