{
    "confidence_score": 0.841609001159668,
    "ptm": 0.9351609945297241,
    "iptm": 0.823874294757843,
    "ligand_iptm": 0.823874294757843,
    "protein_iptm": 0.0,
    "complex_plddt": 0.8460426330566406,
    "complex_iplddt": 0.6256872415542603,
    "complex_pde": 0.496451735496521,
    "complex_ipde": 1.263434648513794,
    "chains_ptm": {
        "0": 0.9597423076629639,
        "1": 0.8975801467895508
    },
    "pair_chains_iptm": {
        "0": {
            "0": 0.9597423076629639,
            "1": 0.48953405022621155
        },
        "1": {
            "0": 0.823874294757843,
            "1": 0.8975801467895508
        }
    }
}