{
    "affinity_pred_value": 1.6261036396026611,
    "affinity_probability_binary": 0.1535237580537796,
    "affinity_pred_value1": 1.5111225843429565,
    "affinity_probability_binary1": 0.13074404001235962,
    "affinity_pred_value2": 1.7410848140716553,
    "affinity_probability_binary2": 0.17630347609519958
}