{
    "confidence_score": 0.9549131393432617,
    "ptm": 0.9761781692504883,
    "iptm": 0.9814271330833435,
    "ligand_iptm": 0.9814271330833435,
    "protein_iptm": 0.0,
    "complex_plddt": 0.9482846260070801,
    "complex_iplddt": 0.9207677841186523,
    "complex_pde": 0.3285950720310211,
    "complex_ipde": 0.45904967188835144,
    "chains_ptm": {
        "0": 0.9759018421173096,
        "1": 0.9685782194137573
    },
    "pair_chains_iptm": {
        "0": {
            "0": 0.9759018421173096,
            "1": 0.7965409755706787
        },
        "1": {
            "0": 0.9814271330833435,
            "1": 0.9685782194137573
        }
    }
}