{
    "affinity_pred_value": 0.5752912759780884,
    "affinity_probability_binary": 0.6829099655151367,
    "affinity_pred_value1": 1.4926961660385132,
    "affinity_probability_binary1": 0.5287834405899048,
    "affinity_pred_value2": -0.34211355447769165,
    "affinity_probability_binary2": 0.8370365500450134
}