{
    "affinity_pred_value": 1.1256510019302368,
    "affinity_probability_binary": 0.48542672395706177,
    "affinity_pred_value1": 0.7347354888916016,
    "affinity_probability_binary1": 0.6243953108787537,
    "affinity_pred_value2": 1.516566514968872,
    "affinity_probability_binary2": 0.3464581072330475
}