{
    "affinity_pred_value": 1.5827043056488037,
    "affinity_probability_binary": 0.1392991989850998,
    "affinity_pred_value1": 1.4272898435592651,
    "affinity_probability_binary1": 0.07609999924898148,
    "affinity_pred_value2": 1.7381186485290527,
    "affinity_probability_binary2": 0.2024984061717987
}