{
    "confidence_score": 0.8288193941116333,
    "ptm": 0.9160822033882141,
    "iptm": 0.679672122001648,
    "ligand_iptm": 0.679672122001648,
    "protein_iptm": 0.0,
    "complex_plddt": 0.8661061525344849,
    "complex_iplddt": 0.5188351273536682,
    "complex_pde": 0.6525281071662903,
    "complex_ipde": 2.798612594604492,
    "chains_ptm": {
        "0": 0.9690051674842834,
        "1": 0.8255323171615601
    },
    "pair_chains_iptm": {
        "0": {
            "0": 0.9690051674842834,
            "1": 0.2973249852657318
        },
        "1": {
            "0": 0.679672122001648,
            "1": 0.8255323171615601
        }
    }
}