{
    "confidence_score": 0.9281815886497498,
    "ptm": 0.9280896782875061,
    "iptm": 0.8339452743530273,
    "ligand_iptm": 0.8339452743530273,
    "protein_iptm": 0.0,
    "complex_plddt": 0.9517406225204468,
    "complex_iplddt": 0.904792845249176,
    "complex_pde": 0.5046351552009583,
    "complex_ipde": 1.1650489568710327,
    "chains_ptm": {
        "0": 0.9472106099128723,
        "1": 0.8941627144813538
    },
    "pair_chains_iptm": {
        "0": {
            "0": 0.9472106099128723,
            "1": 0.4704633951187134
        },
        "1": {
            "0": 0.8339452743530273,
            "1": 0.8941627144813538
        }
    }
}