{
    "confidence_score": 0.9142904281616211,
    "ptm": 0.946702778339386,
    "iptm": 0.8945828080177307,
    "ligand_iptm": 0.8945828080177307,
    "protein_iptm": 0.0,
    "complex_plddt": 0.9192172884941101,
    "complex_iplddt": 0.7910324931144714,
    "complex_pde": 0.42104876041412354,
    "complex_ipde": 0.8927958011627197,
    "chains_ptm": {
        "0": 0.9559269547462463,
        "1": 0.9114437699317932
    },
    "pair_chains_iptm": {
        "0": {
            "0": 0.9559269547462463,
            "1": 0.5231651067733765
        },
        "1": {
            "0": 0.8945828080177307,
            "1": 0.9114437699317932
        }
    }
}