{
    "affinity_pred_value": 1.3865036964416504,
    "affinity_probability_binary": 0.15229849517345428,
    "affinity_pred_value1": 1.1286431550979614,
    "affinity_probability_binary1": 0.12373156100511551,
    "affinity_pred_value2": 1.644364356994629,
    "affinity_probability_binary2": 0.18086542189121246
}