{
    "affinity_pred_value": 0.9055312871932983,
    "affinity_probability_binary": 0.36732935905456543,
    "affinity_pred_value1": 0.9296468496322632,
    "affinity_probability_binary1": 0.3072936236858368,
    "affinity_pred_value2": 0.8814157843589783,
    "affinity_probability_binary2": 0.4273650646209717
}