{
    "confidence_score": 0.9548473358154297,
    "ptm": 0.9503692388534546,
    "iptm": 0.943731963634491,
    "ligand_iptm": 0.943731963634491,
    "protein_iptm": 0.0,
    "complex_plddt": 0.9576261639595032,
    "complex_iplddt": 0.9420907497406006,
    "complex_pde": 0.38288572430610657,
    "complex_ipde": 0.5699425339698792,
    "chains_ptm": {
        "0": 0.9515715837478638,
        "1": 0.9136937856674194
    },
    "pair_chains_iptm": {
        "0": {
            "0": 0.9515715837478638,
            "1": 0.6516637802124023
        },
        "1": {
            "0": 0.943731963634491,
            "1": 0.9136937856674194
        }
    }
}