{
    "confidence_score": 0.9133561253547668,
    "ptm": 0.9669243693351746,
    "iptm": 0.8982218503952026,
    "ligand_iptm": 0.8982218503952026,
    "protein_iptm": 0.0,
    "complex_plddt": 0.9171396493911743,
    "complex_iplddt": 0.7939792275428772,
    "complex_pde": 0.35793906450271606,
    "complex_ipde": 0.7497473359107971,
    "chains_ptm": {
        "0": 0.9802923798561096,
        "1": 0.9114300012588501
    },
    "pair_chains_iptm": {
        "0": {
            "0": 0.9802923798561096,
            "1": 0.5635348558425903
        },
        "1": {
            "0": 0.8982218503952026,
            "1": 0.9114300012588501
        }
    }
}