{
    "affinity_pred_value": 0.8575807809829712,
    "affinity_probability_binary": 0.37915152311325073,
    "affinity_pred_value1": 1.0988582372665405,
    "affinity_probability_binary1": 0.37088489532470703,
    "affinity_pred_value2": 0.6163032650947571,
    "affinity_probability_binary2": 0.38741812109947205
}