{
    "confidence_score": 0.9604275822639465,
    "ptm": 0.9612941145896912,
    "iptm": 0.9470044374465942,
    "ligand_iptm": 0.9470044374465942,
    "protein_iptm": 0.0,
    "complex_plddt": 0.963783323764801,
    "complex_iplddt": 0.9555459022521973,
    "complex_pde": 0.34340861439704895,
    "complex_ipde": 0.4545147716999054,
    "chains_ptm": {
        "0": 0.9651557207107544,
        "1": 0.8755817413330078
    },
    "pair_chains_iptm": {
        "0": {
            "0": 0.9651557207107544,
            "1": 0.6403847336769104
        },
        "1": {
            "0": 0.9470044374465942,
            "1": 0.8755817413330078
        }
    }
}