{
    "affinity_pred_value": 0.9743356704711914,
    "affinity_probability_binary": 0.15135826170444489,
    "affinity_pred_value1": 1.348253607749939,
    "affinity_probability_binary1": 0.1780763566493988,
    "affinity_pred_value2": 0.6004177927970886,
    "affinity_probability_binary2": 0.12464015930891037
}