{
    "affinity_pred_value": 0.9612593650817871,
    "affinity_probability_binary": 0.7587393522262573,
    "affinity_pred_value1": 1.132076621055603,
    "affinity_probability_binary1": 0.7212032079696655,
    "affinity_pred_value2": 0.7904420495033264,
    "affinity_probability_binary2": 0.7962754964828491
}