{
    "affinity_pred_value": 1.1831159591674805,
    "affinity_probability_binary": 0.43019652366638184,
    "affinity_pred_value1": 1.0944397449493408,
    "affinity_probability_binary1": 0.3968343436717987,
    "affinity_pred_value2": 1.2717921733856201,
    "affinity_probability_binary2": 0.4635586738586426
}