{
    "affinity_pred_value": 0.6753095388412476,
    "affinity_probability_binary": 0.19893234968185425,
    "affinity_pred_value1": 0.749396562576294,
    "affinity_probability_binary1": 0.13841353356838226,
    "affinity_pred_value2": 0.601222574710846,
    "affinity_probability_binary2": 0.2594511806964874
}