{
    "confidence_score": 0.942202091217041,
    "ptm": 0.9412986636161804,
    "iptm": 0.8780101537704468,
    "ligand_iptm": 0.8780101537704468,
    "protein_iptm": 0.0,
    "complex_plddt": 0.9582500457763672,
    "complex_iplddt": 0.9410549402236938,
    "complex_pde": 0.42510029673576355,
    "complex_ipde": 0.8488293886184692,
    "chains_ptm": {
        "0": 0.9532041549682617,
        "1": 0.9048430323600769
    },
    "pair_chains_iptm": {
        "0": {
            "0": 0.9532041549682617,
            "1": 0.5120538473129272
        },
        "1": {
            "0": 0.8780101537704468,
            "1": 0.9048430323600769
        }
    }
}