{
    "affinity_pred_value": 0.9335112571716309,
    "affinity_probability_binary": 0.17720675468444824,
    "affinity_pred_value1": 1.1731516122817993,
    "affinity_probability_binary1": 0.09730903059244156,
    "affinity_pred_value2": 0.6938709020614624,
    "affinity_probability_binary2": 0.2571044862270355
}