{
    "confidence_score": 0.9672569632530212,
    "ptm": 0.949894368648529,
    "iptm": 0.9490841031074524,
    "ligand_iptm": 0.9490841031074524,
    "protein_iptm": 0.0,
    "complex_plddt": 0.9718000888824463,
    "complex_iplddt": 0.9560577273368835,
    "complex_pde": 0.3513661324977875,
    "complex_ipde": 0.5574200749397278,
    "chains_ptm": {
        "0": 0.9505422711372375,
        "1": 0.9244711399078369
    },
    "pair_chains_iptm": {
        "0": {
            "0": 0.9505422711372375,
            "1": 0.6892185807228088
        },
        "1": {
            "0": 0.9490841031074524,
            "1": 0.9244711399078369
        }
    }
}