{
    "confidence_score": 0.9747293591499329,
    "ptm": 0.9676402807235718,
    "iptm": 0.9679123163223267,
    "ligand_iptm": 0.9679123163223267,
    "protein_iptm": 0.0,
    "complex_plddt": 0.9764336347579956,
    "complex_iplddt": 0.9794261455535889,
    "complex_pde": 0.31041818857192993,
    "complex_ipde": 0.4129406809806824,
    "chains_ptm": {
        "0": 0.9676141738891602,
        "1": 0.9255980849266052
    },
    "pair_chains_iptm": {
        "0": {
            "0": 0.9676141738891602,
            "1": 0.7431833148002625
        },
        "1": {
            "0": 0.9679123163223267,
            "1": 0.9255980849266052
        }
    }
}