{
    "affinity_pred_value": 1.5175960063934326,
    "affinity_probability_binary": 0.20960436761379242,
    "affinity_pred_value1": 1.5094140768051147,
    "affinity_probability_binary1": 0.12427691370248795,
    "affinity_pred_value2": 1.52577805519104,
    "affinity_probability_binary2": 0.2949318289756775
}