{
    "confidence_score": 0.9283257722854614,
    "ptm": 0.9381811618804932,
    "iptm": 0.9057675004005432,
    "ligand_iptm": 0.9057675004005432,
    "protein_iptm": 0.0,
    "complex_plddt": 0.933965265750885,
    "complex_iplddt": 0.9083606600761414,
    "complex_pde": 0.49577391147613525,
    "complex_ipde": 0.7592395544052124,
    "chains_ptm": {
        "0": 0.9489940404891968,
        "1": 0.8699936270713806
    },
    "pair_chains_iptm": {
        "0": {
            "0": 0.9489940404891968,
            "1": 0.672408401966095
        },
        "1": {
            "0": 0.9057675004005432,
            "1": 0.8699936270713806
        }
    }
}