{
    "confidence_score": 0.9052155613899231,
    "ptm": 0.9236932992935181,
    "iptm": 0.7743688821792603,
    "ligand_iptm": 0.7743688821792603,
    "protein_iptm": 0.0,
    "complex_plddt": 0.9379271864891052,
    "complex_iplddt": 0.852304995059967,
    "complex_pde": 0.5091089010238647,
    "complex_ipde": 1.2121543884277344,
    "chains_ptm": {
        "0": 0.9696509838104248,
        "1": 0.7708430886268616
    },
    "pair_chains_iptm": {
        "0": {
            "0": 0.9696509838104248,
            "1": 0.32698744535446167
        },
        "1": {
            "0": 0.7743688821792603,
            "1": 0.7708430886268616
        }
    }
}