{
    "affinity_pred_value": 0.8133624196052551,
    "affinity_probability_binary": 0.3522379398345947,
    "affinity_pred_value1": 0.4100269079208374,
    "affinity_probability_binary1": 0.4056655168533325,
    "affinity_pred_value2": 1.2166979312896729,
    "affinity_probability_binary2": 0.29881033301353455
}