{
    "affinity_pred_value": 1.2847440242767334,
    "affinity_probability_binary": 0.2850501239299774,
    "affinity_pred_value1": 1.0329169034957886,
    "affinity_probability_binary1": 0.356293261051178,
    "affinity_pred_value2": 1.5365711450576782,
    "affinity_probability_binary2": 0.21380700170993805
}