{
    "confidence_score": 0.8727645874023438,
    "ptm": 0.9347513318061829,
    "iptm": 0.8747474551200867,
    "ligand_iptm": 0.8747474551200867,
    "protein_iptm": 0.0,
    "complex_plddt": 0.8722688555717468,
    "complex_iplddt": 0.7186191082000732,
    "complex_pde": 0.4852582812309265,
    "complex_ipde": 0.9637411236763,
    "chains_ptm": {
        "0": 0.9538031816482544,
        "1": 0.9136106371879578
    },
    "pair_chains_iptm": {
        "0": {
            "0": 0.9538031816482544,
            "1": 0.524705171585083
        },
        "1": {
            "0": 0.8747474551200867,
            "1": 0.9136106371879578
        }
    }
}