{
    "confidence_score": 0.966391384601593,
    "ptm": 0.9731965065002441,
    "iptm": 0.981421709060669,
    "ligand_iptm": 0.981421709060669,
    "protein_iptm": 0.0,
    "complex_plddt": 0.9626337885856628,
    "complex_iplddt": 0.9482902884483337,
    "complex_pde": 0.2990332245826721,
    "complex_ipde": 0.34430766105651855,
    "chains_ptm": {
        "0": 0.9725492000579834,
        "1": 0.971824586391449
    },
    "pair_chains_iptm": {
        "0": {
            "0": 0.9725492000579834,
            "1": 0.7800800800323486
        },
        "1": {
            "0": 0.981421709060669,
            "1": 0.971824586391449
        }
    }
}