{
    "confidence_score": 0.9554252624511719,
    "ptm": 0.9584447741508484,
    "iptm": 0.9344894289970398,
    "ligand_iptm": 0.9344894289970398,
    "protein_iptm": 0.0,
    "complex_plddt": 0.9606592655181885,
    "complex_iplddt": 0.9356434941291809,
    "complex_pde": 0.3636268675327301,
    "complex_ipde": 0.5658289790153503,
    "chains_ptm": {
        "0": 0.9630242586135864,
        "1": 0.8430961966514587
    },
    "pair_chains_iptm": {
        "0": {
            "0": 0.9630242586135864,
            "1": 0.5353066921234131
        },
        "1": {
            "0": 0.9344894289970398,
            "1": 0.8430961966514587
        }
    }
}