{
    "affinity_pred_value": 1.0726019144058228,
    "affinity_probability_binary": 0.38742494583129883,
    "affinity_pred_value1": 1.0269017219543457,
    "affinity_probability_binary1": 0.4028652012348175,
    "affinity_pred_value2": 1.1183021068572998,
    "affinity_probability_binary2": 0.37198466062545776
}