{
    "confidence_score": 0.910875141620636,
    "ptm": 0.9653558135032654,
    "iptm": 0.8979376554489136,
    "ligand_iptm": 0.8979376554489136,
    "protein_iptm": 0.0,
    "complex_plddt": 0.914109468460083,
    "complex_iplddt": 0.7629004716873169,
    "complex_pde": 0.3663839101791382,
    "complex_ipde": 0.6986848711967468,
    "chains_ptm": {
        "0": 0.9786968231201172,
        "1": 0.848376452922821
    },
    "pair_chains_iptm": {
        "0": {
            "0": 0.9786968231201172,
            "1": 0.48822206258773804
        },
        "1": {
            "0": 0.8979376554489136,
            "1": 0.848376452922821
        }
    }
}