{
    "confidence_score": 0.8341323137283325,
    "ptm": 0.9174751043319702,
    "iptm": 0.7438055872917175,
    "ligand_iptm": 0.7438055872917175,
    "protein_iptm": 0.0,
    "complex_plddt": 0.8567140102386475,
    "complex_iplddt": 0.618502676486969,
    "complex_pde": 0.5524449348449707,
    "complex_ipde": 2.0321590900421143,
    "chains_ptm": {
        "0": 0.9628812670707703,
        "1": 0.8121744990348816
    },
    "pair_chains_iptm": {
        "0": {
            "0": 0.9628812670707703,
            "1": 0.31322410702705383
        },
        "1": {
            "0": 0.7438055872917175,
            "1": 0.8121744990348816
        }
    }
}