{
    "confidence_score": 0.9319993853569031,
    "ptm": 0.9270386099815369,
    "iptm": 0.8942202925682068,
    "ligand_iptm": 0.8942202925682068,
    "protein_iptm": 0.0,
    "complex_plddt": 0.9414441585540771,
    "complex_iplddt": 0.8965020179748535,
    "complex_pde": 0.4419092535972595,
    "complex_ipde": 0.7325700521469116,
    "chains_ptm": {
        "0": 0.9405792951583862,
        "1": 0.8345916271209717
    },
    "pair_chains_iptm": {
        "0": {
            "0": 0.9405792951583862,
            "1": 0.526756763458252
        },
        "1": {
            "0": 0.8942202925682068,
            "1": 0.8345916271209717
        }
    }
}