{
    "confidence_score": 0.9646520018577576,
    "ptm": 0.9536332488059998,
    "iptm": 0.969989538192749,
    "ligand_iptm": 0.969989538192749,
    "protein_iptm": 0.0,
    "complex_plddt": 0.9633175730705261,
    "complex_iplddt": 0.9638710021972656,
    "complex_pde": 0.3058778941631317,
    "complex_ipde": 0.3471716046333313,
    "chains_ptm": {
        "0": 0.9515843987464905,
        "1": 0.9517218470573425
    },
    "pair_chains_iptm": {
        "0": {
            "0": 0.9515843987464905,
            "1": 0.7913658022880554
        },
        "1": {
            "0": 0.969989538192749,
            "1": 0.9517218470573425
        }
    }
}