{
    "affinity_pred_value": 1.7159826755523682,
    "affinity_probability_binary": 0.24577540159225464,
    "affinity_pred_value1": 1.733431100845337,
    "affinity_probability_binary1": 0.19067780673503876,
    "affinity_pred_value2": 1.6985342502593994,
    "affinity_probability_binary2": 0.3008729815483093
}