{
    "confidence_score": 0.934303879737854,
    "ptm": 0.9545406699180603,
    "iptm": 0.8743677139282227,
    "ligand_iptm": 0.8743677139282227,
    "protein_iptm": 0.0,
    "complex_plddt": 0.9492878317832947,
    "complex_iplddt": 0.9004728198051453,
    "complex_pde": 0.475592702627182,
    "complex_ipde": 0.8677019476890564,
    "chains_ptm": {
        "0": 0.9770427942276001,
        "1": 0.8395931720733643
    },
    "pair_chains_iptm": {
        "0": {
            "0": 0.9770427942276001,
            "1": 0.6341094374656677
        },
        "1": {
            "0": 0.8743677139282227,
            "1": 0.8395931720733643
        }
    }
}