{
    "affinity_pred_value": 1.0139161348342896,
    "affinity_probability_binary": 0.27688223123550415,
    "affinity_pred_value1": 1.0602740049362183,
    "affinity_probability_binary1": 0.16704584658145905,
    "affinity_pred_value2": 0.9675582051277161,
    "affinity_probability_binary2": 0.38671860098838806
}