{
    "confidence_score": 0.9765990376472473,
    "ptm": 0.9524464011192322,
    "iptm": 0.9735495448112488,
    "ligand_iptm": 0.9735495448112488,
    "protein_iptm": 0.0,
    "complex_plddt": 0.9773613810539246,
    "complex_iplddt": 0.9784196615219116,
    "complex_pde": 0.3453942835330963,
    "complex_ipde": 0.4406019449234009,
    "chains_ptm": {
        "0": 0.9486600756645203,
        "1": 0.960279643535614
    },
    "pair_chains_iptm": {
        "0": {
            "0": 0.9486600756645203,
            "1": 0.7749055027961731
        },
        "1": {
            "0": 0.9735495448112488,
            "1": 0.960279643535614
        }
    }
}