{
    "affinity_pred_value": 1.6541556119918823,
    "affinity_probability_binary": 0.1786288619041443,
    "affinity_pred_value1": 2.0254669189453125,
    "affinity_probability_binary1": 0.12631744146347046,
    "affinity_pred_value2": 1.2828443050384521,
    "affinity_probability_binary2": 0.23094026744365692
}