{
    "affinity_pred_value": 0.6408206224441528,
    "affinity_probability_binary": 0.30967792868614197,
    "affinity_pred_value1": 0.6026127338409424,
    "affinity_probability_binary1": 0.21063704788684845,
    "affinity_pred_value2": 0.6790285706520081,
    "affinity_probability_binary2": 0.4087188243865967
}