{
    "affinity_pred_value": 0.7682924866676331,
    "affinity_probability_binary": 0.1851574182510376,
    "affinity_pred_value1": 0.6402326226234436,
    "affinity_probability_binary1": 0.08139079809188843,
    "affinity_pred_value2": 0.8963523507118225,
    "affinity_probability_binary2": 0.28892403841018677
}