{
    "confidence_score": 0.917898952960968,
    "ptm": 0.9566916227340698,
    "iptm": 0.9002470374107361,
    "ligand_iptm": 0.9002470374107361,
    "protein_iptm": 0.0,
    "complex_plddt": 0.9223119616508484,
    "complex_iplddt": 0.8386110663414001,
    "complex_pde": 0.37270089983940125,
    "complex_ipde": 0.5872313380241394,
    "chains_ptm": {
        "0": 0.9777869582176208,
        "1": 0.8839266300201416
    },
    "pair_chains_iptm": {
        "0": {
            "0": 0.9777869582176208,
            "1": 0.6037739515304565
        },
        "1": {
            "0": 0.9002470374107361,
            "1": 0.8839266300201416
        }
    }
}