{
    "affinity_pred_value": 1.6577880382537842,
    "affinity_probability_binary": 0.34629982709884644,
    "affinity_pred_value1": 1.5188795328140259,
    "affinity_probability_binary1": 0.42619583010673523,
    "affinity_pred_value2": 1.796696424484253,
    "affinity_probability_binary2": 0.26640379428863525
}