{
    "affinity_pred_value": 0.8883092403411865,
    "affinity_probability_binary": 0.2670590877532959,
    "affinity_pred_value1": 0.8544998168945312,
    "affinity_probability_binary1": 0.2000882774591446,
    "affinity_pred_value2": 0.9221186637878418,
    "affinity_probability_binary2": 0.3340299129486084
}