{
    "confidence_score": 0.8681784868240356,
    "ptm": 0.8969109654426575,
    "iptm": 0.8411686420440674,
    "ligand_iptm": 0.8411686420440674,
    "protein_iptm": 0.0,
    "complex_plddt": 0.8749309182167053,
    "complex_iplddt": 0.7553879022598267,
    "complex_pde": 0.5347540378570557,
    "complex_ipde": 1.0323764085769653,
    "chains_ptm": {
        "0": 0.9146441221237183,
        "1": 0.8854166269302368
    },
    "pair_chains_iptm": {
        "0": {
            "0": 0.9146441221237183,
            "1": 0.5329738855361938
        },
        "1": {
            "0": 0.8411686420440674,
            "1": 0.8854166269302368
        }
    }
}