{
    "confidence_score": 0.896519124507904,
    "ptm": 0.9450274705886841,
    "iptm": 0.873138964176178,
    "ligand_iptm": 0.873138964176178,
    "protein_iptm": 0.0,
    "complex_plddt": 0.9023640751838684,
    "complex_iplddt": 0.7616506218910217,
    "complex_pde": 0.42730212211608887,
    "complex_ipde": 0.8735464215278625,
    "chains_ptm": {
        "0": 0.9582669138908386,
        "1": 0.9125287532806396
    },
    "pair_chains_iptm": {
        "0": {
            "0": 0.9582669138908386,
            "1": 0.5025138258934021
        },
        "1": {
            "0": 0.873138964176178,
            "1": 0.9125287532806396
        }
    }
}