{
    "confidence_score": 0.9619504809379578,
    "ptm": 0.9740893244743347,
    "iptm": 0.9639167785644531,
    "ligand_iptm": 0.9639167785644531,
    "protein_iptm": 0.0,
    "complex_plddt": 0.9614589214324951,
    "complex_iplddt": 0.9378827214241028,
    "complex_pde": 0.30721136927604675,
    "complex_ipde": 0.45141348242759705,
    "chains_ptm": {
        "0": 0.976108729839325,
        "1": 0.9300083518028259
    },
    "pair_chains_iptm": {
        "0": {
            "0": 0.976108729839325,
            "1": 0.7016762495040894
        },
        "1": {
            "0": 0.9639167785644531,
            "1": 0.9300083518028259
        }
    }
}