{
    "confidence_score": 0.8969976305961609,
    "ptm": 0.9471673965454102,
    "iptm": 0.8966200947761536,
    "ligand_iptm": 0.8966200947761536,
    "protein_iptm": 0.0,
    "complex_plddt": 0.8970920443534851,
    "complex_iplddt": 0.7848342061042786,
    "complex_pde": 0.4059513211250305,
    "complex_ipde": 0.7795495390892029,
    "chains_ptm": {
        "0": 0.9562599658966064,
        "1": 0.9126575589179993
    },
    "pair_chains_iptm": {
        "0": {
            "0": 0.9562599658966064,
            "1": 0.5985415577888489
        },
        "1": {
            "0": 0.8966200947761536,
            "1": 0.9126575589179993
        }
    }
}