{
    "confidence_score": 0.6891044974327087,
    "ptm": 0.755054771900177,
    "iptm": 0.4607991576194763,
    "ligand_iptm": 0.4607991576194763,
    "protein_iptm": 0.0,
    "complex_plddt": 0.7461807727813721,
    "complex_iplddt": 0.4596104025840759,
    "complex_pde": 1.2328580617904663,
    "complex_ipde": 3.7619264125823975,
    "chains_ptm": {
        "0": 0.8349629044532776,
        "1": 0.6959556937217712
    },
    "pair_chains_iptm": {
        "0": {
            "0": 0.8349629044532776,
            "1": 0.16126827895641327
        },
        "1": {
            "0": 0.4607991576194763,
            "1": 0.6959556937217712
        }
    }
}