{
    "confidence_score": 0.8895940184593201,
    "ptm": 0.8919830322265625,
    "iptm": 0.7664938569068909,
    "ligand_iptm": 0.7664938569068909,
    "protein_iptm": 0.0,
    "complex_plddt": 0.920369029045105,
    "complex_iplddt": 0.8406086564064026,
    "complex_pde": 0.6355880498886108,
    "complex_ipde": 1.4915779829025269,
    "chains_ptm": {
        "0": 0.9177728295326233,
        "1": 0.7808549404144287
    },
    "pair_chains_iptm": {
        "0": {
            "0": 0.9177728295326233,
            "1": 0.3869803249835968
        },
        "1": {
            "0": 0.7664938569068909,
            "1": 0.7808549404144287
        }
    }
}