{
    "confidence_score": 0.9265081286430359,
    "ptm": 0.9160289168357849,
    "iptm": 0.8766399025917053,
    "ligand_iptm": 0.8766399025917053,
    "protein_iptm": 0.0,
    "complex_plddt": 0.9389752149581909,
    "complex_iplddt": 0.8748202919960022,
    "complex_pde": 0.4543319642543793,
    "complex_ipde": 0.8210007548332214,
    "chains_ptm": {
        "0": 0.9302734732627869,
        "1": 0.8840613961219788
    },
    "pair_chains_iptm": {
        "0": {
            "0": 0.9302734732627869,
            "1": 0.5827159285545349
        },
        "1": {
            "0": 0.8766399025917053,
            "1": 0.8840613961219788
        }
    }
}