{
    "affinity_pred_value": 1.6255502700805664,
    "affinity_probability_binary": 0.3231135904788971,
    "affinity_pred_value1": 1.7796002626419067,
    "affinity_probability_binary1": 0.3586275279521942,
    "affinity_pred_value2": 1.4715001583099365,
    "affinity_probability_binary2": 0.2875996530056
}