{
    "affinity_pred_value": 1.5870821475982666,
    "affinity_probability_binary": 0.1531381607055664,
    "affinity_pred_value1": 1.0650256872177124,
    "affinity_probability_binary1": 0.09641429781913757,
    "affinity_pred_value2": 2.1091384887695312,
    "affinity_probability_binary2": 0.20986202359199524
}