{
    "confidence_score": 0.8127830624580383,
    "ptm": 0.9272447824478149,
    "iptm": 0.8691822290420532,
    "ligand_iptm": 0.8691822290420532,
    "protein_iptm": 0.0,
    "complex_plddt": 0.7986832857131958,
    "complex_iplddt": 0.6148805022239685,
    "complex_pde": 0.4597088098526001,
    "complex_ipde": 0.7337875962257385,
    "chains_ptm": {
        "0": 0.9635037183761597,
        "1": 0.8656579256057739
    },
    "pair_chains_iptm": {
        "0": {
            "0": 0.9635037183761597,
            "1": 0.7159568071365356
        },
        "1": {
            "0": 0.8691822290420532,
            "1": 0.8656579256057739
        }
    }
}