{
    "affinity_pred_value": 1.399970293045044,
    "affinity_probability_binary": 0.18846967816352844,
    "affinity_pred_value1": 1.4082430601119995,
    "affinity_probability_binary1": 0.1701834797859192,
    "affinity_pred_value2": 1.391697645187378,
    "affinity_probability_binary2": 0.2067558765411377
}