{
    "confidence_score": 0.8806506395339966,
    "ptm": 0.9622660279273987,
    "iptm": 0.9015841484069824,
    "ligand_iptm": 0.9015841484069824,
    "protein_iptm": 0.0,
    "complex_plddt": 0.8754172325134277,
    "complex_iplddt": 0.6854937672615051,
    "complex_pde": 0.33908796310424805,
    "complex_ipde": 0.7989627718925476,
    "chains_ptm": {
        "0": 0.9786635637283325,
        "1": 0.9081346988677979
    },
    "pair_chains_iptm": {
        "0": {
            "0": 0.9786635637283325,
            "1": 0.5393319725990295
        },
        "1": {
            "0": 0.9015841484069824,
            "1": 0.9081346988677979
        }
    }
}