{
    "affinity_pred_value": 1.665580153465271,
    "affinity_probability_binary": 0.15096209943294525,
    "affinity_pred_value1": 2.1100401878356934,
    "affinity_probability_binary1": 0.06441745907068253,
    "affinity_pred_value2": 1.2211201190948486,
    "affinity_probability_binary2": 0.23750674724578857
}