{
    "confidence_score": 0.813377857208252,
    "ptm": 0.9206928610801697,
    "iptm": 0.8173381090164185,
    "ligand_iptm": 0.8173381090164185,
    "protein_iptm": 0.0,
    "complex_plddt": 0.8123878240585327,
    "complex_iplddt": 0.6063013076782227,
    "complex_pde": 0.5886372923851013,
    "complex_ipde": 1.1902915239334106,
    "chains_ptm": {
        "0": 0.9510313868522644,
        "1": 0.7791197299957275
    },
    "pair_chains_iptm": {
        "0": {
            "0": 0.9510313868522644,
            "1": 0.4055735170841217
        },
        "1": {
            "0": 0.8173381090164185,
            "1": 0.7791197299957275
        }
    }
}