{
    "confidence_score": 0.7870845794677734,
    "ptm": 0.8831654191017151,
    "iptm": 0.5856781601905823,
    "ligand_iptm": 0.5856781601905823,
    "protein_iptm": 0.0,
    "complex_plddt": 0.8374361991882324,
    "complex_iplddt": 0.4862857758998871,
    "complex_pde": 1.0020374059677124,
    "complex_ipde": 4.267131328582764,
    "chains_ptm": {
        "0": 0.9487576484680176,
        "1": 0.8089985251426697
    },
    "pair_chains_iptm": {
        "0": {
            "0": 0.9487576484680176,
            "1": 0.2123051881790161
        },
        "1": {
            "0": 0.5856781601905823,
            "1": 0.8089985251426697
        }
    }
}