{
    "affinity_pred_value": 1.5336499214172363,
    "affinity_probability_binary": 0.27283135056495667,
    "affinity_pred_value1": 1.0468474626541138,
    "affinity_probability_binary1": 0.2954879701137543,
    "affinity_pred_value2": 2.0204522609710693,
    "affinity_probability_binary2": 0.25017473101615906
}