{
    "affinity_pred_value": 0.6482646465301514,
    "affinity_probability_binary": 0.16336677968502045,
    "affinity_pred_value1": 0.4860888719558716,
    "affinity_probability_binary1": 0.20828883349895477,
    "affinity_pred_value2": 0.8104404807090759,
    "affinity_probability_binary2": 0.11844472587108612
}