{
    "confidence_score": 0.9458761215209961,
    "ptm": 0.9775664210319519,
    "iptm": 0.9675432443618774,
    "ligand_iptm": 0.9675432443618774,
    "protein_iptm": 0.0,
    "complex_plddt": 0.9404593110084534,
    "complex_iplddt": 0.8770421743392944,
    "complex_pde": 0.3661631643772125,
    "complex_ipde": 0.6406350135803223,
    "chains_ptm": {
        "0": 0.978807270526886,
        "1": 0.9147107005119324
    },
    "pair_chains_iptm": {
        "0": {
            "0": 0.978807270526886,
            "1": 0.7124632596969604
        },
        "1": {
            "0": 0.9675432443618774,
            "1": 0.9147107005119324
        }
    }
}