{
    "affinity_pred_value": 1.1849536895751953,
    "affinity_probability_binary": 0.2847955822944641,
    "affinity_pred_value1": 1.227088212966919,
    "affinity_probability_binary1": 0.2818136513233185,
    "affinity_pred_value2": 1.1428191661834717,
    "affinity_probability_binary2": 0.28777748346328735
}