{
    "affinity_pred_value": 0.511360764503479,
    "affinity_probability_binary": 0.5062426924705505,
    "affinity_pred_value1": 0.8440742492675781,
    "affinity_probability_binary1": 0.5288858413696289,
    "affinity_pred_value2": 0.1786472648382187,
    "affinity_probability_binary2": 0.4835995137691498
}