{
    "affinity_pred_value": 1.223308801651001,
    "affinity_probability_binary": 0.3011128306388855,
    "affinity_pred_value1": 1.0590832233428955,
    "affinity_probability_binary1": 0.2612146735191345,
    "affinity_pred_value2": 1.387534499168396,
    "affinity_probability_binary2": 0.34101101756095886
}