{
    "confidence_score": 0.874035656452179,
    "ptm": 0.9312582015991211,
    "iptm": 0.8413516879081726,
    "ligand_iptm": 0.8413516879081726,
    "protein_iptm": 0.0,
    "complex_plddt": 0.8822066783905029,
    "complex_iplddt": 0.8002774119377136,
    "complex_pde": 0.49554434418678284,
    "complex_ipde": 0.9270058870315552,
    "chains_ptm": {
        "0": 0.9582555890083313,
        "1": 0.8084272146224976
    },
    "pair_chains_iptm": {
        "0": {
            "0": 0.9582555890083313,
            "1": 0.4828483462333679
        },
        "1": {
            "0": 0.8413516879081726,
            "1": 0.8084272146224976
        }
    }
}