{
    "affinity_pred_value": 1.2047781944274902,
    "affinity_probability_binary": 0.16165418922901154,
    "affinity_pred_value1": 1.6420103311538696,
    "affinity_probability_binary1": 0.16507279872894287,
    "affinity_pred_value2": 0.7675459980964661,
    "affinity_probability_binary2": 0.1582355797290802
}