{
    "confidence_score": 0.9117279052734375,
    "ptm": 0.9484618306159973,
    "iptm": 0.9074033498764038,
    "ligand_iptm": 0.9074033498764038,
    "protein_iptm": 0.0,
    "complex_plddt": 0.9128090739250183,
    "complex_iplddt": 0.7869095802307129,
    "complex_pde": 0.33694082498550415,
    "complex_ipde": 0.5815632343292236,
    "chains_ptm": {
        "0": 0.9634584188461304,
        "1": 0.9127872586250305
    },
    "pair_chains_iptm": {
        "0": {
            "0": 0.9634584188461304,
            "1": 0.5503240823745728
        },
        "1": {
            "0": 0.9074033498764038,
            "1": 0.9127872586250305
        }
    }
}