{
    "confidence_score": 0.9130309224128723,
    "ptm": 0.9432696104049683,
    "iptm": 0.8916492462158203,
    "ligand_iptm": 0.8916492462158203,
    "protein_iptm": 0.0,
    "complex_plddt": 0.9183763265609741,
    "complex_iplddt": 0.8442689776420593,
    "complex_pde": 0.42517271637916565,
    "complex_ipde": 0.7176679372787476,
    "chains_ptm": {
        "0": 0.9667755961418152,
        "1": 0.8504731059074402
    },
    "pair_chains_iptm": {
        "0": {
            "0": 0.9667755961418152,
            "1": 0.551635205745697
        },
        "1": {
            "0": 0.8916492462158203,
            "1": 0.8504731059074402
        }
    }
}