{
    "affinity_pred_value": 0.9097092151641846,
    "affinity_probability_binary": 0.26009848713874817,
    "affinity_pred_value1": 0.4560866951942444,
    "affinity_probability_binary1": 0.20108015835285187,
    "affinity_pred_value2": 1.36333167552948,
    "affinity_probability_binary2": 0.31911683082580566
}