{
    "confidence_score": 0.8945406079292297,
    "ptm": 0.9323098063468933,
    "iptm": 0.853408932685852,
    "ligand_iptm": 0.853408932685852,
    "protein_iptm": 0.0,
    "complex_plddt": 0.9048235416412354,
    "complex_iplddt": 0.822787880897522,
    "complex_pde": 0.41424793004989624,
    "complex_ipde": 0.8660681247711182,
    "chains_ptm": {
        "0": 0.9574711918830872,
        "1": 0.8178587555885315
    },
    "pair_chains_iptm": {
        "0": {
            "0": 0.9574711918830872,
            "1": 0.4791066348552704
        },
        "1": {
            "0": 0.853408932685852,
            "1": 0.8178587555885315
        }
    }
}