{
    "affinity_pred_value": 0.5167437195777893,
    "affinity_probability_binary": 0.5930244326591492,
    "affinity_pred_value1": 0.0564289391040802,
    "affinity_probability_binary1": 0.7320197820663452,
    "affinity_pred_value2": 0.977058470249176,
    "affinity_probability_binary2": 0.45402905344963074
}