{
    "confidence_score": 0.8895020484924316,
    "ptm": 0.9349862337112427,
    "iptm": 0.8654530048370361,
    "ligand_iptm": 0.8654530048370361,
    "protein_iptm": 0.0,
    "complex_plddt": 0.8955143094062805,
    "complex_iplddt": 0.8039674162864685,
    "complex_pde": 0.45584234595298767,
    "complex_ipde": 0.8551940321922302,
    "chains_ptm": {
        "0": 0.9642971754074097,
        "1": 0.8108463287353516
    },
    "pair_chains_iptm": {
        "0": {
            "0": 0.9642971754074097,
            "1": 0.4782838523387909
        },
        "1": {
            "0": 0.8654530048370361,
            "1": 0.8108463287353516
        }
    }
}