{
    "affinity_pred_value": 0.771621823310852,
    "affinity_probability_binary": 0.24161233007907867,
    "affinity_pred_value1": 0.9303736686706543,
    "affinity_probability_binary1": 0.13252988457679749,
    "affinity_pred_value2": 0.6128699779510498,
    "affinity_probability_binary2": 0.35069477558135986
}