{
    "confidence_score": 0.9509130716323853,
    "ptm": 0.9422916769981384,
    "iptm": 0.9156440496444702,
    "ligand_iptm": 0.9156440496444702,
    "protein_iptm": 0.0,
    "complex_plddt": 0.959730327129364,
    "complex_iplddt": 0.9310106039047241,
    "complex_pde": 0.3833988904953003,
    "complex_ipde": 0.6087049245834351,
    "chains_ptm": {
        "0": 0.9516084790229797,
        "1": 0.9063295125961304
    },
    "pair_chains_iptm": {
        "0": {
            "0": 0.9516084790229797,
            "1": 0.6682177782058716
        },
        "1": {
            "0": 0.9156440496444702,
            "1": 0.9063295125961304
        }
    }
}