{
    "affinity_pred_value": 1.227587342262268,
    "affinity_probability_binary": 0.1479615718126297,
    "affinity_pred_value1": 0.8806092143058777,
    "affinity_probability_binary1": 0.07651187479496002,
    "affinity_pred_value2": 1.5745654106140137,
    "affinity_probability_binary2": 0.21941126883029938
}