{
    "confidence_score": 0.8572120666503906,
    "ptm": 0.9333985447883606,
    "iptm": 0.8096907138824463,
    "ligand_iptm": 0.8096907138824463,
    "protein_iptm": 0.0,
    "complex_plddt": 0.8690924644470215,
    "complex_iplddt": 0.6555855870246887,
    "complex_pde": 0.5352663397789001,
    "complex_ipde": 1.1444844007492065,
    "chains_ptm": {
        "0": 0.9719595909118652,
        "1": 0.8181070685386658
    },
    "pair_chains_iptm": {
        "0": {
            "0": 0.9719595909118652,
            "1": 0.5463279485702515
        },
        "1": {
            "0": 0.8096907138824463,
            "1": 0.8181070685386658
        }
    }
}