{
    "affinity_pred_value": 1.549708366394043,
    "affinity_probability_binary": 0.27501749992370605,
    "affinity_pred_value1": 1.8557771444320679,
    "affinity_probability_binary1": 0.24192148447036743,
    "affinity_pred_value2": 1.2436397075653076,
    "affinity_probability_binary2": 0.3081135153770447
}