{
    "affinity_pred_value": 1.3227577209472656,
    "affinity_probability_binary": 0.16185595095157623,
    "affinity_pred_value1": 1.3693255186080933,
    "affinity_probability_binary1": 0.06787680834531784,
    "affinity_pred_value2": 1.2761900424957275,
    "affinity_probability_binary2": 0.25583508610725403
}