{
    "confidence_score": 0.8943403363227844,
    "ptm": 0.9527050852775574,
    "iptm": 0.8976182341575623,
    "ligand_iptm": 0.8976182341575623,
    "protein_iptm": 0.0,
    "complex_plddt": 0.8935208916664124,
    "complex_iplddt": 0.7084841132164001,
    "complex_pde": 0.36641475558280945,
    "complex_ipde": 0.6927782893180847,
    "chains_ptm": {
        "0": 0.9646270275115967,
        "1": 0.9158334136009216
    },
    "pair_chains_iptm": {
        "0": {
            "0": 0.9646270275115967,
            "1": 0.566989004611969
        },
        "1": {
            "0": 0.8976182341575623,
            "1": 0.9158334136009216
        }
    }
}