{
    "affinity_pred_value": 0.7579221725463867,
    "affinity_probability_binary": 0.31922009587287903,
    "affinity_pred_value1": 0.34540385007858276,
    "affinity_probability_binary1": 0.3384961783885956,
    "affinity_pred_value2": 1.170440435409546,
    "affinity_probability_binary2": 0.2999440133571625
}