{
    "affinity_pred_value": 1.7851743698120117,
    "affinity_probability_binary": 0.2379988729953766,
    "affinity_pred_value1": 2.3863677978515625,
    "affinity_probability_binary1": 0.2020227164030075,
    "affinity_pred_value2": 1.1839808225631714,
    "affinity_probability_binary2": 0.2739750146865845
}