{
    "confidence_score": 0.9161717295646667,
    "ptm": 0.9481666684150696,
    "iptm": 0.9026781320571899,
    "ligand_iptm": 0.9026781320571899,
    "protein_iptm": 0.0,
    "complex_plddt": 0.9195451736450195,
    "complex_iplddt": 0.8484033346176147,
    "complex_pde": 0.4590603709220886,
    "complex_ipde": 0.7386227250099182,
    "chains_ptm": {
        "0": 0.9603642821311951,
        "1": 0.8832871913909912
    },
    "pair_chains_iptm": {
        "0": {
            "0": 0.9603642821311951,
            "1": 0.7006524205207825
        },
        "1": {
            "0": 0.9026781320571899,
            "1": 0.8832871913909912
        }
    }
}