{
    "affinity_pred_value": 0.3187653720378876,
    "affinity_probability_binary": 0.13932284712791443,
    "affinity_pred_value1": -0.17101013660430908,
    "affinity_probability_binary1": 0.09119771420955658,
    "affinity_pred_value2": 0.8085408806800842,
    "affinity_probability_binary2": 0.18744798004627228
}