{
    "affinity_pred_value": 1.4286799430847168,
    "affinity_probability_binary": 0.1902669370174408,
    "affinity_pred_value1": 1.8430182933807373,
    "affinity_probability_binary1": 0.19109199941158295,
    "affinity_pred_value2": 1.0143414735794067,
    "affinity_probability_binary2": 0.18944187462329865
}