{
    "confidence_score": 0.8863981366157532,
    "ptm": 0.9518932700157166,
    "iptm": 0.8831543922424316,
    "ligand_iptm": 0.8831543922424316,
    "protein_iptm": 0.0,
    "complex_plddt": 0.8872090578079224,
    "complex_iplddt": 0.7971407771110535,
    "complex_pde": 0.39191997051239014,
    "complex_ipde": 0.9742112755775452,
    "chains_ptm": {
        "0": 0.9692459106445312,
        "1": 0.906998872756958
    },
    "pair_chains_iptm": {
        "0": {
            "0": 0.9692459106445312,
            "1": 0.574897825717926
        },
        "1": {
            "0": 0.8831543922424316,
            "1": 0.906998872756958
        }
    }
}