{
    "affinity_pred_value": 0.8257718086242676,
    "affinity_probability_binary": 0.4662768244743347,
    "affinity_pred_value1": 0.4982576370239258,
    "affinity_probability_binary1": 0.5659895539283752,
    "affinity_pred_value2": 1.1532859802246094,
    "affinity_probability_binary2": 0.3665640950202942
}