{
    "affinity_pred_value": 1.3938021659851074,
    "affinity_probability_binary": 0.2982378900051117,
    "affinity_pred_value1": 1.1477880477905273,
    "affinity_probability_binary1": 0.3353039622306824,
    "affinity_pred_value2": 1.639816164970398,
    "affinity_probability_binary2": 0.261171817779541
}