{
    "affinity_pred_value": 0.7469452619552612,
    "affinity_probability_binary": 0.5647631287574768,
    "affinity_pred_value1": 0.3733232915401459,
    "affinity_probability_binary1": 0.7403936386108398,
    "affinity_pred_value2": 1.1205672025680542,
    "affinity_probability_binary2": 0.38913261890411377
}