{
    "affinity_pred_value": 0.26799866557121277,
    "affinity_probability_binary": 0.27113261818885803,
    "affinity_pred_value1": 0.5043210983276367,
    "affinity_probability_binary1": 0.17798149585723877,
    "affinity_pred_value2": 0.03167623654007912,
    "affinity_probability_binary2": 0.3642837405204773
}