{
    "confidence_score": 0.9758190512657166,
    "ptm": 0.9591199159622192,
    "iptm": 0.9644440412521362,
    "ligand_iptm": 0.9644440412521362,
    "protein_iptm": 0.0,
    "complex_plddt": 0.9786627888679504,
    "complex_iplddt": 0.9777774810791016,
    "complex_pde": 0.33110812306404114,
    "complex_ipde": 0.42825740575790405,
    "chains_ptm": {
        "0": 0.9585272669792175,
        "1": 0.8605597615242004
    },
    "pair_chains_iptm": {
        "0": {
            "0": 0.9585272669792175,
            "1": 0.6451829671859741
        },
        "1": {
            "0": 0.9644440412521362,
            "1": 0.8605597615242004
        }
    }
}