{
    "confidence_score": 0.8246326446533203,
    "ptm": 0.9206323623657227,
    "iptm": 0.7900287508964539,
    "ligand_iptm": 0.7900287508964539,
    "protein_iptm": 0.0,
    "complex_plddt": 0.8332836627960205,
    "complex_iplddt": 0.5922512412071228,
    "complex_pde": 0.4134538769721985,
    "complex_ipde": 1.1837773323059082,
    "chains_ptm": {
        "0": 0.9576758742332458,
        "1": 0.8900583982467651
    },
    "pair_chains_iptm": {
        "0": {
            "0": 0.9576758742332458,
            "1": 0.4179455041885376
        },
        "1": {
            "0": 0.7900287508964539,
            "1": 0.8900583982467651
        }
    }
}