{
    "affinity_pred_value": 1.325945258140564,
    "affinity_probability_binary": 0.12078653275966644,
    "affinity_pred_value1": 0.8526560664176941,
    "affinity_probability_binary1": 0.06622741371393204,
    "affinity_pred_value2": 1.799234390258789,
    "affinity_probability_binary2": 0.17534564435482025
}