{
    "confidence_score": 0.9020109176635742,
    "ptm": 0.9045957326889038,
    "iptm": 0.8110106587409973,
    "ligand_iptm": 0.8110106587409973,
    "protein_iptm": 0.0,
    "complex_plddt": 0.9247609972953796,
    "complex_iplddt": 0.8664711713790894,
    "complex_pde": 0.5811387896537781,
    "complex_ipde": 1.1177974939346313,
    "chains_ptm": {
        "0": 0.943793535232544,
        "1": 0.8010514974594116
    },
    "pair_chains_iptm": {
        "0": {
            "0": 0.943793535232544,
            "1": 0.5318149328231812
        },
        "1": {
            "0": 0.8110106587409973,
            "1": 0.8010514974594116
        }
    }
}