{
    "affinity_pred_value": 1.1447768211364746,
    "affinity_probability_binary": 0.26547297835350037,
    "affinity_pred_value1": 1.007167100906372,
    "affinity_probability_binary1": 0.3061554431915283,
    "affinity_pred_value2": 1.2823865413665771,
    "affinity_probability_binary2": 0.2247905284166336
}