{
    "affinity_pred_value": 1.1008046865463257,
    "affinity_probability_binary": 0.4329875111579895,
    "affinity_pred_value1": 1.2405799627304077,
    "affinity_probability_binary1": 0.49493956565856934,
    "affinity_pred_value2": 0.9610293507575989,
    "affinity_probability_binary2": 0.37103548645973206
}