{
    "confidence_score": 0.9602077603340149,
    "ptm": 0.9492493867874146,
    "iptm": 0.92182856798172,
    "ligand_iptm": 0.92182856798172,
    "protein_iptm": 0.0,
    "complex_plddt": 0.9698024988174438,
    "complex_iplddt": 0.9473885297775269,
    "complex_pde": 0.40261489152908325,
    "complex_ipde": 0.6788355708122253,
    "chains_ptm": {
        "0": 0.9562192559242249,
        "1": 0.8431104421615601
    },
    "pair_chains_iptm": {
        "0": {
            "0": 0.9562192559242249,
            "1": 0.5759059190750122
        },
        "1": {
            "0": 0.92182856798172,
            "1": 0.8431104421615601
        }
    }
}