{
    "confidence_score": 0.9003600478172302,
    "ptm": 0.9469004273414612,
    "iptm": 0.9134891629219055,
    "ligand_iptm": 0.9134891629219055,
    "protein_iptm": 0.0,
    "complex_plddt": 0.8970776796340942,
    "complex_iplddt": 0.7986466884613037,
    "complex_pde": 0.4498113989830017,
    "complex_ipde": 0.7718560099601746,
    "chains_ptm": {
        "0": 0.9608694314956665,
        "1": 0.8859283328056335
    },
    "pair_chains_iptm": {
        "0": {
            "0": 0.9608694314956665,
            "1": 0.6777886152267456
        },
        "1": {
            "0": 0.9134891629219055,
            "1": 0.8859283328056335
        }
    }
}