{
    "affinity_pred_value": 1.3793625831604004,
    "affinity_probability_binary": 0.17054316401481628,
    "affinity_pred_value1": 1.316217303276062,
    "affinity_probability_binary1": 0.061605073511600494,
    "affinity_pred_value2": 1.4425077438354492,
    "affinity_probability_binary2": 0.27948126196861267
}