{
    "affinity_pred_value": 0.6405050158500671,
    "affinity_probability_binary": 0.1416044533252716,
    "affinity_pred_value1": 0.5819701552391052,
    "affinity_probability_binary1": 0.14270277321338654,
    "affinity_pred_value2": 0.699039876461029,
    "affinity_probability_binary2": 0.14050611853599548
}