{
    "affinity_pred_value": 1.5347363948822021,
    "affinity_probability_binary": 0.24801498651504517,
    "affinity_pred_value1": 1.866257905960083,
    "affinity_probability_binary1": 0.17636285722255707,
    "affinity_pred_value2": 1.2032148838043213,
    "affinity_probability_binary2": 0.31966710090637207
}