{
    "confidence_score": 0.8174034953117371,
    "ptm": 0.9392363429069519,
    "iptm": 0.8090394735336304,
    "ligand_iptm": 0.8090394735336304,
    "protein_iptm": 0.0,
    "complex_plddt": 0.8194944858551025,
    "complex_iplddt": 0.4441659152507782,
    "complex_pde": 0.3938097655773163,
    "complex_ipde": 1.258819818496704,
    "chains_ptm": {
        "0": 0.9738423228263855,
        "1": 0.889682412147522
    },
    "pair_chains_iptm": {
        "0": {
            "0": 0.9738423228263855,
            "1": 0.45001426339149475
        },
        "1": {
            "0": 0.8090394735336304,
            "1": 0.889682412147522
        }
    }
}