{
    "confidence_score": 0.8640198707580566,
    "ptm": 0.8934084177017212,
    "iptm": 0.7251896262168884,
    "ligand_iptm": 0.7251896262168884,
    "protein_iptm": 0.0,
    "complex_plddt": 0.8987274765968323,
    "complex_iplddt": 0.7991610169410706,
    "complex_pde": 0.7507432699203491,
    "complex_ipde": 1.8320730924606323,
    "chains_ptm": {
        "0": 0.946835458278656,
        "1": 0.7429803013801575
    },
    "pair_chains_iptm": {
        "0": {
            "0": 0.946835458278656,
            "1": 0.36856427788734436
        },
        "1": {
            "0": 0.7251896262168884,
            "1": 0.7429803013801575
        }
    }
}