{
    "confidence_score": 0.8977319002151489,
    "ptm": 0.9168305397033691,
    "iptm": 0.8115714192390442,
    "ligand_iptm": 0.8115714192390442,
    "protein_iptm": 0.0,
    "complex_plddt": 0.9192720055580139,
    "complex_iplddt": 0.8351852297782898,
    "complex_pde": 0.5789459943771362,
    "complex_ipde": 1.098738670349121,
    "chains_ptm": {
        "0": 0.9485385417938232,
        "1": 0.7762700915336609
    },
    "pair_chains_iptm": {
        "0": {
            "0": 0.9485385417938232,
            "1": 0.3983338475227356
        },
        "1": {
            "0": 0.8115714192390442,
            "1": 0.7762700915336609
        }
    }
}