{
    "affinity_pred_value": 0.814396858215332,
    "affinity_probability_binary": 0.5971924066543579,
    "affinity_pred_value1": 0.7772982120513916,
    "affinity_probability_binary1": 0.7686306238174438,
    "affinity_pred_value2": 0.8514954447746277,
    "affinity_probability_binary2": 0.4257541298866272
}