{
    "affinity_pred_value": 0.16607706248760223,
    "affinity_probability_binary": 0.10193721950054169,
    "affinity_pred_value1": 0.003464825451374054,
    "affinity_probability_binary1": 0.09643376618623734,
    "affinity_pred_value2": 0.328689306974411,
    "affinity_probability_binary2": 0.10744068026542664
}