{
    "confidence_score": 0.9410417675971985,
    "ptm": 0.9787191152572632,
    "iptm": 0.9558672904968262,
    "ligand_iptm": 0.9558672904968262,
    "protein_iptm": 0.0,
    "complex_plddt": 0.9373353719711304,
    "complex_iplddt": 0.8603726625442505,
    "complex_pde": 0.35309451818466187,
    "complex_ipde": 0.7151623368263245,
    "chains_ptm": {
        "0": 0.9819338321685791,
        "1": 0.8720794916152954
    },
    "pair_chains_iptm": {
        "0": {
            "0": 0.9819338321685791,
            "1": 0.605258047580719
        },
        "1": {
            "0": 0.9558672904968262,
            "1": 0.8720794916152954
        }
    }
}