{
    "affinity_pred_value": 1.0135418176651,
    "affinity_probability_binary": 0.32673150300979614,
    "affinity_pred_value1": 0.994977593421936,
    "affinity_probability_binary1": 0.26164931058883667,
    "affinity_pred_value2": 1.0321060419082642,
    "affinity_probability_binary2": 0.391813725233078
}