{
    "affinity_pred_value": 1.127535343170166,
    "affinity_probability_binary": 0.29302752017974854,
    "affinity_pred_value1": 1.4014066457748413,
    "affinity_probability_binary1": 0.2858252227306366,
    "affinity_pred_value2": 0.8536641597747803,
    "affinity_probability_binary2": 0.3002298176288605
}