{
    "confidence_score": 0.9302348494529724,
    "ptm": 0.9424106478691101,
    "iptm": 0.9101110696792603,
    "ligand_iptm": 0.9101110696792603,
    "protein_iptm": 0.0,
    "complex_plddt": 0.9352657198905945,
    "complex_iplddt": 0.8615679144859314,
    "complex_pde": 0.41087862849235535,
    "complex_ipde": 0.6245482563972473,
    "chains_ptm": {
        "0": 0.9539876580238342,
        "1": 0.8503962159156799
    },
    "pair_chains_iptm": {
        "0": {
            "0": 0.9539876580238342,
            "1": 0.5712252855300903
        },
        "1": {
            "0": 0.9101110696792603,
            "1": 0.8503962159156799
        }
    }
}