{
    "affinity_pred_value": -0.062466710805892944,
    "affinity_probability_binary": 0.7443824410438538,
    "affinity_pred_value1": 0.28933605551719666,
    "affinity_probability_binary1": 0.7073574066162109,
    "affinity_pred_value2": -0.41426947712898254,
    "affinity_probability_binary2": 0.7814074754714966
}