{
    "confidence_score": 0.9709543585777283,
    "ptm": 0.9646495580673218,
    "iptm": 0.9511298537254333,
    "ligand_iptm": 0.9511298537254333,
    "protein_iptm": 0.0,
    "complex_plddt": 0.975910484790802,
    "complex_iplddt": 0.9678746461868286,
    "complex_pde": 0.34005337953567505,
    "complex_ipde": 0.4760291576385498,
    "chains_ptm": {
        "0": 0.9689345955848694,
        "1": 0.8846296668052673
    },
    "pair_chains_iptm": {
        "0": {
            "0": 0.9689345955848694,
            "1": 0.6551647782325745
        },
        "1": {
            "0": 0.9511298537254333,
            "1": 0.8846296668052673
        }
    }
}