{
    "affinity_pred_value": 1.361708641052246,
    "affinity_probability_binary": 0.19021379947662354,
    "affinity_pred_value1": 1.495911955833435,
    "affinity_probability_binary1": 0.19677068293094635,
    "affinity_pred_value2": 1.2275052070617676,
    "affinity_probability_binary2": 0.18365691602230072
}