{
    "affinity_pred_value": 1.2956624031066895,
    "affinity_probability_binary": 0.17271557450294495,
    "affinity_pred_value1": 1.563583493232727,
    "affinity_probability_binary1": 0.12539522349834442,
    "affinity_pred_value2": 1.0277411937713623,
    "affinity_probability_binary2": 0.22003592550754547
}