{
    "affinity_pred_value": 1.6765177249908447,
    "affinity_probability_binary": 0.2824978828430176,
    "affinity_pred_value1": 1.9619287252426147,
    "affinity_probability_binary1": 0.3030943274497986,
    "affinity_pred_value2": 1.3911066055297852,
    "affinity_probability_binary2": 0.2619014382362366
}