{
    "affinity_pred_value": 1.0385931730270386,
    "affinity_probability_binary": 0.4317263662815094,
    "affinity_pred_value1": 1.136567234992981,
    "affinity_probability_binary1": 0.2531241774559021,
    "affinity_pred_value2": 0.940619170665741,
    "affinity_probability_binary2": 0.6103285551071167
}