{
    "affinity_pred_value": 0.996044933795929,
    "affinity_probability_binary": 0.14674529433250427,
    "affinity_pred_value1": 0.713089108467102,
    "affinity_probability_binary1": 0.09134417772293091,
    "affinity_pred_value2": 1.2790007591247559,
    "affinity_probability_binary2": 0.20214642584323883
}