{
    "affinity_pred_value": 1.480503797531128,
    "affinity_probability_binary": 0.42483657598495483,
    "affinity_pred_value1": 1.1792489290237427,
    "affinity_probability_binary1": 0.5601571798324585,
    "affinity_pred_value2": 1.7817587852478027,
    "affinity_probability_binary2": 0.28951597213745117
}