{
    "confidence_score": 0.8919801712036133,
    "ptm": 0.937421441078186,
    "iptm": 0.8277851939201355,
    "ligand_iptm": 0.8277851939201355,
    "protein_iptm": 0.0,
    "complex_plddt": 0.9080289602279663,
    "complex_iplddt": 0.7914497256278992,
    "complex_pde": 0.5173934102058411,
    "complex_ipde": 1.0540236234664917,
    "chains_ptm": {
        "0": 0.9653520584106445,
        "1": 0.8362119197845459
    },
    "pair_chains_iptm": {
        "0": {
            "0": 0.9653520584106445,
            "1": 0.4535527229309082
        },
        "1": {
            "0": 0.8277851939201355,
            "1": 0.8362119197845459
        }
    }
}