{
    "affinity_pred_value": 0.8760755062103271,
    "affinity_probability_binary": 0.19101229310035706,
    "affinity_pred_value1": 1.3015438318252563,
    "affinity_probability_binary1": 0.0961630791425705,
    "affinity_pred_value2": 0.45060718059539795,
    "affinity_probability_binary2": 0.2858614921569824
}