{
    "confidence_score": 0.9129034876823425,
    "ptm": 0.9432129859924316,
    "iptm": 0.8872498869895935,
    "ligand_iptm": 0.8872498869895935,
    "protein_iptm": 0.0,
    "complex_plddt": 0.9193169474601746,
    "complex_iplddt": 0.818550169467926,
    "complex_pde": 0.4129617214202881,
    "complex_ipde": 0.8369283676147461,
    "chains_ptm": {
        "0": 0.9556961059570312,
        "1": 0.8975307941436768
    },
    "pair_chains_iptm": {
        "0": {
            "0": 0.9556961059570312,
            "1": 0.5873203277587891
        },
        "1": {
            "0": 0.8872498869895935,
            "1": 0.8975307941436768
        }
    }
}