{
    "affinity_pred_value": 1.7697782516479492,
    "affinity_probability_binary": 0.3076351583003998,
    "affinity_pred_value1": 2.0315780639648438,
    "affinity_probability_binary1": 0.2796593904495239,
    "affinity_pred_value2": 1.5079784393310547,
    "affinity_probability_binary2": 0.33561092615127563
}