{
    "affinity_pred_value": 0.902058482170105,
    "affinity_probability_binary": 0.2701219916343689,
    "affinity_pred_value1": 1.124153733253479,
    "affinity_probability_binary1": 0.21700675785541534,
    "affinity_pred_value2": 0.6799631714820862,
    "affinity_probability_binary2": 0.32323724031448364
}