{
    "affinity_pred_value": 1.61881422996521,
    "affinity_probability_binary": 0.16034574806690216,
    "affinity_pred_value1": 0.9860073328018188,
    "affinity_probability_binary1": 0.10793609172105789,
    "affinity_pred_value2": 2.2516212463378906,
    "affinity_probability_binary2": 0.21275541186332703
}