{
    "affinity_pred_value": 1.2131595611572266,
    "affinity_probability_binary": 0.3726917505264282,
    "affinity_pred_value1": 1.4866009950637817,
    "affinity_probability_binary1": 0.2073667347431183,
    "affinity_pred_value2": 0.9397182464599609,
    "affinity_probability_binary2": 0.5380167961120605
}