{
    "confidence_score": 0.9701553583145142,
    "ptm": 0.9677860736846924,
    "iptm": 0.9541633129119873,
    "ligand_iptm": 0.9541633129119873,
    "protein_iptm": 0.0,
    "complex_plddt": 0.9741533994674683,
    "complex_iplddt": 0.9561787843704224,
    "complex_pde": 0.30795255303382874,
    "complex_ipde": 0.4280773103237152,
    "chains_ptm": {
        "0": 0.971526563167572,
        "1": 0.9146343469619751
    },
    "pair_chains_iptm": {
        "0": {
            "0": 0.971526563167572,
            "1": 0.6669953465461731
        },
        "1": {
            "0": 0.9541633129119873,
            "1": 0.9146343469619751
        }
    }
}