{
    "affinity_pred_value": 1.453611969947815,
    "affinity_probability_binary": 0.16912385821342468,
    "affinity_pred_value1": 2.0989084243774414,
    "affinity_probability_binary1": 0.05967696011066437,
    "affinity_pred_value2": 0.8083154559135437,
    "affinity_probability_binary2": 0.2785707712173462
}