{
    "confidence_score": 0.9667142033576965,
    "ptm": 0.9648454189300537,
    "iptm": 0.9666196703910828,
    "ligand_iptm": 0.9666196703910828,
    "protein_iptm": 0.0,
    "complex_plddt": 0.9667378664016724,
    "complex_iplddt": 0.9566465020179749,
    "complex_pde": 0.3150118291378021,
    "complex_ipde": 0.39491501450538635,
    "chains_ptm": {
        "0": 0.9651511907577515,
        "1": 0.9203189611434937
    },
    "pair_chains_iptm": {
        "0": {
            "0": 0.9651511907577515,
            "1": 0.7687507271766663
        },
        "1": {
            "0": 0.9666196703910828,
            "1": 0.9203189611434937
        }
    }
}