{
    "confidence_score": 0.8600012063980103,
    "ptm": 0.9393113851547241,
    "iptm": 0.8713284134864807,
    "ligand_iptm": 0.8713284134864807,
    "protein_iptm": 0.0,
    "complex_plddt": 0.8571693301200867,
    "complex_iplddt": 0.6031421422958374,
    "complex_pde": 0.47714969515800476,
    "complex_ipde": 1.3656316995620728,
    "chains_ptm": {
        "0": 0.9546456933021545,
        "1": 0.9303916096687317
    },
    "pair_chains_iptm": {
        "0": {
            "0": 0.9546456933021545,
            "1": 0.48232823610305786
        },
        "1": {
            "0": 0.8713284134864807,
            "1": 0.9303916096687317
        }
    }
}