{
    "affinity_pred_value": 1.3984992504119873,
    "affinity_probability_binary": 0.1476762294769287,
    "affinity_pred_value1": 1.1842008829116821,
    "affinity_probability_binary1": 0.145333930850029,
    "affinity_pred_value2": 1.612797737121582,
    "affinity_probability_binary2": 0.15001854300498962
}