{
    "confidence_score": 0.9288997650146484,
    "ptm": 0.9463149309158325,
    "iptm": 0.907609224319458,
    "ligand_iptm": 0.907609224319458,
    "protein_iptm": 0.0,
    "complex_plddt": 0.9342223405838013,
    "complex_iplddt": 0.8814060688018799,
    "complex_pde": 0.45885613560676575,
    "complex_ipde": 0.7976271510124207,
    "chains_ptm": {
        "0": 0.9568962454795837,
        "1": 0.8342135548591614
    },
    "pair_chains_iptm": {
        "0": {
            "0": 0.9568962454795837,
            "1": 0.6044386029243469
        },
        "1": {
            "0": 0.907609224319458,
            "1": 0.8342135548591614
        }
    }
}