{
    "affinity_pred_value": 0.6032364368438721,
    "affinity_probability_binary": 0.11219654977321625,
    "affinity_pred_value1": 0.6697365045547485,
    "affinity_probability_binary1": 0.04799322411417961,
    "affinity_pred_value2": 0.5367363095283508,
    "affinity_probability_binary2": 0.17639987170696259
}