{
    "confidence_score": 0.839821994304657,
    "ptm": 0.8525589108467102,
    "iptm": 0.6592532992362976,
    "ligand_iptm": 0.6592532992362976,
    "protein_iptm": 0.0,
    "complex_plddt": 0.8849641680717468,
    "complex_iplddt": 0.6870810985565186,
    "complex_pde": 0.7534536123275757,
    "complex_ipde": 2.5554611682891846,
    "chains_ptm": {
        "0": 0.9281148910522461,
        "1": 0.7447762489318848
    },
    "pair_chains_iptm": {
        "0": {
            "0": 0.9281148910522461,
            "1": 0.28633517026901245
        },
        "1": {
            "0": 0.6592532992362976,
            "1": 0.7447762489318848
        }
    }
}