{
    "affinity_pred_value": 1.2040040493011475,
    "affinity_probability_binary": 0.10830506682395935,
    "affinity_pred_value1": 0.8721727132797241,
    "affinity_probability_binary1": 0.05958480387926102,
    "affinity_pred_value2": 1.5358352661132812,
    "affinity_probability_binary2": 0.15702533721923828
}