{
    "affinity_pred_value": 1.500420331954956,
    "affinity_probability_binary": 0.2109307050704956,
    "affinity_pred_value1": 1.8311222791671753,
    "affinity_probability_binary1": 0.1593567281961441,
    "affinity_pred_value2": 1.1697185039520264,
    "affinity_probability_binary2": 0.2625046968460083
}