{
    "affinity_pred_value": -0.3787993788719177,
    "affinity_probability_binary": 0.9412277936935425,
    "affinity_pred_value1": -0.6449903845787048,
    "affinity_probability_binary1": 0.9678360819816589,
    "affinity_pred_value2": -0.11260834336280823,
    "affinity_probability_binary2": 0.9146195650100708
}