{
    "confidence_score": 0.9732856750488281,
    "ptm": 0.9497021436691284,
    "iptm": 0.9589085578918457,
    "ligand_iptm": 0.9589085578918457,
    "protein_iptm": 0.0,
    "complex_plddt": 0.9768799543380737,
    "complex_iplddt": 0.9735811352729797,
    "complex_pde": 0.31830713152885437,
    "complex_ipde": 0.4017823338508606,
    "chains_ptm": {
        "0": 0.949286162853241,
        "1": 0.9392677545547485
    },
    "pair_chains_iptm": {
        "0": {
            "0": 0.949286162853241,
            "1": 0.7486514449119568
        },
        "1": {
            "0": 0.9589085578918457,
            "1": 0.9392677545547485
        }
    }
}