{
    "affinity_pred_value": 0.9165148735046387,
    "affinity_probability_binary": 0.5142403841018677,
    "affinity_pred_value1": 0.6108646392822266,
    "affinity_probability_binary1": 0.5137773156166077,
    "affinity_pred_value2": 1.2221651077270508,
    "affinity_probability_binary2": 0.5147034525871277
}