{
    "confidence_score": 0.968106210231781,
    "ptm": 0.9451003074645996,
    "iptm": 0.9598426222801208,
    "ligand_iptm": 0.9598426222801208,
    "protein_iptm": 0.0,
    "complex_plddt": 0.9701720476150513,
    "complex_iplddt": 0.9677068591117859,
    "complex_pde": 0.3451404273509979,
    "complex_ipde": 0.4347515106201172,
    "chains_ptm": {
        "0": 0.9429609179496765,
        "1": 0.9238986968994141
    },
    "pair_chains_iptm": {
        "0": {
            "0": 0.9429609179496765,
            "1": 0.732008695602417
        },
        "1": {
            "0": 0.9598426222801208,
            "1": 0.9238986968994141
        }
    }
}