{
    "affinity_pred_value": 0.6717531681060791,
    "affinity_probability_binary": 0.5784125924110413,
    "affinity_pred_value1": 0.3222489058971405,
    "affinity_probability_binary1": 0.5845614671707153,
    "affinity_pred_value2": 1.0212574005126953,
    "affinity_probability_binary2": 0.5722637176513672
}