{
    "affinity_pred_value": 0.9626768231391907,
    "affinity_probability_binary": 0.5646961331367493,
    "affinity_pred_value1": 0.5052603483200073,
    "affinity_probability_binary1": 0.6855596303939819,
    "affinity_pred_value2": 1.420093297958374,
    "affinity_probability_binary2": 0.443832665681839
}