{
    "confidence_score": 0.9307300448417664,
    "ptm": 0.9436350464820862,
    "iptm": 0.9168618321418762,
    "ligand_iptm": 0.9168618321418762,
    "protein_iptm": 0.0,
    "complex_plddt": 0.9341970682144165,
    "complex_iplddt": 0.8770661354064941,
    "complex_pde": 0.4384646713733673,
    "complex_ipde": 0.7111157774925232,
    "chains_ptm": {
        "0": 0.9528034925460815,
        "1": 0.845585823059082
    },
    "pair_chains_iptm": {
        "0": {
            "0": 0.9528034925460815,
            "1": 0.5416958332061768
        },
        "1": {
            "0": 0.9168618321418762,
            "1": 0.845585823059082
        }
    }
}