{
    "confidence_score": 0.8952631950378418,
    "ptm": 0.929204523563385,
    "iptm": 0.8986443281173706,
    "ligand_iptm": 0.8986443281173706,
    "protein_iptm": 0.0,
    "complex_plddt": 0.8944178819656372,
    "complex_iplddt": 0.8106016516685486,
    "complex_pde": 0.45306235551834106,
    "complex_ipde": 0.7703838348388672,
    "chains_ptm": {
        "0": 0.9360517263412476,
        "1": 0.8349013328552246
    },
    "pair_chains_iptm": {
        "0": {
            "0": 0.9360517263412476,
            "1": 0.5139159560203552
        },
        "1": {
            "0": 0.8986443281173706,
            "1": 0.8349013328552246
        }
    }
}