{
    "affinity_pred_value": 1.6110048294067383,
    "affinity_probability_binary": 0.21923542022705078,
    "affinity_pred_value1": 1.6371501684188843,
    "affinity_probability_binary1": 0.18855665624141693,
    "affinity_pred_value2": 1.5848596096038818,
    "affinity_probability_binary2": 0.24991419911384583
}