{
    "confidence_score": 0.8991401791572571,
    "ptm": 0.9637075066566467,
    "iptm": 0.9071068167686462,
    "ligand_iptm": 0.9071068167686462,
    "protein_iptm": 0.0,
    "complex_plddt": 0.8971484899520874,
    "complex_iplddt": 0.8121699094772339,
    "complex_pde": 0.3523402214050293,
    "complex_ipde": 0.7426403760910034,
    "chains_ptm": {
        "0": 0.9790176153182983,
        "1": 0.8485502004623413
    },
    "pair_chains_iptm": {
        "0": {
            "0": 0.9790176153182983,
            "1": 0.5227379202842712
        },
        "1": {
            "0": 0.9071068167686462,
            "1": 0.8485502004623413
        }
    }
}