{
    "confidence_score": 0.8938843011856079,
    "ptm": 0.937929630279541,
    "iptm": 0.8543225526809692,
    "ligand_iptm": 0.8543225526809692,
    "protein_iptm": 0.0,
    "complex_plddt": 0.9037746787071228,
    "complex_iplddt": 0.8057602643966675,
    "complex_pde": 0.45396867394447327,
    "complex_ipde": 0.7659001350402832,
    "chains_ptm": {
        "0": 0.9690438508987427,
        "1": 0.7781711220741272
    },
    "pair_chains_iptm": {
        "0": {
            "0": 0.9690438508987427,
            "1": 0.5280581116676331
        },
        "1": {
            "0": 0.8543225526809692,
            "1": 0.7781711220741272
        }
    }
}