{
    "affinity_pred_value": 1.5762029886245728,
    "affinity_probability_binary": 0.2750931680202484,
    "affinity_pred_value1": 1.6686986684799194,
    "affinity_probability_binary1": 0.24292685091495514,
    "affinity_pred_value2": 1.483707308769226,
    "affinity_probability_binary2": 0.3072594702243805
}