{
    "confidence_score": 0.8726155161857605,
    "ptm": 0.9206000566482544,
    "iptm": 0.7931954264640808,
    "ligand_iptm": 0.7931954264640808,
    "protein_iptm": 0.0,
    "complex_plddt": 0.8924705386161804,
    "complex_iplddt": 0.7478396892547607,
    "complex_pde": 0.5409054160118103,
    "complex_ipde": 1.338330864906311,
    "chains_ptm": {
        "0": 0.9470119476318359,
        "1": 0.8852946162223816
    },
    "pair_chains_iptm": {
        "0": {
            "0": 0.9470119476318359,
            "1": 0.43625834584236145
        },
        "1": {
            "0": 0.7931954264640808,
            "1": 0.8852946162223816
        }
    }
}