{
    "confidence_score": 0.9166449904441833,
    "ptm": 0.9625355005264282,
    "iptm": 0.9637976288795471,
    "ligand_iptm": 0.9637976288795471,
    "protein_iptm": 0.0,
    "complex_plddt": 0.9048567414283752,
    "complex_iplddt": 0.8405221700668335,
    "complex_pde": 0.32325080037117004,
    "complex_ipde": 0.4363447427749634,
    "chains_ptm": {
        "0": 0.9629676342010498,
        "1": 0.9257928133010864
    },
    "pair_chains_iptm": {
        "0": {
            "0": 0.9629676342010498,
            "1": 0.7106232047080994
        },
        "1": {
            "0": 0.9637976288795471,
            "1": 0.9257928133010864
        }
    }
}