{
    "affinity_pred_value": 1.9699084758758545,
    "affinity_probability_binary": 0.24644485116004944,
    "affinity_pred_value1": 1.969131350517273,
    "affinity_probability_binary1": 0.16910569369792938,
    "affinity_pred_value2": 1.9706857204437256,
    "affinity_probability_binary2": 0.3237840235233307
}