{
    "confidence_score": 0.9422026872634888,
    "ptm": 0.9573508501052856,
    "iptm": 0.9438482522964478,
    "ligand_iptm": 0.9438482522964478,
    "protein_iptm": 0.0,
    "complex_plddt": 0.9417912364006042,
    "complex_iplddt": 0.8976320624351501,
    "complex_pde": 0.34826019406318665,
    "complex_ipde": 0.5521013140678406,
    "chains_ptm": {
        "0": 0.9597151279449463,
        "1": 0.9391440749168396
    },
    "pair_chains_iptm": {
        "0": {
            "0": 0.9597151279449463,
            "1": 0.6535394787788391
        },
        "1": {
            "0": 0.9438482522964478,
            "1": 0.9391440749168396
        }
    }
}