{
    "affinity_pred_value": 1.5632070302963257,
    "affinity_probability_binary": 0.12989775836467743,
    "affinity_pred_value1": 1.2949274778366089,
    "affinity_probability_binary1": 0.0875961109995842,
    "affinity_pred_value2": 1.8314865827560425,
    "affinity_probability_binary2": 0.17219941318035126
}