{
    "confidence_score": 0.7880866527557373,
    "ptm": 0.8730834126472473,
    "iptm": 0.7540069222450256,
    "ligand_iptm": 0.7540069222450256,
    "protein_iptm": 0.0,
    "complex_plddt": 0.7966066002845764,
    "complex_iplddt": 0.649734616279602,
    "complex_pde": 0.8160467743873596,
    "complex_ipde": 1.608001708984375,
    "chains_ptm": {
        "0": 0.9051539301872253,
        "1": 0.7439779043197632
    },
    "pair_chains_iptm": {
        "0": {
            "0": 0.9051539301872253,
            "1": 0.35920417308807373
        },
        "1": {
            "0": 0.7540069222450256,
            "1": 0.7439779043197632
        }
    }
}