{
    "affinity_pred_value": 0.7968167066574097,
    "affinity_probability_binary": 0.3383757174015045,
    "affinity_pred_value1": -0.0024891793727874756,
    "affinity_probability_binary1": 0.4062955975532532,
    "affinity_pred_value2": 1.5961226224899292,
    "affinity_probability_binary2": 0.27045583724975586
}