{
    "confidence_score": 0.8426950573921204,
    "ptm": 0.9045075178146362,
    "iptm": 0.7827277183532715,
    "ligand_iptm": 0.7827277183532715,
    "protein_iptm": 0.0,
    "complex_plddt": 0.8576869368553162,
    "complex_iplddt": 0.7218664288520813,
    "complex_pde": 0.5321053266525269,
    "complex_ipde": 0.9828730821609497,
    "chains_ptm": {
        "0": 0.9607400894165039,
        "1": 0.7842158675193787
    },
    "pair_chains_iptm": {
        "0": {
            "0": 0.9607400894165039,
            "1": 0.544403076171875
        },
        "1": {
            "0": 0.7827277183532715,
            "1": 0.7842158675193787
        }
    }
}