{
    "confidence_score": 0.9365037083625793,
    "ptm": 0.9428863525390625,
    "iptm": 0.9584612250328064,
    "ligand_iptm": 0.9584612250328064,
    "protein_iptm": 0.0,
    "complex_plddt": 0.931014358997345,
    "complex_iplddt": 0.9136536121368408,
    "complex_pde": 0.37244364619255066,
    "complex_ipde": 0.6164507865905762,
    "chains_ptm": {
        "0": 0.9418095946311951,
        "1": 0.9167982935905457
    },
    "pair_chains_iptm": {
        "0": {
            "0": 0.9418095946311951,
            "1": 0.6875285506248474
        },
        "1": {
            "0": 0.9584612250328064,
            "1": 0.9167982935905457
        }
    }
}