{
    "confidence_score": 0.9230443239212036,
    "ptm": 0.9508070349693298,
    "iptm": 0.9463338255882263,
    "ligand_iptm": 0.9463338255882263,
    "protein_iptm": 0.0,
    "complex_plddt": 0.9172219038009644,
    "complex_iplddt": 0.8773151636123657,
    "complex_pde": 0.40123409032821655,
    "complex_ipde": 0.6212543249130249,
    "chains_ptm": {
        "0": 0.9557475447654724,
        "1": 0.9292945861816406
    },
    "pair_chains_iptm": {
        "0": {
            "0": 0.9557475447654724,
            "1": 0.7480876445770264
        },
        "1": {
            "0": 0.9463338255882263,
            "1": 0.9292945861816406
        }
    }
}