{
    "confidence_score": 0.8772165179252625,
    "ptm": 0.9253132343292236,
    "iptm": 0.8679306507110596,
    "ligand_iptm": 0.8679306507110596,
    "protein_iptm": 0.0,
    "complex_plddt": 0.8795379996299744,
    "complex_iplddt": 0.728938102722168,
    "complex_pde": 0.4466897249221802,
    "complex_ipde": 0.874485969543457,
    "chains_ptm": {
        "0": 0.9420396685600281,
        "1": 0.8962281346321106
    },
    "pair_chains_iptm": {
        "0": {
            "0": 0.9420396685600281,
            "1": 0.5663577318191528
        },
        "1": {
            "0": 0.8679306507110596,
            "1": 0.8962281346321106
        }
    }
}