{
    "confidence_score": 0.7732405066490173,
    "ptm": 0.8466237783432007,
    "iptm": 0.6841166615486145,
    "ligand_iptm": 0.6841166615486145,
    "protein_iptm": 0.0,
    "complex_plddt": 0.7955214977264404,
    "complex_iplddt": 0.6248525977134705,
    "complex_pde": 0.8876807689666748,
    "complex_ipde": 1.8740686178207397,
    "chains_ptm": {
        "0": 0.9182677865028381,
        "1": 0.6608136296272278
    },
    "pair_chains_iptm": {
        "0": {
            "0": 0.9182677865028381,
            "1": 0.36722227931022644
        },
        "1": {
            "0": 0.6841166615486145,
            "1": 0.6608136296272278
        }
    }
}