{
    "affinity_pred_value": 1.2259894609451294,
    "affinity_probability_binary": 0.2771264910697937,
    "affinity_pred_value1": 1.5818513631820679,
    "affinity_probability_binary1": 0.232418030500412,
    "affinity_pred_value2": 0.8701275587081909,
    "affinity_probability_binary2": 0.3218349814414978
}