{
    "confidence_score": 0.9401842355728149,
    "ptm": 0.9404209852218628,
    "iptm": 0.9253278970718384,
    "ligand_iptm": 0.9253278970718384,
    "protein_iptm": 0.0,
    "complex_plddt": 0.9438983201980591,
    "complex_iplddt": 0.9187032580375671,
    "complex_pde": 0.388860821723938,
    "complex_ipde": 0.54197096824646,
    "chains_ptm": {
        "0": 0.9462679028511047,
        "1": 0.8472930192947388
    },
    "pair_chains_iptm": {
        "0": {
            "0": 0.9462679028511047,
            "1": 0.6181868314743042
        },
        "1": {
            "0": 0.9253278970718384,
            "1": 0.8472930192947388
        }
    }
}