{
    "confidence_score": 0.9520177841186523,
    "ptm": 0.9417797923088074,
    "iptm": 0.9024865031242371,
    "ligand_iptm": 0.9024865031242371,
    "protein_iptm": 0.0,
    "complex_plddt": 0.9644006490707397,
    "complex_iplddt": 0.9306343793869019,
    "complex_pde": 0.3831045925617218,
    "complex_ipde": 0.7466261386871338,
    "chains_ptm": {
        "0": 0.9490060210227966,
        "1": 0.9193657636642456
    },
    "pair_chains_iptm": {
        "0": {
            "0": 0.9490060210227966,
            "1": 0.5507786870002747
        },
        "1": {
            "0": 0.9024865031242371,
            "1": 0.9193657636642456
        }
    }
}