{
    "affinity_pred_value": 0.7496322989463806,
    "affinity_probability_binary": 0.16042761504650116,
    "affinity_pred_value1": 0.37620413303375244,
    "affinity_probability_binary1": 0.07184123247861862,
    "affinity_pred_value2": 1.1230604648590088,
    "affinity_probability_binary2": 0.2490139901638031
}