{
    "confidence_score": 0.9264959692955017,
    "ptm": 0.9232041835784912,
    "iptm": 0.8084698915481567,
    "ligand_iptm": 0.8084698915481567,
    "protein_iptm": 0.0,
    "complex_plddt": 0.956002414226532,
    "complex_iplddt": 0.9269752502441406,
    "complex_pde": 0.6044143438339233,
    "complex_ipde": 1.642943263053894,
    "chains_ptm": {
        "0": 0.9577537775039673,
        "1": 0.7848860621452332
    },
    "pair_chains_iptm": {
        "0": {
            "0": 0.9577537775039673,
            "1": 0.4847053587436676
        },
        "1": {
            "0": 0.8084698915481567,
            "1": 0.7848860621452332
        }
    }
}