{
    "affinity_pred_value": 0.9971107840538025,
    "affinity_probability_binary": 0.12223078310489655,
    "affinity_pred_value1": 0.4358150064945221,
    "affinity_probability_binary1": 0.0846933051943779,
    "affinity_pred_value2": 1.5584065914154053,
    "affinity_probability_binary2": 0.1597682684659958
}