{
    "affinity_pred_value": 0.20705567300319672,
    "affinity_probability_binary": 0.23592817783355713,
    "affinity_pred_value1": 0.6520447731018066,
    "affinity_probability_binary1": 0.15129248797893524,
    "affinity_pred_value2": -0.2379334270954132,
    "affinity_probability_binary2": 0.3205638527870178
}