{
    "confidence_score": 0.933903157711029,
    "ptm": 0.973956286907196,
    "iptm": 0.9035707712173462,
    "ligand_iptm": 0.9035707712173462,
    "protein_iptm": 0.0,
    "complex_plddt": 0.9414861798286438,
    "complex_iplddt": 0.858549177646637,
    "complex_pde": 0.42036667466163635,
    "complex_ipde": 1.1366924047470093,
    "chains_ptm": {
        "0": 0.981016218662262,
        "1": 0.8783370852470398
    },
    "pair_chains_iptm": {
        "0": {
            "0": 0.981016218662262,
            "1": 0.617570698261261
        },
        "1": {
            "0": 0.9035707712173462,
            "1": 0.8783370852470398
        }
    }
}