{
    "affinity_pred_value": 1.7373243570327759,
    "affinity_probability_binary": 0.17513661086559296,
    "affinity_pred_value1": 1.7748932838439941,
    "affinity_probability_binary1": 0.15037189424037933,
    "affinity_pred_value2": 1.6997554302215576,
    "affinity_probability_binary2": 0.19990132749080658
}