{
    "confidence_score": 0.9041647911071777,
    "ptm": 0.9146511554718018,
    "iptm": 0.8701028823852539,
    "ligand_iptm": 0.8701028823852539,
    "protein_iptm": 0.0,
    "complex_plddt": 0.9126802682876587,
    "complex_iplddt": 0.7870035171508789,
    "complex_pde": 0.42319056391716003,
    "complex_ipde": 0.8243576288223267,
    "chains_ptm": {
        "0": 0.9335269927978516,
        "1": 0.9105324149131775
    },
    "pair_chains_iptm": {
        "0": {
            "0": 0.9335269927978516,
            "1": 0.5080448985099792
        },
        "1": {
            "0": 0.8701028823852539,
            "1": 0.9105324149131775
        }
    }
}