{
    "confidence_score": 0.815008819103241,
    "ptm": 0.9583325982093811,
    "iptm": 0.9172727465629578,
    "ligand_iptm": 0.9172727465629578,
    "protein_iptm": 0.0,
    "complex_plddt": 0.7894428968429565,
    "complex_iplddt": 0.617379903793335,
    "complex_pde": 0.37192103266716003,
    "complex_ipde": 0.6243977546691895,
    "chains_ptm": {
        "0": 0.9789847135543823,
        "1": 0.8823533058166504
    },
    "pair_chains_iptm": {
        "0": {
            "0": 0.9789847135543823,
            "1": 0.6242838501930237
        },
        "1": {
            "0": 0.9172727465629578,
            "1": 0.8823533058166504
        }
    }
}