{
    "affinity_pred_value": 0.9392194747924805,
    "affinity_probability_binary": 0.14063867926597595,
    "affinity_pred_value1": 0.3846862018108368,
    "affinity_probability_binary1": 0.05967049300670624,
    "affinity_pred_value2": 1.4937527179718018,
    "affinity_probability_binary2": 0.22160685062408447
}