{
    "confidence_score": 0.9015647768974304,
    "ptm": 0.9591320753097534,
    "iptm": 0.9327876567840576,
    "ligand_iptm": 0.9327876567840576,
    "protein_iptm": 0.0,
    "complex_plddt": 0.89375901222229,
    "complex_iplddt": 0.7990376949310303,
    "complex_pde": 0.38369396328926086,
    "complex_ipde": 0.677147388458252,
    "chains_ptm": {
        "0": 0.9709432125091553,
        "1": 0.9142836928367615
    },
    "pair_chains_iptm": {
        "0": {
            "0": 0.9709432125091553,
            "1": 0.7671400308609009
        },
        "1": {
            "0": 0.9327876567840576,
            "1": 0.9142836928367615
        }
    }
}