{
    "affinity_pred_value": 1.3695337772369385,
    "affinity_probability_binary": 0.23798279464244843,
    "affinity_pred_value1": 1.596082329750061,
    "affinity_probability_binary1": 0.2913772761821747,
    "affinity_pred_value2": 1.1429853439331055,
    "affinity_probability_binary2": 0.18458831310272217
}