{
    "confidence_score": 0.9376433491706848,
    "ptm": 0.929871678352356,
    "iptm": 0.9160438179969788,
    "ligand_iptm": 0.9160438179969788,
    "protein_iptm": 0.0,
    "complex_plddt": 0.9430431723594666,
    "complex_iplddt": 0.9113289713859558,
    "complex_pde": 0.3995896279811859,
    "complex_ipde": 0.6558635830879211,
    "chains_ptm": {
        "0": 0.9355282783508301,
        "1": 0.905756413936615
    },
    "pair_chains_iptm": {
        "0": {
            "0": 0.9355282783508301,
            "1": 0.6756913661956787
        },
        "1": {
            "0": 0.9160438179969788,
            "1": 0.905756413936615
        }
    }
}