{
    "confidence_score": 0.9436454772949219,
    "ptm": 0.9545668959617615,
    "iptm": 0.9127060770988464,
    "ligand_iptm": 0.9127060770988464,
    "protein_iptm": 0.0,
    "complex_plddt": 0.9513803124427795,
    "complex_iplddt": 0.8934186697006226,
    "complex_pde": 0.37428468465805054,
    "complex_ipde": 0.725989818572998,
    "chains_ptm": {
        "0": 0.9620956182479858,
        "1": 0.9058564305305481
    },
    "pair_chains_iptm": {
        "0": {
            "0": 0.9620956182479858,
            "1": 0.6045089364051819
        },
        "1": {
            "0": 0.9127060770988464,
            "1": 0.9058564305305481
        }
    }
}