{
    "affinity_pred_value": 1.1165084838867188,
    "affinity_probability_binary": 0.2945798933506012,
    "affinity_pred_value1": 1.1492520570755005,
    "affinity_probability_binary1": 0.26491579413414,
    "affinity_pred_value2": 1.0837647914886475,
    "affinity_probability_binary2": 0.3242439925670624
}