{
    "confidence_score": 0.8873487710952759,
    "ptm": 0.9606453776359558,
    "iptm": 0.917000949382782,
    "ligand_iptm": 0.917000949382782,
    "protein_iptm": 0.0,
    "complex_plddt": 0.8799356818199158,
    "complex_iplddt": 0.7494701743125916,
    "complex_pde": 0.3495180308818817,
    "complex_ipde": 0.6185534000396729,
    "chains_ptm": {
        "0": 0.9725887179374695,
        "1": 0.8669487833976746
    },
    "pair_chains_iptm": {
        "0": {
            "0": 0.9725887179374695,
            "1": 0.5996791124343872
        },
        "1": {
            "0": 0.917000949382782,
            "1": 0.8669487833976746
        }
    }
}