{
    "affinity_pred_value": 0.9850679636001587,
    "affinity_probability_binary": 0.11596950888633728,
    "affinity_pred_value1": 0.7385817170143127,
    "affinity_probability_binary1": 0.04146117344498634,
    "affinity_pred_value2": 1.2315541505813599,
    "affinity_probability_binary2": 0.19047784805297852
}