{
    "confidence_score": 0.7910465598106384,
    "ptm": 0.8355094194412231,
    "iptm": 0.5386226773262024,
    "ligand_iptm": 0.5386226773262024,
    "protein_iptm": 0.0,
    "complex_plddt": 0.854152500629425,
    "complex_iplddt": 0.7017084360122681,
    "complex_pde": 0.994317889213562,
    "complex_ipde": 4.174120903015137,
    "chains_ptm": {
        "0": 0.9181998372077942,
        "1": 0.6298850178718567
    },
    "pair_chains_iptm": {
        "0": {
            "0": 0.9181998372077942,
            "1": 0.21153387427330017
        },
        "1": {
            "0": 0.5386226773262024,
            "1": 0.6298850178718567
        }
    }
}