{
    "affinity_pred_value": 1.833922266960144,
    "affinity_probability_binary": 0.14632698893547058,
    "affinity_pred_value1": 2.15269136428833,
    "affinity_probability_binary1": 0.11826302111148834,
    "affinity_pred_value2": 1.515153169631958,
    "affinity_probability_binary2": 0.174390971660614
}