{
    "affinity_pred_value": 1.5065207481384277,
    "affinity_probability_binary": 0.14715738594532013,
    "affinity_pred_value1": 1.9247280359268188,
    "affinity_probability_binary1": 0.07068290561437607,
    "affinity_pred_value2": 1.088313341140747,
    "affinity_probability_binary2": 0.2236318737268448
}