{
    "confidence_score": 0.8467411398887634,
    "ptm": 0.9568240642547607,
    "iptm": 0.9222355484962463,
    "ligand_iptm": 0.9222355484962463,
    "protein_iptm": 0.0,
    "complex_plddt": 0.8278675079345703,
    "complex_iplddt": 0.6472816467285156,
    "complex_pde": 0.4376520812511444,
    "complex_ipde": 0.7509192824363708,
    "chains_ptm": {
        "0": 0.9671502709388733,
        "1": 0.8697526454925537
    },
    "pair_chains_iptm": {
        "0": {
            "0": 0.9671502709388733,
            "1": 0.6420305967330933
        },
        "1": {
            "0": 0.9222355484962463,
            "1": 0.8697526454925537
        }
    }
}